playerId,playerName,position,positionGroup,team,age,gp_proj,injury_risk,proj_goals,proj_assists,proj_shots,proj_hits,proj_blocks,rate_goals,rate_assists,rate_shots,rate_hits,rate_blocks,ageMult_scoring,ageMult_physical,toiHist,toiProj,toiMult,shPct_last,shPct_proj,shPct_flag,fantasyPoints_default,fppg_default,vorp_default,vorpPG_default,replacement_baseline,replacement_fppg,tier_default,fppg_y1,fppg_y2,fppg_y3,fppg_delta_y2_y1,fppg_delta_y3_y2,gp_y1,gp_y2,gp_y3,toi_y1,toi_y2,toi_y3,toi_trend,slope_per60,role_volatility,trend_label,confidence,seasonsPlayed,careerGP
8477492,Nathan MacKinnon,C,F,COL,31.42,78.1,False,39.96,71.57,314.45,47.88,45.75,0.51144,0.91616,4.02496,0.61281,0.58566,0.9294,0.9294,22.57,22.32,0.9888,15.14,12.65,negative regression,260.03,3.328,133.39,1.508,126.64,1.82,S++,4.041,3.366,3.682,-0.675,0.316,82,79,80,22.81,22.78,22.26,-0.276,-0.3528,0.2282,Stable,High,3,241
8478402,Connor McDavid,C,F,EDM,30.05,74.6,False,35.21,85.11,254.94,59.33,28.13,0.47187,1.1405,3.41632,0.79505,0.37693,0.9715,0.9715,22.29,23.04,1.0334,15.69,13.55,negative regression,258.04,3.458,131.4,1.638,126.64,1.82,S++,3.825,3.085,3.602,-0.74,0.517,76,67,82,21.36,22.03,22.98,0.813,-0.6705,0.4272,Volatile,High,3,225
8477956,David Pastrnak,R,F,BOS,30.69,77.9,False,35.84,61.75,290.96,68.74,24.72,0.45983,0.79231,3.73326,0.88202,0.31724,0.9516,0.9516,20.31,20.64,1.0164,11.11,12.42,neutral,230.35,2.956,103.71,1.136,126.64,1.82,S++,3.249,3.029,3.014,-0.22,-0.015,82,82,77,19.93,20.19,20.66,0.363,-0.5143,0.2032,Stable,High,3,241
8481542,Moritz Seider,D,D,DET,25.82,79.5,False,9.98,45.15,180.12,192.23,205.02,0.12551,0.56799,2.26564,2.41795,2.57887,1.061,1.061,24.64,26.16,1.0615,5.35,5.62,neutral,224.91,2.829,103.83,1.115,121.08,1.714,S++,2.49,2.476,2.581,-0.014,0.105,82,82,82,22.36,25.07,25.67,1.653,-0.3234,0.1959,Stable,High,3,246
8480069,Cale Makar,D,D,COL,28.26,75.9,False,21.73,61.59,221.01,41.19,128.62,0.2864,0.81168,2.91277,0.54291,1.69522,1.0151,1.0151,25.13,25.16,1.0014,10.05,9.2,neutral,222.25,2.929,101.17,1.215,121.08,1.714,S++,3.108,3.061,2.755,-0.047,-0.306,77,80,75,24.77,25.72,24.85,0.039,-0.4381,0.116,Stable,High,3,232
8476453,Nikita Kucherov,R,F,TBL,33.63,76.4,False,32.21,70.71,209.8,27.84,25.8,0.42137,0.92506,2.74466,0.36428,0.33749,0.8489,0.8489,20.97,20.36,0.9708,19.05,14.88,negative regression,216.55,2.833,89.91,1.013,126.64,1.82,S++,3.767,3.281,3.539,-0.486,0.258,81,78,76,21.67,21.19,20.34,-0.667,0.0061,0.1352,Stable,High,3,235
8484801,Macklin Celebrini,C,F,SJS,20.64,61.1,False,34.42,54.01,258.08,45.73,52.04,0.56308,0.88363,4.22224,0.74817,0.85139,1.1568,1.1568,20.7,22.1,1.0677,15.68,13.14,negative regression,215.93,3.533,89.29,1.713,126.64,1.82,S++,,2.405,3.259,,0.854,0,70,82,,19.79,21.32,1.528,1.8798,0.0895,Rising,Medium,2,152
8480803,Evan Bouchard,D,D,EDM,27.29,79.3,False,17.51,65.77,231.46,41.92,107.93,0.2208,0.82927,2.91827,0.5286,1.3608,1.0318,1.0318,23.85,24.62,1.0323,9.5,7.26,negative regression,214.56,2.705,93.48,0.991,121.08,1.714,S++,2.666,2.277,2.772,-0.389,0.495,81,82,82,23.0,23.46,24.68,0.841,-0.1082,0.2643,Volatile,High,3,245
8480027,Jason Robertson,L,F,DAL,27.53,79.5,False,37.31,49.77,255.75,61.13,37.92,0.46936,0.62604,3.21699,0.76893,0.47701,1.0111,1.0111,18.95,19.83,1.0466,15.31,14.26,neutral,213.14,2.681,86.5,0.861,126.64,1.82,S++,2.383,2.401,2.83,0.018,0.429,82,82,82,18.32,17.79,20.25,0.964,0.2916,0.2141,Rising,High,3,246
8479318,Auston Matthews,C,F,TOR,29.38,68.7,False,38.89,34.79,270.14,54.74,85.71,0.56616,0.50644,3.93288,0.79693,1.24788,0.9823,0.9823,20.74,20.67,0.9964,11.89,14.51,positive regression,211.42,3.078,84.78,1.258,126.64,1.82,S++,3.712,3.176,2.73,-0.536,-0.446,81,67,60,20.97,20.47,20.8,-0.081,-1.3752,0.153,Stable,High,3,208
8482740,Wyatt Johnston,C,F,DAL,23.72,79.5,False,40.02,42.7,233.6,58.55,55.5,0.50337,0.53717,2.93834,0.73649,0.69805,1.0854,1.0854,18.94,20.37,1.0755,21.84,16.2,negative regression,210.27,2.645,83.63,0.825,126.64,1.82,S++,2.085,2.18,2.596,0.095,0.416,82,82,82,17.0,18.93,20.12,1.561,0.1902,0.0746,Rising,High,3,246
8481557,Matt Boldy,L,F,MIN,25.83,76.3,False,34.89,45.39,266.47,54.02,58.34,0.45725,0.59482,3.49181,0.70781,0.76443,1.0404,1.0404,20.07,20.83,1.0379,16.54,12.93,negative regression,209.07,2.74,82.43,0.92,126.64,1.82,S++,2.265,2.417,2.88,0.152,0.463,75,82,76,18.91,20.29,20.57,0.829,0.6083,0.2196,Rising,High,3,233
8478460,Zach Werenski,D,D,CBJ,29.54,74.8,False,18.89,56.1,261.29,25.67,117.9,0.25251,0.74991,3.49263,0.34308,1.57589,0.9954,0.9977,26.16,27.15,1.0379,8.46,6.95,neutral,207.53,2.774,86.45,1.06,121.08,1.714,S+,2.449,2.825,2.805,0.376,-0.02,70,81,75,24.45,26.75,26.61,1.082,0.158,0.2034,Rising,High,3,226
8480039,Martin Necas,C,F,COL,28.05,76.6,False,31.75,55.19,223.67,81.46,28.45,0.41474,0.72079,2.9214,1.06391,0.37159,1.0032,1.0032,19.63,21.53,1.0967,18.45,13.69,negative regression,206.09,2.692,79.45,0.872,126.64,1.82,S+,1.979,2.374,2.897,0.395,0.523,77,79,78,17.36,19.0,21.5,2.071,0.6222,0.1689,Rising,High,3,234
8477934,Leon Draisaitl,C,F,EDM,31.27,71.2,False,37.75,56.52,201.04,35.15,20.91,0.52981,0.79332,2.82161,0.49331,0.29341,0.9339,0.9339,21.3,21.71,1.0189,18.82,17.87,neutral,204.79,2.874,78.15,1.054,126.64,1.82,S+,2.873,3.311,3.122,0.438,-0.189,81,71,65,20.7,21.52,21.57,0.44,0.1761,0.2617,Volatile,High,3,217
8480018,Nick Suzuki,C,F,MTL,27.48,79.5,False,28.22,58.23,174.24,62.53,59.59,0.35495,0.73242,2.19175,0.78658,0.74955,1.0118,1.0118,20.68,20.48,0.9902,15.85,15.64,neutral,203.28,2.557,76.64,0.737,126.64,1.82,S,2.321,2.582,2.775,0.261,0.193,82,82,82,21.26,20.06,20.82,-0.221,0.7233,0.1073,Stable,High,3,246
8478403,Jack Eichel,C,F,VGK,30.26,72.2,False,28.0,55.48,248.29,28.35,49.06,0.38782,0.76849,3.43954,0.3927,0.67962,0.9649,0.9649,20.82,21.13,1.015,10.38,11.52,neutral,199.29,2.761,72.65,0.941,126.64,1.82,S+,2.948,2.774,2.818,-0.174,0.044,63,77,74,20.52,20.53,21.2,0.341,-0.3236,0.2187,Stable,High,3,214
8480839,Rasmus Dahlin,D,D,BUF,26.8,75.5,False,17.34,49.12,205.19,110.27,104.3,0.22964,0.65059,2.71775,1.46059,1.3814,1.041,1.041,24.53,23.96,0.9769,9.79,7.99,neutral,197.69,2.618,76.61,0.904,121.08,1.714,S+,2.798,2.671,2.476,-0.127,-0.195,81,73,77,25.42,24.24,24.19,-0.618,-0.2309,0.3096,Declining,High,3,231
8482116,Tim Stützle,C,F,OTT,25.05,77.6,False,25.8,51.76,184.38,122.03,44.07,0.33266,0.66739,2.37724,1.57334,0.56816,1.056,1.056,20.31,19.92,0.9808,17.53,13.48,negative regression,196.74,2.537,70.1,0.717,126.64,1.82,S,2.362,2.397,2.64,0.035,0.243,75,82,80,21.12,19.81,20.27,-0.425,0.5524,0.0648,Stable,High,3,237
8478398,Kyle Connor,L,F,WPG,30.15,76.3,False,36.96,46.42,253.74,25.78,27.76,0.48434,0.60829,3.32495,0.3378,0.36383,0.9684,0.9684,20.74,21.56,1.0394,14.23,14.39,neutral,196.49,2.575,69.85,0.755,126.64,1.82,S,2.325,2.76,2.591,0.435,-0.169,65,82,82,19.73,20.39,21.51,0.89,0.0786,0.343,Rising,High,3,229
8480800,Quinn Hughes,D,D,MIN,27.3,73.5,False,13.37,71.71,205.48,16.3,78.4,0.18196,0.97567,2.79567,0.2217,1.0666,1.0316,1.0316,26.28,27.68,1.0533,3.74,6.55,positive regression,195.84,2.664,74.76,0.95,121.08,1.714,S+,2.456,2.601,2.397,0.145,-0.204,82,68,74,24.68,25.73,27.74,1.527,-0.3921,0.3581,Volatile,High,3,224
8480801,Brady Tkachuk,L,F,FLA,27.38,69.9,False,27.68,31.93,268.46,208.54,26.58,0.39578,0.45661,3.83864,2.98185,0.38008,1.0133,1.0133,18.04,17.04,0.9446,9.95,10.64,neutral,194.54,2.782,67.9,0.962,126.64,1.82,S+,3.133,2.758,2.862,-0.375,0.104,81,72,60,19.14,18.24,16.96,-1.091,0.1522,0.0958,Stable,High,3,213
8483515,Juraj Slafkovský,L,F,MTL,22.84,78.8,False,24.7,39.49,171.55,159.43,77.17,0.31364,0.50144,2.17843,2.02452,0.97989,1.106,1.106,18.0,18.27,1.0153,16.67,13.93,negative regression,193.26,2.454,66.62,0.634,126.64,1.82,S,1.988,2.101,2.437,0.113,0.336,82,79,82,17.94,17.35,18.54,0.3,0.6175,0.1671,Stable,High,3,243
8476887,Filip Forsberg,L,F,NSH,32.47,79.5,False,33.13,35.44,244.58,119.11,36.6,0.41667,0.44582,3.07651,1.49823,0.46043,0.8974,0.8974,18.81,18.8,0.9996,16.26,13.4,negative regression,192.73,2.424,66.09,0.604,126.64,1.82,S,3.179,2.684,2.509,-0.495,-0.175,82,82,82,18.91,18.63,18.89,-0.009,-1.0586,0.1361,Stable,High,3,246
8484144,Connor Bedard,C,F,CHI,21.54,72.8,False,29.55,49.58,243.37,49.38,35.31,0.40577,0.68097,3.34244,0.67816,0.48497,1.138,1.138,20.4,20.89,1.0244,13.27,12.15,neutral,192.21,2.64,65.57,0.82,126.64,1.82,S+,2.26,1.995,2.566,-0.265,0.571,68,82,69,19.78,20.29,20.87,0.542,0.2625,0.1637,Rising,High,3,219
8479420,Tage Thompson,C,F,BUF,29.26,75.6,False,37.01,32.79,252.71,78.26,37.42,0.48943,0.4336,3.34168,1.03482,0.49485,0.9841,0.9841,18.82,19.34,1.0274,14.71,14.31,neutral,189.87,2.511,63.23,0.691,126.64,1.82,S,2.273,2.515,2.668,0.242,0.153,71,76,81,18.12,18.76,19.24,0.563,0.3962,0.1275,Rising,High,3,228
8482157,Will Cuylle,L,F,NYR,24.99,79.3,False,21.49,21.19,171.97,338.41,60.66,0.27091,0.26718,2.16826,4.26679,0.76485,1.0572,1.0572,14.84,17.07,1.15,12.74,12.47,neutral,189.47,2.389,62.83,0.569,126.64,1.82,S,1.417,2.171,2.131,0.754,-0.04,81,82,82,11.13,15.08,16.86,2.865,-0.0272,0.1536,Stable,High,3,245
8479542,Brandon Hagel,L,F,TBL,28.43,76.1,False,31.52,45.51,208.3,50.83,46.6,0.4144,0.59837,2.7386,0.66831,0.61269,0.9971,0.9971,19.97,20.2,1.0116,16.82,14.68,negative regression,189.03,2.485,62.39,0.665,126.64,1.82,S,2.193,2.677,2.575,0.484,-0.102,82,82,71,19.26,20.74,19.76,0.252,0.4918,0.0933,Stable,High,3,235
8478864,Kirill Kaprizov,L,F,MIN,29.77,66.7,True,37.35,41.23,231.31,41.76,26.89,0.56008,0.61826,3.46858,0.62625,0.4032,0.9765,0.9765,22.05,22.31,1.0118,16.73,15.68,neutral,189.01,2.834,62.37,1.014,126.64,1.82,S+,3.105,3.107,2.772,0.002,-0.335,75,41,78,21.58,22.47,22.15,0.285,-0.562,0.2153,Stable,Medium,3,194
8482720,Matthew Knies,L,F,TOR,24.29,77.2,False,25.91,38.57,163.98,197.21,41.14,0.33566,0.49964,2.12438,2.555,0.53292,1.0726,1.0726,17.4,19.75,1.1347,16.43,15.0,neutral,188.1,2.437,61.46,0.617,126.64,1.82,S,1.519,2.244,2.191,0.725,-0.053,80,78,79,13.68,18.52,18.79,2.557,0.1655,0.1419,Rising,High,3,237
8482093,Seth Jarvis,R,F,CAR,25.0,73.6,False,32.94,35.86,215.06,98.39,43.39,0.44744,0.48702,2.92106,1.33641,0.5894,1.057,1.057,19.0,19.06,1.0031,14.29,15.06,neutral,186.8,2.537,60.16,0.717,126.64,1.82,S,2.279,2.514,2.454,0.235,-0.06,81,73,71,18.75,19.36,18.88,0.065,0.2533,0.1651,Stable,High,3,225
8481559,Jack Hughes,C,F,NJD,25.72,64.2,False,29.48,50.54,260.24,7.93,31.78,0.45929,0.78738,4.05443,0.1235,0.49518,1.0426,1.0426,21.09,21.25,1.0074,11.84,11.48,neutral,186.52,2.906,59.88,1.086,126.64,1.82,S+,2.839,2.652,2.872,-0.187,0.22,62,62,61,20.97,20.9,21.32,0.171,-0.0181,0.2331,Stable,High,3,185
8481540,Cole Caufield,R,F,MTL,26.08,79.2,False,37.41,34.53,257.7,55.71,24.09,0.47244,0.43604,3.25426,0.70358,0.30425,1.0356,1.0356,18.46,17.89,0.9693,19.77,13.9,negative regression,184.85,2.334,58.21,0.514,126.64,1.82,S,2.165,2.238,2.636,0.073,0.398,82,82,81,19.42,18.08,18.18,-0.618,1.0058,0.1618,Stable,High,3,245
8479337,Alex DeBrincat,R,F,DET,29.12,79.5,False,34.76,37.26,251.2,42.52,36.61,0.43724,0.46874,3.1598,0.53483,0.46047,0.9862,0.9862,18.14,18.42,1.0154,14.29,13.61,neutral,184.41,2.32,57.77,0.5,126.64,1.82,S,2.134,2.207,2.589,0.073,0.382,82,82,82,17.89,17.87,18.5,0.304,0.62,0.1813,Stable,High,3,246
8477960,Adrian Kempe,R,F,LAK,30.39,78.0,False,30.75,37.34,220.7,107.87,34.31,0.39425,0.47877,2.8295,1.38291,0.43983,0.9609,0.9609,19.17,19.34,1.0089,15.93,13.62,negative regression,184.21,2.362,57.57,0.542,126.64,1.82,S,2.558,2.409,2.475,-0.149,0.066,77,81,81,18.93,19.16,19.31,0.186,-0.2083,0.0741,Stable,High,3,239
8477933,Sam Reinhart,C,F,FLA,31.24,73.1,False,35.44,34.46,187.66,74.62,51.03,0.48469,0.47122,2.56634,1.02049,0.6978,0.9348,0.9348,20.73,21.18,1.0218,17.47,18.16,neutral,183.51,2.509,56.87,0.689,126.64,1.82,S,2.965,2.725,2.448,-0.24,-0.277,82,79,64,20.3,20.5,21.29,0.493,-0.9315,0.1501,Stable,High,3,225
8482078,Lucas Raymond,L,F,DET,24.85,78.9,False,27.97,51.44,186.46,52.41,31.99,0.35462,0.65218,2.36402,0.66442,0.4056,1.0603,1.0603,18.53,19.01,1.0259,14.45,14.73,neutral,182.75,2.317,56.11,0.497,126.64,1.82,S,2.088,2.227,2.14,0.139,-0.087,82,82,80,17.75,18.78,18.8,0.523,-0.113,0.1716,Stable,High,3,244
8479343,Clayton Keller,R,F,UTA,28.51,78.5,False,27.96,53.99,214.7,12.27,29.85,0.35619,0.68777,2.73507,0.15636,0.38031,0.9958,0.9958,19.14,19.06,0.9962,11.56,13.09,neutral,182.02,2.319,55.38,0.499,126.64,1.82,S,2.297,2.412,2.336,0.115,-0.076,78,81,82,19.25,19.12,19.09,-0.08,0.0906,0.2164,Stable,High,3,241
8484166,Adam Fantilli,C,F,CBJ,22.31,73.3,True,27.87,31.19,217.74,133.8,55.49,0.38016,0.4255,2.97005,1.82511,0.75694,1.1193,1.1193,17.84,19.31,1.082,11.21,12.8,neutral,181.38,2.474,54.74,0.654,126.64,1.82,S,1.737,2.041,2.174,0.304,0.133,49,82,82,15.71,17.48,18.9,1.596,0.1336,0.0707,Rising,Medium,3,213
8482105,Jake Sanderson,D,D,OTT,24.57,73.8,False,12.61,42.96,183.54,41.64,158.22,0.17097,0.58247,2.48866,0.56464,2.14541,1.0889,1.0889,24.27,25.01,1.0306,9.52,6.56,negative regression,180.89,2.453,59.81,0.739,121.08,1.714,S+,1.825,2.311,2.398,0.486,0.087,79,80,67,23.22,24.44,24.84,0.81,0.5383,0.1154,Rising,High,3,226
8478483,Mitch Marner,R,F,VGK,29.74,76.5,False,22.97,57.9,153.98,38.65,42.05,0.30024,0.75691,2.01276,0.50518,0.54972,0.9769,0.9769,20.72,20.11,0.9708,14.55,14.55,neutral,178.34,2.331,51.7,0.511,126.64,1.82,S,2.809,2.67,2.193,-0.139,-0.477,69,81,81,21.28,21.32,19.96,-0.66,-0.6645,0.2683,Declining,High,3,231
8479407,Jesper Bratt,L,F,NJD,28.51,79.2,False,21.93,53.5,186.46,75.82,30.84,0.27677,0.67512,2.35276,0.95672,0.38909,0.9958,0.9958,18.96,18.71,0.9869,12.36,11.87,neutral,178.05,2.247,51.41,0.427,126.64,1.82,S,2.438,2.511,2.041,0.073,-0.47,82,81,82,19.31,18.95,18.76,-0.272,-0.5248,0.1991,Stable,High,3,245
8478420,Mikko Rantanen,R,F,DAL,30.26,73.5,False,26.41,50.8,176.31,44.77,35.55,0.35937,0.69119,2.39879,0.60907,0.48371,0.9649,0.9649,21.31,20.06,0.9413,15.83,14.63,neutral,176.87,2.406,50.23,0.586,126.64,1.82,S,3.067,2.498,2.616,-0.569,0.118,80,82,64,22.91,21.25,20.18,-1.365,-0.1271,0.0967,Declining,High,3,226
8477346,MacKenzie Weegar,D,D,UTA,33.07,78.3,False,8.56,27.04,155.03,176.49,171.67,0.10933,0.34533,1.97968,2.25367,2.19216,0.9098,0.9549,23.15,22.94,0.9907,2.6,5.81,positive regression,176.33,2.252,55.25,0.538,121.08,1.714,S+,2.78,2.641,2.047,-0.139,-0.594,82,81,79,22.93,24.16,22.46,-0.234,-0.9032,0.0578,Stable,High,3,242
8478427,Sebastian Aho,C,F,CAR,29.52,77.1,False,28.08,47.73,195.04,55.85,23.23,0.36435,0.61936,2.5309,0.72468,0.30143,0.9802,0.9802,19.78,19.77,0.9996,13.85,14.24,neutral,176.3,2.288,49.66,0.468,126.64,1.82,S,2.562,2.264,2.322,-0.298,0.058,78,79,79,19.63,20.1,19.61,-0.008,-0.364,0.1491,Stable,High,3,236
8477939,William Nylander,R,F,TOR,30.75,74.2,False,33.04,44.02,211.05,17.42,25.27,0.44535,0.59342,2.84481,0.23476,0.34067,0.9497,0.9497,19.59,19.36,0.9883,19.23,15.03,negative regression,176.1,2.374,49.46,0.554,126.64,1.82,S,2.816,2.423,2.594,-0.393,0.171,82,82,65,19.91,19.51,19.42,-0.249,-0.2351,0.229,Stable,High,3,229
8480893,Kirill Marchenko,R,F,CBJ,26.53,76.1,False,28.95,38.09,222.39,62.07,41.97,0.38036,0.50042,2.92134,0.81543,0.55132,1.0275,1.0275,18.18,19.34,1.0637,12.39,12.97,neutral,175.51,2.306,48.87,0.486,126.64,1.82,S,1.642,2.302,2.275,0.66,-0.027,78,79,76,16.41,18.58,18.94,1.264,0.6014,0.0636,Rising,High,3,233
8480002,Nico Hischier,C,F,NJD,28.08,75.7,False,29.57,37.39,197.72,50.93,56.99,0.39065,0.49399,2.61235,0.67289,0.75297,1.0027,1.0027,20.33,20.89,1.0278,13.27,14.65,neutral,175.01,2.312,48.37,0.492,126.64,1.82,S,2.321,2.385,2.17,0.064,-0.215,71,75,82,19.48,20.39,20.72,0.617,-0.4317,0.0872,Stable,High,3,228
8482699,Dylan Guenther,R,F,UTA,23.81,68.6,True,32.88,32.66,224.5,60.65,35.96,0.47911,0.47589,3.27144,0.88373,0.52406,1.0834,1.0834,17.07,17.58,1.03,16.53,14.27,negative regression,173.14,2.523,46.5,0.703,126.64,1.82,S,2.099,2.277,2.39,0.178,0.113,45,70,79,16.28,17.0,17.4,0.559,0.2534,0.1313,Rising,Medium,3,194
8480865,Noah Dobson,D,D,MTL,27.07,75.6,False,10.29,38.04,170.07,64.61,161.4,0.1362,0.50338,2.25066,0.85505,2.13603,1.0357,1.0357,23.25,22.32,0.9601,7.59,5.94,neutral,172.56,2.284,51.48,0.57,121.08,1.714,S+,2.733,2.09,2.23,-0.643,0.14,79,71,80,24.51,23.27,22.48,-1.012,-0.3697,0.1196,Declining,High,3,230
8477404,Jake Guentzel,C,F,TBL,32.32,75.9,False,31.33,40.21,198.24,33.94,36.92,0.41294,0.53001,2.61274,0.44737,0.48652,0.9021,0.9021,20.11,20.21,1.0051,17.27,15.2,negative regression,172.43,2.273,45.79,0.453,126.64,1.82,S,2.77,2.461,2.545,-0.309,0.084,67,80,81,20.02,19.99,20.25,0.112,-0.3797,0.2398,Stable,High,3,228
8480748,Kiefer Sherwood,L,F,SJS,31.84,72.8,False,19.16,17.63,153.31,369.18,29.52,0.2634,0.24237,2.10735,5.07461,0.40571,0.9168,0.9168,15.23,17.52,1.15,13.37,12.42,neutral,171.94,2.363,45.3,0.543,126.64,1.82,S,1.713,2.481,2.356,0.768,-0.125,68,78,72,12.17,14.89,17.27,2.548,-0.1304,0.1094,Stable,High,3,218
8482077,Dylan Holloway,L,F,STL,25.36,62.8,True,23.93,31.69,177.97,166.08,47.19,0.38098,0.50449,2.83339,2.64406,0.75129,1.0498,1.0498,16.55,19.03,1.15,13.58,13.25,neutral,171.82,2.735,45.18,0.915,126.64,1.82,S+,1.263,2.399,2.575,1.136,0.176,38,77,59,11.37,16.82,18.25,3.442,0.9001,0.1734,Rising,Low,3,174
8477949,Alex Tuch,R,F,WSH,30.73,77.2,False,27.28,30.42,177.98,70.39,87.4,0.35316,0.39373,2.3039,0.91114,1.13144,0.9504,0.9504,19.21,18.97,0.9878,16.92,14.72,negative regression,171.55,2.221,44.91,0.401,126.64,1.82,S,2.285,2.464,2.439,0.179,-0.025,75,82,79,19.5,19.25,18.99,-0.255,0.3365,0.0875,Stable,High,3,236
8482155,Alex Laferriere,R,F,LAK,25.26,78.1,False,22.06,23.51,219.57,205.09,48.58,0.28262,0.30112,2.81278,2.62723,0.62237,1.0518,1.0518,16.45,18.79,1.1418,10.05,10.46,neutral,170.34,2.182,43.7,0.362,126.64,1.82,S,1.168,1.835,2.146,0.667,0.311,81,77,82,13.22,16.53,18.31,2.545,0.8664,0.1925,Rising,High,3,240
8478439,Travis Konecny,R,F,PHI,29.9,76.8,False,25.08,40.1,180.98,92.69,35.51,0.32655,0.52211,2.35619,1.20665,0.46231,0.9745,0.9745,19.8,19.46,0.9826,16.07,13.6,negative regression,168.44,2.193,41.8,0.373,126.64,1.82,S,2.425,2.289,2.281,-0.136,-0.008,76,82,77,19.84,20.6,19.09,-0.375,-0.083,0.1021,Stable,High,3,235
8476460,Mark Scheifele,C,F,WPG,33.88,78.0,False,26.64,46.15,143.74,45.12,41.54,0.34151,0.5917,1.8428,0.57846,0.53254,0.8361,0.8361,20.84,21.44,1.029,20.57,17.31,negative regression,167.63,2.149,40.99,0.329,126.64,1.82,S,2.3,2.595,2.702,0.295,0.107,74,82,82,20.19,20.44,21.5,0.659,0.3519,0.2404,Rising,High,3,238
8481528,Dylan Cozens,C,F,OTT,25.98,78.9,False,21.72,30.46,197.96,184.5,31.93,0.27521,0.38589,2.50779,2.3373,0.40446,1.0374,1.0374,17.09,17.01,0.995,13.66,11.1,negative regression,166.91,2.114,40.27,0.294,126.64,1.82,S,1.777,1.993,2.252,0.216,0.259,79,82,82,17.23,17.06,17.04,-0.093,0.8705,0.2756,Volatile,High,3,243
8480208,Drake Batherson,R,F,OTT,28.77,78.6,False,26.42,36.86,171.96,117.86,26.01,0.33634,0.46916,2.1888,1.50017,0.33104,0.9917,0.9917,17.83,17.45,0.9789,19.76,14.73,negative regression,166.6,2.121,39.96,0.301,126.64,1.82,S,2.116,2.245,2.28,0.129,0.035,82,82,79,18.17,18.14,17.35,-0.41,0.4487,0.1496,Stable,High,3,243
8479345,Jakob Chychrun,D,D,WSH,28.84,76.9,False,19.16,29.87,202.45,62.34,115.53,0.24922,0.3886,2.63353,0.81089,1.50289,1.0064,1.0064,22.38,22.81,1.0195,11.76,8.69,negative regression,166.4,2.165,45.32,0.451,121.08,1.714,S+,2.041,2.022,2.346,-0.019,0.324,82,74,80,22.39,21.06,23.34,0.476,0.2795,0.1405,Stable,High,3,236
8480015,Owen Tippett,R,F,PHI,27.96,77.2,False,25.11,23.26,223.12,142.6,52.92,0.32533,0.30131,2.89069,1.8475,0.68564,1.0046,1.0046,16.5,16.62,1.0071,12.73,11.36,neutral,165.62,2.146,38.98,0.326,126.64,1.82,S,2.345,1.919,2.151,-0.426,0.232,78,77,81,16.59,15.99,16.84,0.129,-0.4107,0.1382,Stable,High,3,236
8476880,Tom Wilson,R,F,WSH,32.85,74.6,False,23.65,25.44,146.44,188.31,57.91,0.31695,0.34085,1.96234,2.52341,0.77596,0.8856,0.8856,18.87,19.49,1.0331,19.61,15.19,negative regression,165.35,2.216,38.71,0.396,126.64,1.82,S,2.14,2.602,2.574,0.462,-0.028,74,81,72,18.1,18.73,19.46,0.681,0.4206,0.1343,Rising,High,3,227
8480830,Andrei Svechnikov,R,F,CAR,26.85,71.8,False,24.35,34.32,183.96,149.32,20.12,0.33941,0.47838,2.56387,2.08115,0.28038,1.0217,1.0217,17.03,17.03,1.0001,15.27,13.07,negative regression,164.69,2.295,38.05,0.475,126.64,1.82,S,2.461,2.032,2.356,-0.429,0.324,59,72,79,16.98,17.11,16.98,0.002,-0.1862,0.1724,Stable,Medium,3,210
8481605,Jackson LaCombe,D,D,ANA,26.06,75.7,False,10.04,37.85,141.09,75.94,146.68,0.13263,0.50012,1.86405,1.00331,1.93795,1.0558,1.0558,22.49,24.72,1.0993,6.37,6.75,neutral,164.54,2.174,43.46,0.46,121.08,1.714,S+,1.266,2.007,2.136,0.741,0.129,71,75,82,19.38,22.3,24.25,2.436,0.6823,0.1047,Rising,High,3,228
8478414,Timo Meier,R,F,NJD,30.32,75.0,False,25.73,22.68,235.39,125.47,52.63,0.34311,0.30237,3.13854,1.6729,0.70176,0.9631,0.9631,18.08,18.5,1.0232,8.92,11.36,positive regression,164.31,2.191,37.67,0.371,126.64,1.82,S,2.318,2.241,2.118,-0.077,-0.123,69,80,77,17.6,17.86,18.52,0.457,-0.5192,0.0772,Stable,High,3,226
8477946,Dylan Larkin,C,F,DET,30.51,74.4,False,29.99,33.91,215.43,42.87,31.55,0.40322,0.45588,2.89649,0.57643,0.42421,0.9572,0.9572,20.14,20.15,1.0003,14.85,13.77,neutral,162.77,2.188,36.13,0.368,126.64,1.82,S,2.557,2.14,2.332,-0.417,0.192,68,82,74,20.17,20.07,20.19,0.007,-0.3358,0.0816,Stable,High,3,224
8480012,Elias Pettersson,C,F,VAN,28.22,72.5,False,19.25,37.66,140.24,82.34,85.61,0.26547,0.51951,1.93434,1.13578,1.18088,1.0005,1.0005,19.07,18.75,0.9834,11.36,13.69,positive regression,162.46,2.241,35.82,0.421,126.64,1.82,S,2.809,2.08,2.095,-0.729,0.015,82,64,74,19.65,18.66,18.96,-0.345,-0.9747,0.215,Stable,High,3,220
8483457,Lane Hutson,D,D,MTL,22.97,64.5,True,7.56,56.5,99.07,32.27,117.35,0.11717,0.87593,1.53591,0.50029,1.81938,1.1277,1.1277,23.31,23.79,1.0207,9.68,6.89,negative regression,162.25,2.515,41.17,0.801,121.08,1.714,S+,1.825,2.033,2.387,0.208,0.354,2,82,82,22.72,22.73,23.77,0.527,0.6025,0.4238,Rising,Medium,3,166
8477504,Josh Morrissey,D,D,WPG,31.85,77.2,False,11.31,44.21,155.56,52.02,108.25,0.14643,0.57229,2.01369,0.67341,1.40123,0.9466,0.9733,24.47,24.72,1.0101,9.59,6.84,negative regression,160.56,2.078,39.48,0.364,121.08,1.714,S,2.37,2.189,2.077,-0.181,-0.112,81,80,77,24.18,24.39,24.72,0.269,-0.4197,0.2263,Stable,High,3,238
8477935,Sam Bennett,C,F,FLA,30.62,73.7,False,24.04,26.94,204.3,138.06,38.79,0.32618,0.36561,2.77256,1.87354,0.52648,0.9538,0.9538,17.7,18.56,1.0488,12.94,11.89,neutral,160.32,2.176,33.68,0.356,126.64,1.82,S,2.128,2.236,2.163,0.108,-0.073,69,76,76,16.61,17.45,18.49,0.941,-0.3345,0.2246,Stable,High,3,221
8479987,Morgan Geekie,C,F,BOS,28.54,76.8,False,29.76,26.26,162.1,119.87,37.4,0.38741,0.34187,2.11034,1.56055,0.48688,0.9954,0.9954,16.76,17.68,1.0546,21.55,16.96,negative regression,160.28,2.087,33.64,0.267,126.64,1.82,S,1.729,2.034,2.254,0.305,0.22,76,77,81,15.41,16.92,17.41,0.998,0.5182,0.247,Rising,High,3,234
8481581,Thomas Harley,D,D,DAL,25.45,74.2,False,12.11,34.81,153.82,48.88,145.38,0.16323,0.46923,2.07339,0.6589,1.95961,1.0691,1.0691,22.63,23.57,1.0413,5.31,7.56,positive regression,160.17,2.159,39.09,0.445,121.08,1.714,S+,2.028,1.971,1.908,-0.057,-0.063,79,78,70,21.02,23.38,23.06,1.02,-0.413,0.2545,Volatile,High,3,227
8476468,J.T. Miller,C,F,NYR,33.89,72.4,False,19.6,39.74,130.25,136.22,38.96,0.27055,0.54858,1.79806,1.8805,0.53791,0.8356,0.8356,19.32,19.62,1.0156,11.81,14.84,positive regression,159.22,2.198,32.58,0.378,126.64,1.82,S,3.294,2.606,2.149,-0.688,-0.457,81,72,68,19.49,18.2,20.15,0.328,-1.8715,0.1816,Stable,High,3,221
8482124,Quinton Byfield,R,F,LAK,24.45,77.9,False,25.26,33.3,189.52,80.34,38.7,0.32413,0.42728,2.43168,1.03085,0.4965,1.0691,1.0691,18.66,20.29,1.0869,13.33,13.18,neutral,158.52,2.034,31.88,0.214,126.64,1.82,A,1.706,1.773,1.786,0.067,0.013,80,81,79,16.48,18.62,20.02,1.77,-0.4294,0.1779,Stable,High,3,240
8479323,Adam Fox,D,D,NYR,28.96,67.2,False,10.69,50.14,120.54,35.86,100.76,0.15914,0.74631,1.79402,0.5337,1.49975,1.0046,1.0046,23.44,23.52,1.0036,9.89,8.19,neutral,157.12,2.339,36.04,0.625,121.08,1.714,S+,2.644,2.197,2.334,-0.447,0.137,72,74,55,23.44,23.25,23.63,0.093,-0.4211,0.1207,Stable,Medium,3,201
8476389,Vincent Trocheck,C,F,UTA,33.56,74.8,False,17.61,32.23,138.73,160.6,55.85,0.23538,0.43083,1.85443,2.14675,0.74647,0.8524,0.8524,20.99,20.58,0.9803,14.04,12.62,neutral,156.04,2.086,29.4,0.266,126.64,1.82,S,2.748,2.462,2.393,-0.286,-0.069,82,82,67,21.45,21.1,20.55,-0.452,-0.349,0.1337,Stable,High,3,231
8477500,Bo Horvat,C,F,NYI,31.83,74.7,False,27.97,27.01,218.85,65.0,36.81,0.37452,0.3617,2.93016,0.87032,0.49291,0.9171,0.9171,20.27,20.76,1.0242,13.72,12.78,neutral,155.18,2.078,28.54,0.258,126.64,1.82,S,2.254,2.098,2.329,-0.156,0.231,81,81,68,19.69,20.17,20.76,0.535,-0.0683,0.1457,Stable,High,3,230
8482122,Brock Faber,D,D,MIN,24.45,77.9,False,11.44,32.71,155.56,44.89,145.43,0.14689,0.42003,1.99761,0.57638,1.86747,1.0917,1.0917,25.03,24.89,0.9946,8.67,6.91,neutral,155.15,1.992,34.07,0.278,121.08,1.714,S,1.956,1.469,2.104,-0.487,0.635,82,78,80,24.97,25.52,24.68,-0.149,0.2085,0.2093,Stable,High,3,240
8481604,Pavel Dorofeyev,R,F,NYR,26.27,72.9,True,33.69,22.7,234.51,29.55,34.34,0.46194,0.31119,3.21528,0.40515,0.47076,1.0321,1.0321,16.51,18.49,1.1201,16.09,14.03,negative regression,154.54,2.119,27.9,0.299,126.64,1.82,S,1.462,1.855,2.002,0.393,0.147,47,82,82,13.28,16.53,17.6,2.163,0.1097,0.2248,Rising,Medium,3,211
8478550,Artemi Panarin,L,F,LAK,35.26,77.8,False,27.05,43.83,187.4,11.98,10.87,0.34785,0.56374,2.41029,0.15406,0.1398,0.7657,0.7657,20.27,20.6,1.0163,12.5,14.36,neutral,154.15,1.983,27.51,0.163,126.64,1.82,A,3.156,2.438,2.326,-0.718,-0.112,82,80,78,20.12,19.68,20.84,0.361,-1.3586,0.1775,Stable,High,3,240
8480023,Robert Thomas,C,F,STL,27.59,70.9,False,21.52,49.03,129.18,12.8,43.01,0.30357,0.69178,1.82258,0.18056,0.60683,1.0101,1.0101,19.89,19.0,0.9551,24.51,15.53,negative regression,153.57,2.167,26.93,0.347,126.64,1.82,S,2.282,2.474,2.184,0.192,-0.29,82,70,64,20.97,19.96,19.02,-0.976,0.1806,0.0766,Stable,High,3,216
8479325,Charlie McAvoy,D,D,BOS,29.11,65.9,True,9.28,35.33,114.53,104.56,123.22,0.14074,0.53577,1.73689,1.58574,1.86875,1.0022,1.0022,24.33,24.13,0.9914,9.91,7.47,negative regression,152.77,2.317,31.69,0.603,121.08,1.714,S+,2.485,1.977,2.53,-0.508,0.553,74,50,69,24.85,23.67,24.39,-0.228,0.1118,0.1673,Stable,Medium,3,193
8480009,Eeli Tolvanen,R,F,SEA,27.78,77.8,False,16.9,20.21,141.85,207.36,73.49,0.21718,0.25976,1.82292,2.66486,0.94451,1.0073,1.0073,15.36,15.54,1.0119,8.51,12.13,positive regression,152.59,1.961,25.95,0.141,126.64,1.82,A,1.984,1.91,1.883,-0.074,-0.027,81,81,78,15.64,14.32,16.04,0.2,-0.283,0.0964,Stable,High,3,240
8476459,Mika Zibanejad,C,F,NYR,33.79,79.0,False,22.4,36.42,171.9,59.44,41.79,0.28352,0.46097,2.17593,0.7524,0.52904,0.8407,0.8407,19.89,20.42,1.0266,15.81,12.84,negative regression,151.72,1.921,25.08,0.101,126.64,1.82,A,2.262,1.895,2.528,-0.367,0.633,81,82,81,19.74,18.76,20.9,0.577,0.1922,0.2246,Rising,High,3,244
8479410,Mikhail Sergachev,D,D,UTA,28.61,68.0,True,9.61,39.21,130.8,48.34,123.19,0.14128,0.57657,1.92354,0.71094,1.81155,1.0098,1.0098,24.39,25.19,1.0327,6.29,6.94,neutral,150.43,2.212,29.35,0.498,121.08,1.714,S+,2.024,2.182,2.163,0.158,-0.019,34,77,78,22.56,25.12,24.3,0.87,-0.0208,0.2344,Stable,Medium,3,189
8478397,Rasmus Andersson,D,D,VGK,30.26,78.2,False,11.49,25.16,158.63,36.6,166.0,0.14699,0.32178,2.02883,0.46814,2.12314,0.9841,0.992,23.62,23.33,0.9879,9.55,6.83,negative regression,149.94,1.918,28.86,0.204,121.08,1.714,S,2.056,1.88,2.044,-0.176,0.164,78,81,81,23.83,23.98,23.2,-0.312,0.055,0.0943,Stable,High,3,240
8482109,Alexis Lafrenière,L,F,NYR,25.31,79.5,False,23.01,31.05,178.01,95.55,32.72,0.28942,0.39062,2.23912,1.20195,0.41157,1.0508,1.0508,17.32,17.47,1.0088,14.63,12.83,neutral,149.86,1.885,23.22,0.065,126.64,1.82,A,1.878,1.612,1.873,-0.266,0.261,82,82,82,17.27,17.0,17.6,0.165,-0.0697,0.2535,Volatile,High,3,246
8483445,Cutter Gauthier,L,F,ANA,23.04,62.4,True,28.42,24.28,221.92,60.64,31.05,0.45511,0.38882,3.5543,0.97114,0.49727,1.1011,1.1011,15.82,16.67,1.0537,14.39,12.72,neutral,149.53,2.395,22.89,0.575,126.64,1.82,S,1.95,1.658,2.455,-0.292,0.797,1,82,76,15.4,14.15,17.25,0.926,0.4694,0.8195,Rising,Medium,3,159
8478440,Dylan Strome,C,F,WSH,29.91,78.9,False,22.24,41.3,143.66,15.13,52.41,0.28196,0.52363,1.82131,0.19177,0.66447,0.9744,0.9744,17.8,17.84,1.0023,13.29,14.99,neutral,149.35,1.893,22.71,0.073,126.64,1.82,A,1.989,2.236,1.734,0.247,-0.502,82,82,80,17.95,17.38,18.04,0.044,-0.4408,0.209,Stable,High,3,244
8482667,William Eklund,L,F,OTT,24.31,76.6,False,17.55,38.22,162.87,60.86,57.08,0.22903,0.49878,2.1256,0.79424,0.7449,1.0722,1.0722,18.9,18.85,0.9971,8.52,11.29,positive regression,149.01,1.945,22.37,0.125,126.64,1.82,A,1.596,1.884,1.867,0.288,-0.017,80,77,78,18.66,19.55,18.54,-0.06,0.4553,0.2286,Stable,High,3,235
8477951,Nick Schmaltz,C,F,UTA,30.94,78.9,False,23.51,37.93,173.5,17.57,43.55,0.29777,0.48045,2.19796,0.22258,0.55167,0.9439,0.9439,19.21,19.46,1.013,16.02,13.32,negative regression,148.68,1.884,22.04,0.064,126.64,1.82,A,1.82,1.841,2.21,0.021,0.369,79,82,82,19.18,18.59,19.72,0.272,0.5148,0.129,Stable,High,3,243
8477940,Nikolaj Ehlers,L,F,CAR,30.97,76.2,False,23.5,38.15,190.49,27.85,29.13,0.30823,0.5003,2.49825,0.36527,0.38199,0.9429,0.9429,16.17,16.5,1.0205,12.56,12.34,neutral,148.56,1.948,21.92,0.128,126.64,1.82,A,1.934,2.199,1.99,0.265,-0.209,82,69,82,15.87,15.79,16.6,0.361,-0.0587,0.2769,Volatile,High,3,233
8476885,Jacob Trouba,D,D,SJS,32.93,75.5,False,5.21,18.16,128.31,157.13,172.0,0.06897,0.24053,1.69943,2.08121,2.2781,0.9141,0.957,21.7,22.42,1.0334,6.02,4.3,neutral,148.53,1.967,27.45,0.253,121.08,1.714,S,2.262,1.867,2.014,-0.395,0.147,69,77,81,21.25,20.52,22.83,0.791,-0.5473,0.2049,Stable,High,3,227
8480036,Miro Heiskanen,D,D,DAL,27.54,67.9,True,8.13,42.51,146.53,30.51,114.6,0.11975,0.62628,2.15878,0.44956,1.6884,1.0273,1.0273,25.15,25.57,1.017,6.08,5.57,neutral,148.21,2.184,27.13,0.47,121.08,1.714,S+,2.18,1.787,2.229,-0.393,0.442,71,50,77,24.54,25.16,25.47,0.466,-0.0399,0.2922,Volatile,Medium,3,198
8482073,Braden Schneider,D,D,NYR,25.37,79.0,False,5.24,17.71,113.46,182.63,161.75,0.06633,0.22417,1.43624,2.31178,2.04744,1.0709,1.0709,18.45,20.54,1.1129,1.96,5.02,positive regression,147.2,1.863,26.12,0.149,121.08,1.714,S,1.527,1.609,1.523,0.082,-0.086,82,80,82,15.9,17.87,20.44,2.272,-0.6458,0.1069,Stable,High,3,244
8477498,Darnell Nurse,D,D,SJS,31.99,77.8,False,6.84,19.75,158.08,141.41,146.38,0.08786,0.25377,2.03154,1.81735,1.88123,0.9423,0.9712,21.65,21.23,0.9805,4.27,4.63,neutral,146.52,1.883,25.44,0.169,121.08,1.714,S,2.148,2.105,1.829,-0.043,-0.276,81,76,82,21.89,22.37,20.97,-0.461,-0.3266,0.0835,Stable,High,3,239
8483431,Logan Cooley,C,F,UTA,22.75,69.0,True,25.33,31.7,155.3,65.85,33.62,0.36708,0.45935,2.25073,0.9543,0.4873,1.1082,1.1082,17.07,17.76,1.0406,23.53,15.22,negative regression,146.43,2.122,19.79,0.302,126.64,1.82,S,1.44,2.1,2.075,0.66,-0.025,82,75,54,15.81,17.86,17.33,0.756,0.8604,0.1495,Rising,Medium,3,211
8478178,Darren Raddysh,D,D,TOR,30.93,74.4,False,12.09,38.29,155.29,62.92,82.36,0.16241,0.51438,2.0862,0.84525,1.10644,0.9741,0.987,19.97,21.62,1.0823,10.38,7.19,negative regression,146.32,1.966,25.24,0.252,121.08,1.714,S,1.456,1.453,2.539,-0.003,1.086,82,73,73,19.11,17.3,22.69,1.793,1.0704,0.188,Rising,High,3,228
8479314,Matthew Tkachuk,L,F,FLA,29.14,55.7,True,20.45,38.19,170.4,84.1,15.25,0.36721,0.68572,3.05993,1.51018,0.27388,0.9859,0.9859,18.41,18.26,0.9916,14.77,11.96,negative regression,145.89,2.62,19.25,0.8,126.64,1.82,S+,2.837,2.71,2.547,-0.127,-0.163,80,52,31,18.64,18.23,18.3,-0.168,-0.3924,0.2341,Stable,Low,3,163
8482730,Brandt Clarke,D,D,LAK,23.98,66.1,True,7.5,30.71,153.07,28.97,159.87,0.11336,0.46439,2.31478,0.43809,2.4177,1.1025,1.1025,17.99,20.69,1.15,5.03,5.12,neutral,145.76,2.204,24.68,0.49,121.08,1.714,S+,1.45,1.521,1.934,0.071,0.413,16,78,82,13.65,16.28,19.8,3.075,-0.2564,0.1436,Stable,Medium,3,176
8482113,Anton Lundell,C,F,FLA,25.33,72.4,False,19.22,29.51,174.59,96.02,49.08,0.26557,0.40774,2.41236,1.3267,0.67816,1.0504,1.0504,17.25,18.98,1.1003,13.04,11.18,neutral,145.28,2.007,18.64,0.187,126.64,1.82,A,1.412,1.78,1.921,0.368,0.141,78,79,64,15.38,16.71,19.15,1.888,0.2552,0.1781,Rising,High,3,221
8481656,Aliaksei Protas,L,F,WSH,26.07,75.4,False,23.84,33.14,162.67,33.84,46.76,0.31633,0.43961,2.1581,0.4489,0.62041,1.0357,1.0357,16.5,18.56,1.1247,15.72,13.94,neutral,144.92,1.923,18.28,0.103,126.64,1.82,A,1.121,1.985,1.785,0.864,-0.2,78,76,76,13.75,16.46,18.24,2.245,0.4908,0.2567,Rising,High,3,230
8478010,Brayden Point,C,F,TBL,30.89,72.1,False,28.25,33.75,156.37,15.08,32.21,0.39167,0.4679,2.16806,0.20904,0.44656,0.9454,0.9454,19.19,18.38,0.9575,13.95,17.31,positive regression,144.86,2.008,18.22,0.188,126.64,1.82,A,2.601,2.51,1.794,-0.091,-0.716,81,77,63,20.04,19.48,18.26,-0.891,-0.9462,0.2739,Declining,High,3,221
8478493,Joel Eriksson Ek,C,F,MIN,30.01,65.8,True,20.06,25.84,187.23,109.78,38.66,0.30479,0.39269,2.84497,1.66801,0.58749,0.9727,0.9727,19.68,19.02,0.9663,9.79,11.11,neutral,142.46,2.165,15.82,0.345,126.64,1.82,S,2.648,2.185,2.117,-0.463,-0.068,77,46,70,20.53,19.77,19.08,-0.724,-0.5411,0.1483,Declining,Medium,3,193
8478445,Mathew Barzal,C,F,NYI,29.69,65.8,True,16.72,41.29,165.27,34.76,42.62,0.25401,0.62739,2.51123,0.5282,0.64761,0.9776,0.9776,20.44,20.68,1.0116,10.33,10.58,neutral,142.03,2.158,15.39,0.338,126.64,1.82,S,2.456,1.93,2.079,-0.526,0.149,80,30,81,20.13,20.35,20.65,0.259,-0.6398,0.2138,Stable,Medium,3,191
8479425,Filip Hronek,D,D,VAN,29.25,74.1,False,6.41,37.53,123.87,113.06,90.37,0.08652,0.50675,1.67254,1.52648,1.22016,1.0,1.0,24.28,25.0,1.0295,5.84,5.21,neutral,141.93,1.916,20.85,0.202,121.08,1.714,S,1.827,1.779,1.947,-0.048,0.168,81,61,82,23.44,23.89,25.01,0.783,-0.0018,0.0582,Stable,High,3,224
8480014,Gabriel Vilardi,C,F,WPG,27.46,70.2,True,26.49,32.86,143.7,20.74,39.67,0.37739,0.46815,2.04739,0.29547,0.56526,1.0121,1.0121,18.24,19.04,1.0435,20.0,17.09,negative regression,141.85,2.021,15.21,0.201,126.64,1.82,A,1.995,2.059,1.918,0.064,-0.141,47,71,82,17.01,18.14,18.74,0.866,-0.4486,0.1684,Stable,Medium,3,200
8477942,Kevin Fiala,L,F,LAK,30.53,71.1,False,25.67,27.94,195.06,53.56,24.11,0.36093,0.39285,2.74249,0.75304,0.33903,0.9566,0.9566,18.58,19.07,1.0268,12.24,13.12,neutral,141.67,1.992,15.03,0.172,126.64,1.82,A,2.207,2.03,1.915,-0.177,-0.115,82,81,56,18.04,18.51,19.12,0.542,-0.6657,0.1292,Stable,Medium,3,219
8477409,Carter Verhaeghe,C,F,FLA,31.47,76.6,False,23.24,29.57,197.48,68.45,21.32,0.30358,0.38625,2.57933,0.89409,0.27846,0.9279,0.9279,17.79,17.63,0.991,13.37,11.95,neutral,141.62,1.85,14.98,0.03,126.64,1.82,A,2.388,1.909,1.875,-0.479,-0.034,76,81,77,17.96,17.87,17.61,-0.175,-0.7956,0.1361,Stable,High,3,234
8484153,Leo Carlsson,C,F,ANA,22.1,69.2,False,24.43,33.04,170.04,25.1,35.56,0.35316,0.47747,2.45763,0.36274,0.51399,1.1245,1.1245,17.86,18.34,1.0267,15.03,13.9,neutral,141.39,2.044,14.75,0.224,126.64,1.82,A,1.458,1.474,2.241,0.016,0.767,55,76,70,18.11,16.24,19.15,0.52,1.0957,0.2474,Rising,Medium,3,201
8477948,Travis Sanheim,D,D,PHI,30.85,79.0,False,8.62,25.37,116.69,68.48,151.73,0.10905,0.3211,1.47715,0.86679,1.92064,0.9752,0.9876,24.21,24.4,1.0079,11.58,6.86,negative regression,139.59,1.767,18.51,0.053,121.08,1.714,S,2.023,1.782,1.699,-0.241,-0.083,81,82,81,23.8,24.5,24.22,0.209,-0.4446,0.1619,Stable,High,3,244
8476483,Rickard Rakell,R,F,PIT,33.74,70.1,False,22.11,24.37,159.94,86.74,48.19,0.31526,0.34759,2.28078,1.237,0.68727,0.8433,0.8433,18.47,19.59,1.0604,14.46,13.47,neutral,138.98,1.982,12.34,0.162,126.64,1.82,A,1.774,2.507,2.303,0.733,-0.204,70,81,60,16.52,19.3,18.95,1.217,0.4238,0.1693,Rising,High,3,211
8476875,Mike Matheson,D,D,MTL,32.93,77.8,False,6.72,28.97,124.67,54.66,149.78,0.0864,0.37264,1.60345,0.70307,1.92647,0.9141,0.957,24.83,24.19,0.9743,6.14,5.46,neutral,138.95,1.787,17.87,0.073,121.08,1.714,S,2.486,1.783,1.8,-0.703,0.017,82,80,78,25.55,25.08,24.16,-0.695,-0.6838,0.0374,Declining,High,3,240
8482665,Matty Beniers,C,F,SEA,24.24,78.6,False,20.01,27.64,155.57,43.56,70.32,0.25474,0.35181,1.98017,0.55447,0.89513,1.0737,1.0737,18.76,19.37,1.0321,13.42,12.75,neutral,138.15,1.758,11.51,-0.062,126.64,1.82,A,1.412,1.609,1.679,0.197,0.07,77,82,82,17.96,18.69,19.28,0.657,0.2546,0.2215,Rising,High,3,241
8478444,Brock Boeser,R,F,VAN,29.93,75.4,False,25.85,26.51,163.07,60.27,28.63,0.34294,0.35171,2.16341,0.79962,0.37987,0.9741,0.9741,18.64,18.85,1.0111,13.25,15.5,positive regression,138.0,1.831,11.36,0.011,126.64,1.82,A,2.24,1.818,1.704,-0.422,-0.114,81,75,75,18.6,18.16,19.05,0.226,-0.9297,0.1706,Stable,High,3,231
8478449,Roope Hintz,C,F,DAL,30.21,68.6,True,22.09,33.02,148.67,51.22,31.89,0.32212,0.48161,2.16834,0.74711,0.46519,0.9665,0.9665,17.14,17.19,1.0027,11.9,14.57,positive regression,137.41,2.004,10.77,0.184,126.64,1.82,A,2.004,2.174,2.089,0.17,-0.085,80,76,53,17.24,16.89,17.34,0.051,0.1264,0.3023,Volatile,Medium,3,209
8482259,Bobby McMann,C,F,SEA,30.63,71.4,False,23.8,15.41,175.73,155.35,25.61,0.33345,0.21589,2.46209,2.17647,0.3588,0.9535,0.9535,14.57,16.58,1.1375,15.85,13.27,negative regression,137.11,1.921,10.47,0.101,126.64,1.82,A,1.623,1.643,1.967,0.02,0.324,56,74,78,11.56,14.5,15.93,2.186,-0.5094,0.1443,Stable,Medium,3,208
8479385,Jordan Kyrou,R,F,WSH,28.75,76.4,False,24.56,28.8,193.28,26.77,28.74,0.32156,0.37713,2.53063,0.35045,0.37624,0.992,0.992,17.03,15.84,0.93,10.4,12.77,positive regression,136.73,1.79,10.09,-0.03,126.64,1.82,A,2.074,2.213,1.619,0.139,-0.594,82,82,72,18.33,17.48,15.73,-1.301,-0.3066,0.2608,Declining,High,3,236
8477964,Ivan Barbashev,L,F,VGK,31.14,76.5,False,19.0,29.07,113.62,125.91,34.56,0.24843,0.38,1.48517,1.64591,0.45182,0.9378,0.9378,16.37,16.43,1.0036,17.29,15.68,neutral,135.94,1.777,9.3,-0.043,126.64,1.82,A,1.789,1.957,1.991,0.168,0.034,82,70,82,16.11,16.8,16.24,0.065,0.3475,0.1344,Stable,High,3,234
8482089,Jake Neighbours,L,F,STL,24.85,74.5,False,19.72,20.23,116.82,160.2,46.39,0.26469,0.27152,1.56806,2.15029,0.62264,1.0603,1.0603,15.59,15.37,0.986,17.44,15.85,neutral,135.58,1.82,8.94,0.0,126.64,1.82,A,1.761,1.86,1.701,0.099,-0.159,77,82,69,15.71,15.89,15.23,-0.239,-0.012,0.0956,Stable,High,3,228
8481524,Bowen Byram,D,D,CHI,25.64,77.8,False,9.44,29.89,105.89,75.21,112.39,0.12136,0.38416,1.36077,0.96652,1.44441,1.0649,1.0649,22.01,22.92,1.0416,10.09,8.05,negative regression,133.99,1.722,12.91,0.008,121.08,1.714,S,1.6,1.592,1.554,-0.008,-0.038,73,82,82,20.34,22.7,22.34,1.0,-0.2734,0.2356,Stable,High,3,237
8482175,John-Jason Peterka,R,F,BOS,25.05,78.2,False,25.96,28.73,183.01,24.45,18.26,0.3318,0.36716,2.33875,0.31245,0.23331,1.056,1.056,16.79,16.6,0.9889,15.72,13.81,neutral,133.75,1.709,7.11,-0.111,126.64,1.82,A,1.641,1.988,1.423,0.347,-0.565,82,77,82,16.39,18.18,15.98,-0.204,-0.333,0.162,Stable,High,3,241
8481617,Vasily Podkolzin,R,F,EDM,25.61,67.7,True,13.5,16.53,123.92,230.17,49.05,0.19938,0.24424,1.83073,3.40042,0.72459,1.0448,1.0448,14.16,16.25,1.1478,13.67,11.2,negative regression,133.58,1.973,6.94,0.153,126.64,1.82,A,1.118,1.437,1.859,0.319,0.422,19,82,82,10.81,13.22,15.38,2.284,0.5233,0.3576,Rising,Medium,3,183
8482745,Mason McTavish,C,F,STL,24.01,72.4,False,20.15,26.87,160.2,83.52,33.91,0.27824,0.37096,2.21155,1.15304,0.46818,1.0788,1.0788,16.07,15.64,0.9727,11.64,12.69,neutral,133.22,1.839,6.58,0.019,126.64,1.82,A,1.827,1.853,1.633,0.026,-0.22,64,76,75,16.28,16.88,15.32,-0.478,-0.171,0.1415,Stable,High,3,215
8475810,Bryan Rust,R,F,PIT,34.73,69.9,False,22.79,26.68,151.8,38.25,48.54,0.32611,0.38185,2.1724,0.54746,0.6947,0.7928,0.7928,19.8,19.96,1.0085,15.85,14.58,neutral,133.01,1.903,6.37,0.083,126.64,1.82,A,2.494,2.436,2.379,-0.058,-0.057,62,71,72,19.58,19.75,19.94,0.183,-0.2434,0.1695,Stable,High,3,205
8478474,Lawson Crouse,L,F,UTA,29.61,78.8,False,18.25,14.44,135.66,184.97,48.39,0.23169,0.18331,1.72266,2.34887,0.61447,0.9788,0.9788,15.7,15.6,0.9936,17.02,13.17,negative regression,132.43,1.682,5.79,-0.138,126.64,1.82,A,1.915,1.316,1.972,-0.599,0.656,81,81,81,16.82,13.73,16.6,-0.11,0.149,0.078,Stable,High,3,243
8480855,Jack McBain,C,F,UTA,27.07,74.5,False,11.08,16.75,93.04,272.04,47.22,0.14874,0.22488,1.24887,3.65154,0.63382,1.0179,1.0179,13.48,14.04,1.0416,8.49,12.27,positive regression,132.18,1.774,5.54,-0.046,126.64,1.82,A,1.596,1.661,1.695,0.065,0.034,67,82,75,12.62,13.57,13.85,0.611,-0.1186,0.0558,Stable,High,3,224
8474600,Roman Josi,D,D,NSH,36.67,67.9,True,10.39,32.12,145.75,32.09,99.6,0.15308,0.47322,2.14738,0.47279,1.4674,0.7448,0.8724,24.84,24.96,1.0045,7.18,6.98,neutral,132.1,1.946,11.02,0.232,121.08,1.714,S,2.942,2.371,2.299,-0.571,-0.072,82,53,68,24.63,25.03,24.88,0.123,-0.8115,0.2031,Stable,Medium,3,203
8479671,Mathieu Olivier,R,F,CBJ,29.97,67.7,True,14.1,12.25,98.19,249.46,57.88,0.20835,0.18102,1.45071,3.6855,0.85508,0.9734,0.9734,13.72,15.07,1.0984,16.13,13.67,negative regression,131.46,1.942,4.82,0.122,126.64,1.82,A,1.369,1.986,1.917,0.617,-0.069,54,82,61,11.28,14.46,14.23,1.473,0.401,0.0886,Rising,Medium,3,197
8480817,K'Andre Miller,D,D,CAR,27.03,74.0,False,7.73,25.24,116.75,119.61,103.36,0.10446,0.34113,1.57776,1.61636,1.39678,1.0365,1.0365,22.02,22.4,1.0173,6.5,6.43,neutral,130.94,1.769,9.86,0.055,121.08,1.714,S,1.674,1.627,1.747,-0.047,0.12,80,74,72,21.56,21.95,22.39,0.415,0.0111,0.1436,Stable,High,3,226
8478519,Anthony Cirelli,C,F,TBL,29.55,75.0,False,20.84,27.06,128.99,42.73,58.25,0.27783,0.36077,1.7198,0.56977,0.77661,0.9797,0.9797,18.11,17.56,0.9695,18.4,15.3,negative regression,130.54,1.741,3.9,-0.079,126.64,1.82,A,1.72,1.952,1.897,0.232,-0.055,79,80,71,18.52,18.69,17.32,-0.602,0.5003,0.2397,Stable,High,3,230
8478498,Jake DeBrusk,L,F,VAN,30.29,78.8,False,22.22,18.68,181.34,80.99,39.55,0.28197,0.23706,2.30087,1.02764,0.50177,0.964,0.964,16.78,16.8,1.0009,10.5,12.34,neutral,129.71,1.646,3.07,-0.174,126.64,1.82,A,1.689,1.801,1.635,0.112,-0.166,80,82,81,16.83,16.65,16.86,0.016,-0.1021,0.1767,Stable,High,3,243
8481580,Connor McMichael,L,F,STL,26.05,77.9,False,19.83,28.34,157.26,45.03,41.98,0.25466,0.36386,2.01942,0.57827,0.53905,1.0361,1.0361,16.64,17.06,1.0253,9.86,12.72,positive regression,129.46,1.662,2.82,-0.158,126.64,1.82,A,1.268,1.774,1.565,0.506,-0.209,80,82,78,15.99,16.81,16.91,0.459,0.3982,0.1007,Stable,High,3,240
8480796,Martin Fehervary,D,D,WSH,27.32,75.9,False,4.4,19.22,71.76,139.44,151.04,0.05796,0.25308,0.94501,1.83621,1.98904,1.0312,1.0312,19.26,19.1,0.9917,6.85,5.92,neutral,129.15,1.701,8.07,-0.013,121.08,1.714,S,1.673,1.626,1.698,-0.047,0.072,66,81,81,19.63,19.0,19.28,-0.175,0.086,0.2144,Stable,High,3,228
8477955,Jared McCann,L,F,SEA,30.67,69.8,True,21.38,28.02,161.58,41.96,32.3,0.30659,0.40174,2.3166,0.60151,0.46304,0.9522,0.9522,16.84,16.69,0.9911,17.09,13.07,negative regression,128.73,1.846,2.09,0.026,126.64,1.82,A,1.979,1.948,2.006,-0.031,0.058,80,82,52,16.76,17.21,16.43,-0.163,0.1187,0.1943,Stable,Medium,3,214
8478401,Pavel Zacha,C,F,BOS,29.82,77.5,False,19.42,32.15,125.09,68.59,25.93,0.2506,0.41478,1.61412,0.88505,0.33458,0.9757,0.9757,17.92,17.34,0.9677,22.9,14.61,negative regression,128.62,1.66,1.98,-0.16,126.64,1.82,A,1.978,1.451,1.975,-0.527,0.524,78,82,78,18.11,19.06,16.85,-0.63,0.2396,0.2109,Stable,High,3,238
8476931,Jake McCabe,D,D,TOR,33.31,73.2,False,4.38,18.91,70.07,134.31,153.0,0.05984,0.25839,0.95735,1.83515,2.09057,0.9024,0.9512,21.7,22.51,1.0369,6.49,6.17,neutral,128.05,1.75,6.97,0.036,121.08,1.714,S,1.999,1.78,1.736,-0.219,-0.044,73,66,80,20.66,21.51,22.41,0.874,-0.5786,0.2358,Stable,High,3,219
8478873,Troy Terry,R,F,ANA,29.39,70.6,False,19.92,34.98,170.37,8.08,23.72,0.28228,0.49576,2.41447,0.1145,0.33617,0.9821,0.9821,18.51,18.54,1.0015,11.8,11.88,neutral,127.78,1.811,1.14,-0.009,126.64,1.82,A,1.72,1.724,2.052,0.004,0.328,76,77,61,18.29,18.85,18.35,0.03,0.5336,0.4332,Volatile,High,3,214
8478469,Thomas Chabot,D,D,OTT,30.0,65.4,True,8.07,27.33,131.36,46.46,118.55,0.12345,0.41812,2.00929,0.71067,1.81332,0.988,0.994,22.86,22.65,0.9907,7.07,6.07,neutral,127.63,1.952,6.55,0.238,121.08,1.714,S,2.094,2.015,1.946,-0.079,-0.069,51,80,57,23.05,23.02,22.58,-0.233,-0.141,0.09,Stable,Low,3,188
8480336,Sean Walker,D,D,CAR,32.22,79.0,False,7.85,17.03,153.64,117.99,113.52,0.09942,0.21552,1.94481,1.49351,1.43691,0.9354,0.9677,19.5,20.68,1.0607,5.03,5.29,neutral,127.62,1.615,6.54,-0.099,121.08,1.714,A,1.717,1.193,1.849,-0.524,0.656,81,82,81,19.23,16.83,21.81,1.29,-0.1342,0.0862,Stable,High,3,244
8475166,John Tavares,C,F,TOR,36.37,77.4,False,21.93,26.12,150.57,66.41,23.98,0.28347,0.33763,1.94602,0.8583,0.3099,0.7095,0.7095,18.11,18.26,1.0079,16.15,14.07,negative regression,127.31,1.645,0.67,-0.175,126.64,1.82,A,2.42,2.589,2.122,0.169,-0.467,80,75,82,17.86,18.23,18.18,0.156,-0.5617,0.2671,Volatile,High,3,237
8482092,Ridly Greig,C,F,OTT,24.49,75.1,False,15.05,21.66,131.0,131.19,52.81,0.20047,0.28856,1.7452,1.74779,0.70356,1.0682,1.0682,16.36,17.26,1.0546,10.08,11.86,neutral,126.96,1.691,0.32,-0.129,126.64,1.82,A,1.392,1.531,1.503,0.139,-0.028,72,78,77,14.74,17.08,16.69,0.975,-0.1304,0.1247,Stable,High,3,227
8478500,Ivan Provorov,D,D,CBJ,30.05,79.5,False,7.3,24.69,126.49,38.41,138.52,0.09179,0.31052,1.59103,0.48318,1.7424,0.9872,0.9936,23.66,24.88,1.0514,5.7,5.73,neutral,126.76,1.594,5.68,-0.12,121.08,1.714,A,1.634,1.44,1.551,-0.194,0.111,82,82,82,22.16,23.35,24.81,1.326,-0.3367,0.3044,Volatile,High,3,246
8481596,Shane Pinto,C,F,OTT,26.22,65.7,True,19.72,21.03,146.13,79.42,51.03,0.30018,0.32008,2.22456,1.20902,0.77692,1.033,1.033,18.19,18.47,1.0152,14.65,13.13,neutral,126.64,1.928,0.0,0.108,126.64,1.82,A,1.955,1.704,1.949,-0.251,0.245,41,70,72,18.11,17.56,18.71,0.301,-0.1133,0.1002,Stable,Medium,3,183
8480807,Mattias Samuelsson,D,D,BUF,26.89,65.6,True,6.86,18.63,83.37,130.89,131.61,0.10466,0.28414,1.27157,1.9964,2.00738,1.0392,1.0392,21.3,22.37,1.0501,11.93,7.08,negative regression,126.41,1.928,5.33,0.214,121.08,1.714,S,1.689,1.36,2.111,-0.329,0.751,41,62,78,20.5,19.3,22.83,1.165,0.3022,0.1747,Rising,Medium,3,181
8475754,Brock Nelson,C,F,COL,35.3,78.7,False,22.91,24.61,156.89,28.91,40.91,0.29117,0.3127,1.9939,0.36742,0.51989,0.7637,0.7637,19.01,19.73,1.0378,17.74,14.17,negative regression,126.36,1.606,-0.28,-0.214,126.64,1.82,B,2.22,1.85,2.127,-0.37,0.277,82,80,81,18.08,18.91,19.65,0.784,-0.4369,0.0996,Stable,High,3,243
8476892,Colton Parayko,D,D,STL,33.73,73.4,False,7.7,14.16,105.57,89.26,159.02,0.10479,0.19282,1.43752,1.21542,2.16538,0.8894,0.9447,23.11,22.34,0.967,3.81,6.98,positive regression,125.97,1.715,4.89,0.001,121.08,1.714,S,2.024,2.364,1.61,0.34,-0.754,82,64,77,23.86,23.75,22.2,-0.832,-0.3695,0.0455,Declining,High,3,223
8478975,Mason Marchment,L,F,SJS,31.63,69.9,False,19.7,26.6,130.76,87.75,27.08,0.28172,0.38036,1.86971,1.25463,0.3872,0.9231,0.9231,16.09,17.15,1.0659,15.97,14.48,neutral,125.95,1.801,-0.69,-0.019,126.64,1.82,A,1.809,2.012,1.786,0.203,-0.226,81,62,68,15.06,15.34,17.37,1.157,-0.5188,0.0947,Stable,High,3,211
8477507,Nikita Zadorov,D,D,BOS,31.8,77.6,False,4.28,17.88,102.0,203.18,97.83,0.05516,0.2304,1.31396,2.61742,1.26026,0.9482,0.9741,19.98,21.55,1.0789,1.87,4.75,positive regression,125.56,1.618,4.48,-0.096,121.08,1.714,A,1.409,1.63,1.543,0.221,-0.087,75,81,81,17.44,20.61,20.88,1.72,-0.2079,0.0758,Stable,High,3,237
8482684,Luke Hughes,D,D,NJD,23.4,72.4,False,8.37,38.66,156.53,23.93,64.29,0.11567,0.53412,2.16278,0.33065,0.88833,1.117,1.117,21.97,22.68,1.0321,4.0,5.52,neutral,125.5,1.734,4.42,0.02,121.08,1.714,S,1.455,1.584,1.471,0.129,-0.113,82,71,68,21.47,21.16,23.01,0.768,-0.1153,0.0776,Stable,High,3,221
8480188,Fabian Zetterlund,L,F,OTT,27.44,80.0,False,17.29,16.85,146.43,128.35,51.11,0.21612,0.21066,1.83041,1.6044,0.63888,1.0124,1.0124,15.55,13.99,0.9,12.88,11.94,neutral,125.38,1.567,-1.26,-0.253,126.64,1.82,B,1.92,1.873,1.463,-0.047,-0.41,82,84,82,18.86,16.34,12.91,-2.973,0.3457,0.2559,Volatile,High,3,248
8477479,Tyler Bertuzzi,L,F,CHI,31.94,78.2,False,23.32,22.75,143.94,64.15,28.84,0.29831,0.29096,1.84094,0.82043,0.36889,0.9138,0.9138,17.02,18.12,1.0647,19.51,15.26,negative regression,125.29,1.602,-1.35,-0.218,126.64,1.82,B,1.675,1.487,1.861,-0.188,0.374,80,82,79,16.05,16.0,18.45,1.2,-0.1055,0.3125,Volatile,High,3,241
8476902,Esa Lindell,D,D,DAL,32.7,79.0,False,5.09,21.8,90.98,47.35,168.94,0.06438,0.27599,1.15162,0.59931,2.13851,0.921,0.9605,22.19,23.46,1.0571,7.23,5.54,neutral,125.12,1.584,4.04,-0.13,121.08,1.714,A,1.587,1.573,1.611,-0.014,0.038,82,80,82,20.47,22.18,23.23,1.381,-0.245,0.2033,Stable,High,3,244
8480145,Neal Pionk,D,D,WPG,31.51,66.6,True,6.11,20.8,120.08,145.14,98.72,0.09177,0.31252,1.80407,2.18049,1.48304,0.9572,0.9786,21.88,22.75,1.0394,3.09,5.23,positive regression,125.01,1.878,3.93,0.164,121.08,1.714,S,1.944,2.03,1.618,0.086,-0.412,82,69,51,20.83,22.06,22.71,0.941,-0.6629,0.1256,Stable,Medium,3,202
8482762,Simon Edvinsson,D,D,DET,23.99,63.0,True,7.04,18.81,86.51,93.42,145.46,0.1117,0.29856,1.3731,1.4829,2.30883,1.1022,1.1022,21.55,23.43,1.0872,10.23,7.14,negative regression,124.86,1.982,3.78,0.268,121.08,1.714,S,1.212,1.673,1.747,0.461,0.074,16,78,72,18.25,21.12,22.36,2.051,0.352,0.1361,Rising,Medium,3,166
8482149,Cole Perfetti,C,F,WPG,25.08,73.1,False,18.15,26.46,155.85,59.14,38.53,0.24843,0.36209,2.13305,0.80947,0.52739,1.0554,1.0554,14.97,15.9,1.0623,8.82,12.01,positive regression,124.68,1.706,-1.96,-0.114,126.64,1.82,A,1.423,1.651,1.423,0.228,-0.228,71,82,68,13.59,15.19,15.62,1.018,-0.4103,0.2274,Stable,High,3,221
8482146,Luke Evangelista,R,F,NSH,24.95,75.3,False,15.62,35.21,181.07,29.5,21.43,0.20742,0.46746,2.40427,0.39175,0.28459,1.0581,1.0581,15.11,16.33,1.0809,6.82,9.51,positive regression,124.61,1.655,-2.03,-0.165,126.64,1.82,A,1.329,1.224,1.58,-0.105,0.356,80,68,81,13.96,13.87,16.62,1.333,-0.0069,0.2131,Stable,High,3,229
8478396,Noah Hanifin,D,D,VGK,30.02,75.2,False,7.72,27.1,138.3,43.59,109.3,0.10264,0.3604,1.83938,0.57981,1.45375,0.9877,0.9939,22.5,22.04,0.9794,2.22,5.8,positive regression,123.8,1.647,2.72,-0.067,121.08,1.714,A,1.957,1.637,1.571,-0.32,-0.066,80,80,71,23.61,21.55,22.6,-0.507,-0.4006,0.1217,Declining,High,3,231
8476853,Morgan Rielly,D,D,TOR,32.9,76.4,False,7.11,29.04,121.77,41.23,111.3,0.09307,0.38022,1.59435,0.53984,1.45723,0.915,0.9575,21.83,20.63,0.9453,7.8,5.68,negative regression,123.24,1.614,2.16,-0.1,121.08,1.714,A,2.556,1.634,1.635,-0.922,0.001,72,82,78,23.74,21.39,21.14,-1.302,-0.9084,0.3543,Declining,High,3,232
8475786,Zach Hyman,L,F,EDM,34.65,69.4,False,27.59,16.47,169.34,53.0,20.29,0.39773,0.23736,2.44093,0.76402,0.29244,0.7969,0.7969,19.45,19.67,1.0114,19.5,15.8,negative regression,122.99,1.773,-3.65,-0.047,126.64,1.82,A,2.704,1.797,2.325,-0.907,0.528,80,73,58,19.5,18.88,19.98,0.242,-0.6703,0.147,Stable,Medium,3,211
8482079,Marco Rossi,C,F,VAN,25.36,69.5,True,18.72,28.38,124.2,53.45,38.37,0.26939,0.40828,1.787,0.769,0.55205,1.0498,1.0498,17.56,17.9,1.0194,18.18,14.31,negative regression,122.76,1.766,-3.88,-0.054,126.64,1.82,A,1.409,1.819,1.766,0.41,-0.053,82,82,50,16.73,18.25,17.48,0.373,0.506,0.2009,Stable,Medium,3,214
8479983,Mario Ferraro,D,D,WPG,28.38,77.8,False,4.99,14.53,91.8,130.82,145.02,0.06422,0.18692,1.18064,1.68262,1.86517,1.0133,1.0133,21.6,20.76,0.9609,7.45,5.34,negative regression,122.48,1.575,1.4,-0.139,121.08,1.714,A,1.854,1.456,1.61,-0.398,0.154,78,78,82,22.87,21.4,21.03,-0.921,-0.1362,0.1311,Declining,High,3,238
8484227,Will Smith,C,F,SJS,21.88,58.1,False,21.35,32.26,153.57,16.13,14.57,0.36772,0.55564,2.64489,0.27776,0.251,1.1299,1.1299,17.11,19.24,1.1249,14.46,13.55,neutral,122.46,2.109,-4.18,0.289,126.64,1.82,S,,1.402,1.925,,0.523,0,74,69,,15.85,18.18,2.33,1.0445,0.1229,Rising,Medium,2,143
8482679,Matt Coronato,R,F,CGY,24.22,68.6,True,20.44,24.79,189.51,29.05,28.88,0.29782,0.36128,2.7615,0.42333,0.4209,1.0742,1.0742,16.5,18.35,1.1123,9.14,11.18,positive regression,122.41,1.784,-4.23,-0.036,126.64,1.82,A,0.81,1.684,1.484,0.874,-0.2,34,77,80,12.61,17.58,16.65,2.021,0.7455,0.2382,Rising,Medium,3,191
8476881,Tomas Hertl,C,F,VGK,33.22,72.0,True,19.31,22.9,137.41,75.39,39.25,0.26822,0.31803,1.90847,1.04705,0.5451,0.8698,0.8698,17.71,16.13,0.9106,11.88,13.89,positive regression,122.4,1.7,-4.24,-0.12,126.64,1.82,A,2.094,2.376,2.047,0.282,-0.329,54,73,82,20.49,17.12,17.03,-1.728,0.5399,0.1617,Stable,Medium,3,209
8481716,Dmitri Voronkov,L,F,CBJ,26.39,70.0,False,19.65,19.32,139.84,93.02,41.05,0.28068,0.27604,1.99776,1.32892,0.58637,1.03,1.03,14.81,15.03,1.0149,15.45,13.66,neutral,122.23,1.746,-4.41,-0.074,126.64,1.82,A,1.529,1.86,1.642,0.331,-0.218,75,73,63,13.46,16.79,13.94,0.241,0.1245,0.2348,Stable,High,3,211
8477986,Brandon Montour,D,D,SEA,32.81,70.6,False,10.98,20.48,172.48,80.75,78.46,0.15552,0.29004,2.44221,1.14332,1.1109,0.9177,0.9588,22.93,22.52,0.9823,6.32,6.22,neutral,122.18,1.73,1.1,0.016,121.08,1.714,S,1.863,1.938,1.905,0.075,-0.033,66,81,64,23.45,22.98,22.56,-0.444,0.1493,0.1338,Stable,High,3,211
8477493,Aleksander Barkov,C,F,FLA,31.42,48.4,False,13.98,34.79,110.97,62.65,34.62,0.28861,0.71828,2.29089,1.2935,0.71482,0.9294,0.9294,19.98,20.55,1.0285,13.42,12.6,neutral,121.44,2.507,-5.2,0.687,126.64,1.82,S,2.723,2.614,,-0.109,,73,67,0,19.64,20.26,,0.621,-0.5761,0.0638,Stable,Medium,2,140
8478856,Conor Garland,R,F,CBJ,30.89,75.8,False,17.03,25.68,163.11,48.55,41.01,0.22463,0.33874,2.15145,0.64045,0.54092,0.9454,0.9454,17.0,18.22,1.0716,8.76,10.89,positive regression,121.11,1.597,-5.53,-0.223,126.64,1.82,B,1.622,1.731,1.356,0.109,-0.375,82,81,71,14.54,18.66,17.19,1.327,-0.9814,0.1505,Stable,High,3,234
8477447,Shea Theodore,D,D,VGK,31.5,65.4,True,7.49,37.68,123.16,5.92,85.51,0.11445,0.57575,1.88216,0.09047,1.3067,0.9575,0.9788,22.4,22.74,1.0153,7.69,5.91,neutral,121.08,1.85,0.0,0.136,121.08,1.714,S,2.348,2.061,1.626,-0.287,-0.435,47,67,70,22.09,21.99,22.84,0.374,-1.0522,0.4046,Volatile,Medium,3,184
8475913,Mark Stone,R,F,VGK,34.72,63.8,False,16.84,35.75,104.6,26.86,35.86,0.26419,0.56072,1.64079,0.42133,0.56255,0.7933,0.7933,19.27,19.19,0.9954,21.54,15.06,negative regression,120.92,1.897,-5.72,0.077,126.64,1.82,A,2.247,2.284,2.761,0.037,0.477,56,66,60,19.41,19.25,19.21,-0.096,0.8364,0.089,Stable,Medium,3,182
8482705,Cole Sillinger,C,F,CBJ,23.72,74.2,False,12.32,23.55,145.31,105.74,51.03,0.16599,0.3172,1.95707,1.42407,0.68729,1.0854,1.0854,15.95,15.54,0.9742,5.88,9.46,positive regression,120.78,1.627,-5.86,-0.193,126.64,1.82,B,1.659,1.542,1.379,-0.117,-0.163,77,66,81,16.12,16.91,15.22,-0.449,-0.3698,0.2198,Stable,High,3,224
8482671,Owen Power,D,D,BUF,24.19,77.3,False,7.4,27.57,128.57,33.91,109.41,0.09567,0.35654,1.66295,0.43857,1.41518,1.0976,1.0976,21.84,21.26,0.9734,6.67,5.71,neutral,120.5,1.559,-0.58,-0.155,121.08,1.714,A,1.552,1.616,1.291,0.064,-0.325,76,79,81,22.92,21.31,21.65,-0.634,-0.2431,0.1641,Declining,High,3,236
8480797,Joel Farabee,L,F,CGY,26.94,79.2,False,17.98,19.47,156.48,69.48,51.3,0.22682,0.24573,1.97448,0.87675,0.64733,1.0201,1.0201,16.07,16.41,1.0208,14.08,11.67,negative regression,120.49,1.52,-6.15,-0.3,126.64,1.82,B,1.759,1.259,1.418,-0.5,0.159,82,81,82,16.19,14.91,16.92,0.366,-0.7442,0.1844,Stable,High,3,245
8474590,John Carlson,D,D,TBL,37.06,75.3,False,6.54,30.12,110.13,36.07,109.67,0.08683,0.39998,1.46227,0.47889,1.4562,0.725,0.8625,24.03,22.78,0.9479,9.15,5.79,negative regression,120.38,1.598,-0.7,-0.116,121.08,1.714,A,2.33,2.022,2.285,-0.308,0.263,82,79,71,25.89,23.56,23.16,-1.366,0.2599,0.215,Stable,High,3,232
8478911,Matt Roy,D,D,WSH,31.92,75.1,False,3.47,17.69,93.4,118.53,140.47,0.04615,0.23547,1.24321,1.57774,1.86979,0.9445,0.9722,20.47,20.33,0.9936,2.13,4.3,positive regression,120.35,1.602,-0.73,-0.112,121.08,1.714,A,1.97,1.63,1.495,-0.34,-0.135,81,69,79,20.89,19.88,20.61,-0.143,-0.6529,0.1214,Stable,High,3,229
8478407,Vince Dunn,D,D,SEA,30.26,69.9,False,10.19,30.41,144.14,30.25,76.23,0.14581,0.43521,2.0628,0.43291,1.09089,0.9841,0.992,22.09,21.44,0.9704,6.15,6.88,neutral,120.34,1.722,-0.74,0.008,121.08,1.714,S,2.08,1.903,1.652,-0.177,-0.251,59,62,81,23.09,22.08,21.66,-0.713,-0.4139,0.1701,Declining,Medium,3,202
8478055,Gustav Forsling,D,D,FLA,30.64,77.8,False,7.14,23.79,145.65,75.22,93.73,0.09179,0.30578,1.87181,0.96669,1.20451,0.9784,0.9892,22.62,22.84,1.0099,1.79,5.19,positive regression,119.67,1.538,-1.41,-0.176,121.08,1.714,A,1.841,1.613,1.306,-0.228,-0.307,79,80,80,22.14,22.95,22.63,0.244,-0.7619,0.1924,Stable,High,3,239
8482476,Emil Heineman,L,F,NYI,25.21,59.9,True,16.05,8.72,121.91,209.33,39.9,0.26809,0.1456,2.03606,3.49615,0.66638,1.0528,1.0528,14.56,16.75,1.15,12.64,13.03,neutral,119.3,1.992,-7.34,0.172,126.64,1.82,A,0.438,1.365,1.852,0.927,0.487,4,62,82,9.95,11.39,16.62,3.331,2.026,0.169,Rising,Medium,3,148
8480220,Noah Cates,L,F,PHI,27.99,74.2,False,15.12,23.54,118.74,90.12,51.07,0.20385,0.31732,1.60055,1.21478,0.68837,1.0042,1.0042,15.63,16.76,1.0717,13.64,12.56,neutral,119.27,1.608,-7.37,-0.212,126.64,1.82,B,1.091,1.491,1.677,0.4,0.186,59,78,82,13.8,15.88,16.24,1.223,0.7266,0.0654,Rising,Medium,3,219
8481533,Trevor Zegras,C,F,PHI,25.87,63.4,True,17.97,29.25,136.4,45.61,27.78,0.28363,0.46154,2.15231,0.71967,0.43839,1.0396,1.0396,17.98,18.73,1.0416,15.57,12.85,negative regression,119.13,1.88,-7.51,0.06,126.64,1.82,A,1.448,1.546,1.945,0.098,0.399,31,57,81,17.09,17.04,18.72,0.816,0.5744,0.2249,Rising,Low,3,169
8481546,Cam York,D,D,PHI,26.07,73.0,False,5.78,19.43,96.82,51.7,152.69,0.07923,0.2662,1.32633,0.70824,2.09161,1.0556,1.0556,22.03,22.0,0.9983,4.49,5.99,neutral,119.02,1.63,-2.06,-0.084,121.08,1.714,A,1.783,1.414,1.485,-0.369,0.071,82,66,74,22.62,20.78,22.54,-0.041,-0.3877,0.2162,Stable,High,3,222
8480802,Ryan McLeod,C,F,BUF,27.37,78.2,False,15.87,34.55,104.57,31.48,37.13,0.20275,0.44148,1.33641,0.4023,0.47451,1.0134,1.0134,16.51,18.05,1.0936,15.56,14.29,neutral,118.53,1.515,-8.11,-0.305,126.64,1.82,B,1.133,1.515,1.44,0.382,-0.075,81,79,81,14.24,16.83,17.61,1.684,0.0649,0.4339,Rising,High,3,241
8478882,Vladislav Gavrikov,D,D,NYR,31.2,78.6,False,8.26,21.33,115.24,52.42,120.45,0.10514,0.27147,1.4668,0.6672,1.53323,0.9668,0.9834,22.77,24.19,1.0626,11.76,6.59,negative regression,118.44,1.508,-2.64,-0.206,121.08,1.714,A,1.37,1.504,1.509,0.134,0.005,77,82,82,20.62,23.09,23.73,1.554,-0.0854,0.1394,Stable,High,3,241
8482110,Dawson Mercer,C,F,NJD,25.27,79.5,False,20.41,19.05,153.02,37.08,52.58,0.25675,0.2396,1.92474,0.46638,0.66142,1.0516,1.0516,17.86,18.32,1.0259,12.66,13.26,neutral,118.17,1.486,-8.47,-0.334,126.64,1.82,B,1.227,1.388,1.46,0.161,0.072,82,82,82,17.22,17.88,18.23,0.505,0.2649,0.1316,Rising,High,3,246
8477496,Elias Lindholm,C,F,BOS,32.17,74.1,False,14.16,25.73,121.16,66.43,56.54,0.19103,0.34706,1.63452,0.89624,0.76277,0.9067,0.9067,18.41,17.58,0.9549,14.91,11.7,negative regression,118.16,1.594,-8.48,-0.226,126.64,1.82,B,1.848,1.857,1.833,0.009,-0.024,75,82,69,19.69,18.08,17.88,-0.906,0.2594,0.2101,Stable,High,3,226
8480448,Parker Kelly,C,F,COL,27.72,78.6,False,13.23,12.45,99.99,172.4,65.8,0.16832,0.15833,1.27171,2.19263,0.83691,1.0082,1.0082,12.47,12.93,1.0366,20.19,12.72,negative regression,117.65,1.496,-8.99,-0.324,126.64,1.82,B,1.269,1.309,1.638,0.04,0.329,80,80,82,11.71,12.74,12.7,0.498,0.6151,0.0847,Stable,High,3,242
8476372,Nick Seeler,D,D,PHI,33.67,75.6,False,3.07,10.17,81.95,120.35,170.27,0.0406,0.13455,1.08456,1.59268,2.25342,0.8912,0.9456,17.38,17.72,1.0195,4.26,4.22,neutral,117.34,1.553,-3.74,-0.161,121.08,1.714,A,1.875,1.803,1.356,-0.072,-0.447,71,77,80,16.95,17.28,17.69,0.369,-1.0201,0.1409,Stable,High,3,228
8480028,Morgan Frost,C,F,CGY,27.72,77.2,False,16.58,22.88,136.79,60.68,48.76,0.21486,0.29636,1.77221,0.78617,0.63176,1.0082,1.0082,15.66,15.51,0.9905,15.71,12.04,negative regression,117.2,1.518,-9.44,-0.302,126.64,1.82,B,1.675,1.468,1.487,-0.207,0.019,71,81,82,15.83,15.76,15.5,-0.162,-0.2962,0.1281,Stable,High,3,234
8477451,Ryan Hartman,R,F,MIN,32.37,72.9,False,16.94,17.5,148.94,63.13,62.49,0.23248,0.24019,2.04382,0.8663,0.85743,0.9005,0.9005,16.13,16.23,1.0065,13.77,11.57,negative regression,116.98,1.605,-9.66,-0.215,126.64,1.82,B,1.915,1.408,1.936,-0.507,0.528,74,69,76,16.52,14.97,16.75,0.114,-0.0103,0.1974,Stable,High,3,219
8474578,Erik Karlsson,D,D,PIT,36.67,77.3,False,8.69,33.05,135.96,23.99,69.88,0.11236,0.42742,1.75857,0.31028,0.90392,0.7448,0.8724,23.65,23.34,0.9871,8.52,6.17,negative regression,116.59,1.508,-4.49,-0.206,121.08,1.714,A,2.001,1.858,2.124,-0.143,0.266,82,82,75,24.27,23.24,23.6,-0.334,0.2261,0.1858,Stable,High,3,239
8476906,Shayne Gostisbehere,D,D,CAR,33.79,67.9,False,8.54,35.5,112.0,32.29,65.04,0.12579,0.523,1.65009,0.47568,0.9583,0.8875,0.9438,18.94,19.0,1.0035,11.21,7.05,negative regression,116.35,1.714,-4.73,0.0,121.08,1.714,S,1.752,1.723,2.305,-0.029,0.582,81,70,55,19.09,18.52,19.23,0.072,0.8414,0.1481,Stable,Medium,3,206
8475172,Nazem Kadri,C,F,COL,36.32,77.9,False,18.57,25.42,175.87,37.9,20.16,0.2383,0.32616,2.25657,0.48624,0.25862,0.712,0.712,18.99,19.27,1.0147,7.51,10.95,positive regression,116.29,1.492,-10.35,-0.328,126.64,1.82,B,2.297,2.212,1.759,-0.085,-0.453,82,82,77,18.43,19.36,19.03,0.304,-0.9672,0.074,Stable,High,3,241
8477402,Pavel Buchnevich,L,F,STL,31.8,77.3,False,18.28,28.09,136.1,32.88,29.44,0.23645,0.36327,1.76041,0.42534,0.38081,0.918,0.918,18.76,17.9,0.9539,14.08,13.25,neutral,115.99,1.5,-10.65,-0.32,126.64,1.82,B,1.968,1.806,1.522,-0.162,-0.284,80,76,81,19.82,19.03,17.94,-0.944,-0.4324,0.1679,Declining,High,3,237
8476399,Blake Coleman,L,F,MIN,35.18,74.7,False,16.35,15.52,141.49,117.34,42.9,0.21889,0.20783,1.89442,1.57112,0.57436,0.7698,0.7698,17.41,17.5,1.0052,11.36,11.91,neutral,115.69,1.549,-10.95,-0.271,126.64,1.82,B,2.182,1.871,1.972,-0.311,0.101,78,82,69,17.13,17.68,17.33,0.098,-0.4061,0.085,Stable,High,3,229
8471675,Sidney Crosby,C,F,PIT,39.49,74.6,False,18.71,29.34,122.54,42.3,20.22,0.25076,0.39315,1.64203,0.56681,0.27102,0.6,0.6,19.87,19.48,0.9803,18.12,14.82,negative regression,115.35,1.546,-11.29,-0.274,126.64,1.82,B,2.888,2.676,2.529,-0.212,-0.147,82,80,68,20.09,20.38,19.23,-0.428,-0.368,0.1004,Stable,High,3,230
8476457,Adam Larsson,D,D,SEA,34.22,79.3,False,5.05,14.75,92.94,105.89,135.66,0.0637,0.18595,1.17177,1.33505,1.71042,0.8698,0.9349,21.7,20.98,0.9668,6.6,5.39,neutral,114.82,1.448,-6.26,-0.266,121.08,1.714,A,1.651,1.645,1.658,-0.006,0.013,81,82,82,22.95,21.19,21.37,-0.786,0.1682,0.1158,Stable,High,3,245
8475158,Ryan O'Reilly,C,F,NSH,35.98,78.4,False,16.64,29.86,114.66,14.87,47.02,0.21208,0.38067,1.46186,0.18953,0.59943,0.729,0.729,19.78,20.06,1.0146,16.23,14.09,negative regression,114.69,1.462,-11.95,-0.358,126.64,1.82,B,2.05,1.796,2.137,-0.254,0.341,82,79,81,19.77,18.99,20.39,0.315,0.0321,0.1486,Stable,High,3,242
8475753,Justin Faulk,D,D,DET,34.87,73.1,False,6.63,21.82,112.87,70.68,106.91,0.09071,0.29836,1.54351,0.96656,1.46205,0.8366,0.9183,22.16,22.18,1.001,10.81,5.54,negative regression,114.48,1.566,-6.6,-0.148,121.08,1.714,A,1.98,1.574,1.928,-0.406,0.354,60,78,78,21.96,22.45,22.01,0.024,-0.0765,0.1465,Stable,High,3,216
8479998,Mikey Anderson,D,D,LAK,27.69,76.1,False,4.18,16.84,76.38,118.24,129.51,0.05495,0.22119,1.00337,1.55321,1.70128,1.0246,1.0246,21.29,21.26,0.9987,6.56,5.42,neutral,114.06,1.498,-7.02,-0.216,121.08,1.714,A,1.515,1.543,1.374,0.028,-0.169,74,77,80,20.63,22.69,20.57,-0.03,-0.1993,0.088,Stable,High,3,231
8480873,Rasmus Sandin,D,D,WSH,26.91,74.1,False,4.23,23.19,82.03,84.27,117.95,0.05712,0.3131,1.10763,1.13787,1.59259,1.0388,1.0388,19.63,18.75,0.9552,5.56,5.28,neutral,113.69,1.535,-7.39,-0.179,121.08,1.714,A,1.47,1.459,1.665,-0.011,0.206,68,82,73,21.12,19.19,19.2,-0.96,0.5138,0.0821,Stable,High,3,223
8478434,Keegan Kolesar,R,F,DET,29.82,78.9,False,8.71,12.94,74.2,252.3,43.26,0.11037,0.16395,0.94003,3.19619,0.548,0.9757,0.9757,11.93,12.24,1.0259,8.96,12.05,positive regression,113.57,1.439,-13.07,-0.381,126.64,1.82,B,1.414,1.57,1.312,0.156,-0.258,79,82,82,10.86,13.19,11.54,0.337,-0.4926,0.0901,Stable,High,3,243
8480185,Eetu Luostarinen,C,F,FLA,28.42,76.2,False,11.2,17.98,103.45,142.86,57.44,0.14701,0.23597,1.35789,1.87512,0.75398,0.9973,0.9973,15.96,16.26,1.0183,10.28,11.29,neutral,113.56,1.491,-13.08,-0.329,126.64,1.82,B,1.338,1.389,1.578,0.051,0.189,82,80,73,15.94,15.29,16.57,0.319,0.337,0.13,Stable,High,3,235
8477495,Seth Jones,D,D,FLA,32.33,62.6,True,7.16,23.64,115.67,69.59,92.82,0.11446,0.3778,1.84887,1.11233,1.4837,0.9321,0.9661,24.54,23.72,0.9666,7.95,5.98,neutral,113.53,1.815,-7.55,0.101,121.08,1.714,S,2.053,2.146,1.836,0.093,-0.31,67,63,52,25.48,24.64,23.7,-0.893,-0.0931,0.1915,Declining,Medium,3,182
8474564,Steven Stamkos,C,F,NSH,36.98,78.9,False,22.5,18.82,136.14,51.42,26.83,0.28501,0.23841,1.72469,0.65144,0.33991,0.679,0.679,17.98,17.8,0.9898,20.39,15.76,negative regression,113.32,1.436,-13.32,-0.384,126.64,1.82,B,2.677,1.81,2.211,-0.867,0.401,79,82,82,18.23,18.0,17.83,-0.2,-0.6845,0.1117,Stable,High,3,243
8478013,Jake Walman,D,D,EDM,30.95,62.6,True,8.31,18.22,121.13,36.62,125.02,0.13271,0.29086,1.93422,0.58482,1.99633,0.9738,0.9869,20.48,20.02,0.9772,8.33,6.67,neutral,113.2,1.808,-7.88,0.094,121.08,1.714,S,1.825,2.312,1.564,0.487,-0.748,63,65,53,19.77,22.77,18.75,-0.509,-0.2664,0.2368,Declining,Medium,3,181
8480355,Mark Kastelic,C,F,BOS,27.9,70.7,False,9.93,10.13,92.63,224.26,55.05,0.14047,0.14334,1.31039,3.17253,0.77881,1.0055,1.0055,10.98,12.62,1.15,12.0,11.23,neutral,113.07,1.6,-13.57,-0.22,126.64,1.82,B,0.993,1.489,1.456,0.496,-0.033,63,61,82,7.72,10.74,12.62,2.447,-0.3946,0.1101,Stable,High,3,206
8475745,Charlie Coyle,C,F,CBJ,34.92,79.8,False,14.99,23.13,102.63,87.22,43.5,0.18793,0.29,1.28685,1.09365,0.54545,0.7831,0.7831,17.72,17.73,1.0009,13.89,14.27,neutral,112.73,1.414,-13.91,-0.406,126.64,1.82,B,2.095,1.46,1.943,-0.635,0.483,82,83,82,18.07,16.99,18.1,0.017,-0.257,0.077,Stable,High,3,247
8479400,Pierre-Luc Dubois,C,F,WSH,28.61,62.9,True,13.7,28.98,109.15,59.7,37.99,0.21768,0.46041,1.73424,0.94855,0.60362,0.9942,0.9942,16.66,17.17,1.0308,11.9,12.51,neutral,112.48,1.787,-14.16,-0.033,126.64,1.82,A,1.488,2.012,1.602,0.524,-0.41,82,82,29,15.7,17.3,16.82,0.56,0.0126,0.2336,Rising,Medium,3,193
8480860,Kevin Bahl,D,D,CGY,26.6,75.4,False,3.57,16.04,76.29,137.53,119.89,0.04736,0.21274,1.01211,1.82462,1.5906,1.045,1.045,20.55,22.64,1.1015,7.02,4.92,negative regression,112.1,1.487,-8.98,-0.227,121.08,1.714,A,1.13,1.455,1.25,0.325,-0.205,82,73,76,17.4,21.39,21.95,2.276,-0.2409,0.1548,Stable,High,3,231
8479675,Trevor Moore,L,F,LAK,31.84,72.7,False,17.53,19.21,156.84,62.35,34.59,0.24122,0.26433,2.15775,0.85785,0.47584,0.9168,0.9168,17.13,16.56,0.9665,8.18,11.61,positive regression,111.99,1.541,-14.65,-0.279,126.64,1.82,B,2.15,1.638,1.483,-0.512,-0.155,82,71,69,17.98,16.88,16.73,-0.626,-0.9273,0.1466,Declining,High,3,222
8476462,Dougie Hamilton,D,D,NJD,33.63,61.8,True,8.75,23.03,153.35,66.3,67.53,0.14156,0.37264,2.48089,1.07259,1.0925,0.8925,0.9462,20.88,21.14,1.0124,5.91,5.75,neutral,111.95,1.811,-9.13,0.097,121.08,1.714,S,2.382,2.14,1.809,-0.242,-0.331,20,64,77,20.98,19.86,21.54,0.282,-0.888,0.1352,Stable,Medium,3,161
8476454,Ryan Nugent-Hopkins,C,F,EDM,33.81,75.0,False,15.74,29.93,127.14,28.69,30.4,0.20989,0.39904,1.69514,0.3825,0.40531,0.8397,0.8397,19.18,18.92,0.9865,15.04,12.27,negative regression,111.82,1.491,-14.82,-0.329,126.64,1.82,B,2.011,1.668,1.803,-0.343,0.135,80,78,72,19.62,18.97,19.06,-0.283,-0.2369,0.3026,Volatile,High,3,230
8478508,Yakov Trenin,C,F,MIN,30.05,76.9,False,8.29,10.24,89.69,274.95,32.69,0.10783,0.13316,1.16673,3.57656,0.42527,0.9715,0.9715,13.35,12.76,0.9557,6.12,10.31,positive regression,111.82,1.455,-14.82,-0.365,126.64,1.82,B,1.354,1.291,1.81,-0.063,0.519,76,76,82,14.57,12.52,13.28,-0.646,1.3018,0.1661,Stable,High,3,234
8482702,Logan Stankoven,C,F,CAR,23.93,67.3,True,17.52,22.17,165.42,47.81,26.07,0.26026,0.32942,2.45744,0.71021,0.38737,1.0806,1.0806,15.24,15.59,1.0234,12.65,10.98,neutral,111.8,1.661,-14.84,-0.159,126.64,1.82,A,1.646,1.465,1.47,-0.181,0.005,24,78,81,14.67,15.09,15.45,0.389,-0.5102,0.1984,Stable,Medium,3,183
8477987,Ryan Donato,C,F,CHI,30.82,78.2,False,18.16,19.95,140.28,87.97,19.75,0.23203,0.25499,1.79266,1.12416,0.25235,0.9476,0.9476,15.08,15.42,1.0224,12.3,12.74,neutral,111.79,1.429,-14.85,-0.391,126.64,1.82,B,1.315,2.036,1.143,0.721,-0.893,78,80,82,14.0,16.31,14.74,0.369,-0.4901,0.173,Stable,High,3,240
8476869,Brady Skjei,D,D,NSH,32.85,79.1,False,7.34,23.47,131.72,61.15,84.84,0.09271,0.29668,1.66467,0.77288,1.07225,0.9165,0.9583,22.04,22.65,1.0277,2.7,5.73,positive regression,111.57,1.41,-9.51,-0.304,121.08,1.714,B,1.876,1.474,1.226,-0.402,-0.248,80,82,82,21.28,21.89,22.61,0.666,-1.0175,0.1024,Stable,High,3,244
8477969,Marcus Pettersson,D,D,NYR,30.74,78.5,False,3.53,19.54,71.96,84.2,135.15,0.04499,0.24892,0.91668,1.07255,1.72165,0.9769,0.9885,21.84,21.28,0.9744,4.55,5.13,neutral,111.31,1.418,-9.77,-0.296,121.08,1.714,B,1.741,1.569,1.241,-0.172,-0.328,82,78,82,22.67,21.69,21.45,-0.609,-0.5676,0.1087,Declining,High,3,242
8481601,Simon Holmstrom,R,F,NYI,25.69,75.5,False,18.91,22.63,104.01,23.75,54.72,0.25049,0.29975,1.37768,0.31456,0.72478,1.0432,1.0432,15.94,17.5,1.0981,19.0,16.52,negative regression,111.27,1.474,-15.37,-0.346,126.64,1.82,B,1.009,1.554,1.328,0.545,-0.226,75,75,79,13.32,16.86,16.73,1.705,0.1089,0.1748,Rising,High,3,229
8481522,Peyton Krebs,C,F,BUF,26.02,78.9,False,10.16,21.61,88.88,163.46,35.26,0.12879,0.274,1.12683,2.07243,0.44707,1.0366,1.0366,13.51,14.09,1.0427,12.9,11.59,neutral,111.1,1.409,-15.54,-0.411,126.64,1.82,B,0.853,1.202,1.622,0.349,0.42,80,81,82,12.51,13.93,13.76,0.629,1.4887,0.2064,Rising,High,3,243
8481568,Alex Vlasic,D,D,CHI,25.66,78.1,False,3.39,20.72,90.78,47.49,142.9,0.04346,0.26539,1.16291,0.60836,1.83063,1.0645,1.0645,21.94,21.78,0.9928,2.33,4.36,positive regression,110.99,1.422,-10.09,-0.292,121.08,1.714,B,1.298,1.576,1.146,0.278,-0.43,76,82,81,21.48,23.26,21.13,-0.173,-0.1857,0.191,Stable,High,3,239
8484145,Zach Benson,L,F,BUF,21.73,70.4,False,14.45,27.59,134.38,44.66,32.91,0.20532,0.39208,1.90947,0.63466,0.46768,1.1335,1.1335,15.16,15.78,1.0415,11.21,11.23,neutral,110.9,1.576,-15.74,-0.244,126.64,1.82,B,1.189,1.095,1.602,-0.094,0.507,71,75,65,14.52,14.82,15.89,0.686,0.566,0.1395,Rising,High,3,211
8481606,Jordan Spence,D,D,OTT,25.94,73.9,False,5.64,27.43,109.74,77.84,75.4,0.0764,0.37126,1.48551,1.05367,1.0206,1.0583,1.0583,17.02,18.99,1.1158,6.48,5.2,neutral,110.85,1.5,-10.23,-0.214,121.08,1.714,A,1.15,1.264,1.34,0.114,0.076,71,79,73,14.43,16.79,18.73,2.15,-0.2441,0.1588,Stable,High,3,223
8477506,Ryan Pulock,D,D,NYI,32.32,71.1,False,4.06,17.56,84.33,73.31,140.21,0.05704,0.24694,1.18567,1.03071,1.97135,0.9324,0.9662,21.26,20.47,0.9626,3.23,5.14,neutral,110.85,1.558,-10.23,-0.156,121.08,1.714,A,2.008,1.7,1.547,-0.308,-0.153,58,74,76,22.55,21.08,20.82,-0.867,-0.442,0.2083,Declining,Medium,3,208
8482097,Jack Quinn,R,F,BUF,25.37,67.2,True,17.17,25.09,144.46,46.04,22.82,0.25553,0.37343,2.15004,0.68532,0.33969,1.0496,1.0496,15.36,15.36,1.0005,10.47,12.19,neutral,110.84,1.65,-15.8,-0.17,126.64,1.82,A,1.919,1.355,1.638,-0.564,0.283,27,74,82,15.64,14.86,15.66,0.008,-0.5416,0.2545,Volatile,Medium,3,183
8482737,Zachary Bolduc,R,F,MTL,23.94,65.1,True,14.68,16.9,108.7,129.56,38.95,0.22568,0.2598,1.67067,1.99125,0.5986,1.0804,1.0804,13.15,13.9,1.0563,11.88,13.28,neutral,110.57,1.699,-16.07,-0.121,126.64,1.82,A,1.132,1.607,1.477,0.475,-0.13,25,72,78,12.02,12.81,13.63,0.808,0.424,0.2422,Rising,Medium,3,175
8480049,Dylan Samberg,D,D,WPG,28.02,68.2,False,3.88,17.11,103.43,67.82,137.01,0.05685,0.25069,1.51542,0.99376,2.00748,1.0187,1.0187,19.81,22.65,1.1433,1.15,4.37,positive regression,110.46,1.618,-10.62,-0.096,121.08,1.714,A,1.165,1.674,1.294,0.509,-0.38,78,60,66,15.63,21.14,21.82,3.098,-0.4585,0.1111,Stable,High,3,204
8477505,Alexander Wennberg,C,F,SJS,32.36,77.1,False,11.89,26.73,83.23,31.45,78.2,0.15429,0.34682,1.08004,0.40808,1.01478,0.9008,0.9008,19.32,20.45,1.0585,19.35,13.51,negative regression,110.01,1.428,-16.63,-0.392,126.64,1.82,B,1.253,1.348,1.795,0.095,0.447,79,77,80,17.99,18.86,20.46,1.233,0.5437,0.1545,Rising,High,3,236
8478038,Devon Toews,D,D,COL,32.95,73.6,False,6.85,26.08,118.27,40.01,89.76,0.09299,0.35424,1.60633,0.54339,1.21919,0.9135,0.9567,23.42,22.93,0.9793,2.61,5.92,positive regression,109.97,1.494,-11.11,-0.22,121.08,1.714,A,1.929,1.786,1.309,-0.143,-0.477,82,76,68,23.43,24.59,22.37,-0.53,-0.7143,0.1906,Declining,High,3,226
8475188,Brayden McNabb,D,D,VGK,36.03,73.6,False,3.8,10.75,69.52,114.48,150.46,0.05165,0.14609,0.94506,1.55624,2.04527,0.7775,0.8887,20.05,20.58,1.0267,6.17,5.49,neutral,109.7,1.491,-11.38,-0.223,121.08,1.714,A,1.904,1.606,1.656,-0.298,0.05,82,82,63,19.35,20.11,20.52,0.585,-0.5305,0.0883,Stable,High,3,227
8478851,Alexandre Carrier,D,D,MTL,30.32,74.2,False,4.51,17.28,68.87,54.18,152.93,0.06071,0.23275,0.92756,0.72976,2.05964,0.9832,0.9916,19.54,19.67,1.0066,12.5,6.07,negative regression,109.63,1.476,-11.45,-0.238,121.08,1.714,A,1.418,1.588,1.454,0.17,-0.134,73,79,73,18.8,20.59,19.08,0.141,0.0235,0.145,Stable,High,3,225
8475279,Ben Chiarot,D,D,DET,35.74,78.3,False,3.93,8.79,83.69,136.99,138.81,0.05019,0.11224,1.06869,1.74926,1.77257,0.7923,0.8961,20.72,21.2,1.0234,4.85,4.96,neutral,109.58,1.399,-11.5,-0.315,121.08,1.714,B,1.813,1.394,1.591,-0.419,0.197,77,81,82,19.78,21.23,20.84,0.53,-0.4596,0.1343,Stable,High,3,240
8482713,Mackie Samoskevich,R,F,SEA,24.21,61.4,True,13.59,16.95,138.7,125.88,31.06,0.22136,0.27624,2.25981,2.05105,0.50609,1.0744,1.0744,13.92,15.03,1.08,7.45,10.63,positive regression,109.46,1.783,-17.18,-0.037,126.64,1.82,A,0.529,1.547,1.518,1.018,-0.029,7,72,77,12.04,13.32,14.47,1.215,1.8305,0.1987,Rising,Medium,3,156
8477476,Artturi Lehkonen,L,F,COL,31.58,65.6,True,19.95,20.73,132.32,40.51,29.9,0.30434,0.31614,2.01824,0.61795,0.456,0.9246,0.9246,19.17,19.17,1.0002,13.73,14.61,neutral,109.41,1.669,-17.23,-0.151,126.64,1.82,A,2.012,1.789,1.8,-0.223,0.011,45,69,70,18.47,20.38,18.48,0.005,-0.3463,0.2397,Stable,Medium,3,184
8477497,Sean Monahan,C,F,CBJ,32.31,71.4,True,16.14,26.72,123.33,32.55,32.21,0.22598,0.3741,1.72638,0.45563,0.45087,0.9024,0.9024,17.88,17.44,0.9752,9.92,13.17,positive regression,108.66,1.521,-17.98,-0.299,126.64,1.82,B,1.787,2.446,1.298,0.659,-1.148,83,54,78,18.09,19.02,17.12,-0.485,-0.6894,0.1668,Stable,Medium,3,215
8478421,Anthony-John (AJ) Greer,L,F,ANA,30.13,73.7,False,11.79,12.89,96.02,202.11,31.16,0.15996,0.17489,1.30302,2.74282,0.42288,0.969,0.969,10.68,12.29,1.15,16.35,12.19,negative regression,108.64,1.474,-18.0,-0.346,126.64,1.82,B,0.982,1.189,1.575,0.207,0.386,59,81,78,8.83,9.59,12.43,1.798,0.4653,0.1753,Rising,Medium,3,218
8479525,Ross Colton,C,F,NSH,30.39,71.1,False,13.36,15.22,131.11,138.13,33.25,0.18793,0.21417,1.84495,1.94379,0.4679,0.9609,0.9609,13.4,12.85,0.9589,5.88,10.92,positive regression,108.47,1.526,-18.17,-0.294,126.64,1.82,B,1.684,1.868,1.425,0.184,-0.443,80,61,73,13.72,14.42,12.52,-0.6,-0.2677,0.173,Declining,High,3,214
8482087,Kaiden Guhle,D,D,MTL,25.04,57.1,True,4.74,13.53,73.44,113.28,127.76,0.08312,0.23705,1.28697,1.98517,2.2389,1.0781,1.0781,20.53,19.9,0.969,5.0,6.19,neutral,108.16,1.896,-12.92,0.182,121.08,1.714,S,1.939,1.906,1.609,-0.033,-0.297,70,55,39,20.85,21.18,19.46,-0.694,-0.3102,0.1527,Declining,Low,3,164
8484387,Matvei Michkov,R,F,PHI,22.15,63.3,False,17.92,26.54,141.72,25.4,16.69,0.28311,0.41927,2.23846,0.40111,0.26365,1.1233,1.1233,15.65,14.09,0.9,12.27,12.68,neutral,107.85,1.703,-18.79,-0.117,126.64,1.82,A,,1.89,1.533,,-0.357,0,80,81,,16.68,14.84,-1.844,-0.5975,0.0798,Declining,Medium,2,161
8477932,Aaron Ekblad,D,D,FLA,30.98,64.1,True,4.34,23.6,104.8,91.48,84.09,0.06769,0.36836,1.63587,1.42797,1.3127,0.9733,0.9867,22.46,23.2,1.033,4.12,4.58,neutral,107.52,1.678,-13.56,-0.036,121.08,1.714,A,1.595,1.916,1.506,0.321,-0.41,51,56,72,20.86,23.51,22.48,0.808,-0.2843,0.141,Stable,Low,3,179
8478366,Frank Vatrano,R,F,ANA,32.89,69.2,True,15.49,12.53,143.63,104.77,43.55,0.22369,0.18097,2.07403,1.51295,0.62886,0.8844,0.8844,16.04,14.44,0.9,6.33,11.33,positive regression,107.52,1.553,-19.12,-0.267,126.64,1.82,B,2.534,2.112,1.089,-0.422,-1.023,82,81,50,18.34,17.55,11.82,-3.261,-1.3807,0.0842,Declining,Medium,3,213
8482659,Josh Doan,R,F,BUF,25.0,58.4,True,17.52,20.64,134.3,62.84,24.7,0.29978,0.35323,2.29822,1.07536,0.42269,1.057,1.057,14.94,16.57,1.1091,14.71,12.92,neutral,107.36,1.837,-19.28,0.017,126.64,1.82,A,2.118,1.159,1.737,-0.959,0.578,11,51,82,12.31,13.52,15.87,1.779,-1.8778,0.2671,Volatile,Low,3,144
8480068,Ryan Poehling,C,F,ANA,28.08,72.9,False,11.42,21.04,91.17,42.97,87.05,0.15669,0.2887,1.251,0.58962,1.19455,1.0027,1.0027,14.68,14.71,1.0022,11.7,12.47,neutral,107.13,1.47,-19.51,-0.35,126.64,1.82,B,1.453,1.412,1.5,-0.041,0.088,77,68,75,15.0,13.88,15.07,0.035,0.0794,0.1623,Stable,High,3,220
8481598,Philip Broberg,D,D,STL,25.6,62.6,True,6.34,24.62,96.43,39.12,100.35,0.10127,0.39355,1.54132,0.62529,1.60402,1.0658,1.0658,21.67,24.93,1.15,6.12,6.26,neutral,107.01,1.711,-14.07,-0.003,121.08,1.714,S,0.683,1.569,1.358,0.886,-0.211,12,68,81,11.62,20.5,23.36,5.87,-0.0203,0.1791,Stable,Medium,3,161
8485366,Matthew Schaefer,D,D,NYI,19.41,43.6,False,12.2,21.95,135.81,25.43,69.0,0.27977,0.50305,3.11305,0.58301,1.58177,1.167,1.167,24.68,24.68,1.0,10.36,7.89,negative regression,106.94,2.451,-14.14,0.737,121.08,1.714,S+,,,2.197,,,0,0,82,,,24.68,0.0,0.0,0.0,Stable,Low,1,82
8475170,Brayden Schenn,C,F,NYI,35.45,78.9,False,13.04,18.51,100.41,129.59,34.4,0.16528,0.23463,1.27298,1.64299,0.43619,0.756,0.756,17.29,16.83,0.9732,15.13,12.8,negative regression,106.85,1.355,-19.79,-0.465,126.64,1.82,B,1.904,1.998,1.696,0.094,-0.302,82,82,80,17.78,17.56,16.77,-0.506,-0.1783,0.0793,Declining,High,3,244
8482159,Tyson Foerster,R,F,PHI,25.04,61.8,True,19.62,12.42,127.88,69.22,45.37,0.31771,0.20109,2.07087,1.12097,0.73479,1.0562,1.0562,17.09,17.1,1.0008,21.31,14.45,negative regression,106.77,1.729,-19.87,-0.091,126.64,1.82,A,1.586,1.632,1.907,0.046,0.275,77,81,29,17.27,16.86,17.3,0.014,0.5524,0.1518,Stable,Medium,3,187
8475218,Mattias Ekholm,D,D,EDM,36.69,74.7,False,6.02,22.45,106.16,64.11,91.29,0.08064,0.30058,1.42138,0.8584,1.22233,0.7438,0.8719,21.17,20.96,0.9901,4.58,5.74,neutral,106.42,1.425,-14.66,-0.289,121.08,1.714,B,2.016,1.802,1.718,-0.214,-0.084,79,65,82,21.05,22.2,20.59,-0.229,-0.3706,0.287,Volatile,High,3,226
8480727,Zach Whitecloud,D,D,CGY,30.18,72.3,False,3.16,13.03,68.3,129.55,125.6,0.04374,0.18012,0.9445,1.79153,1.73688,0.9853,0.9927,18.79,20.04,1.0667,2.99,5.05,positive regression,105.98,1.466,-15.1,-0.248,121.08,1.714,A,1.511,1.24,1.415,-0.271,0.175,61,74,78,17.58,17.51,20.32,1.367,-0.4899,0.1342,Stable,High,3,213
8478136,Jacob Middleton,D,D,CGY,31.08,73.2,False,4.7,13.49,72.71,98.27,130.7,0.06418,0.18435,0.99349,1.34266,1.78582,0.9705,0.9853,19.46,18.4,0.9458,3.23,6.32,positive regression,105.94,1.447,-15.14,-0.267,121.08,1.714,A,1.746,1.863,1.235,0.117,-0.628,80,67,75,19.81,21.87,17.51,-1.151,-0.5278,0.1205,Declining,High,3,222
8484258,Sam Malinski,D,D,COL,28.52,66.9,True,6.73,20.86,129.26,47.6,91.73,0.10059,0.31162,1.93104,0.71111,1.37039,1.0112,1.0112,16.67,18.23,1.0932,4.88,5.4,neutral,105.77,1.58,-15.31,-0.134,121.08,1.714,A,1.376,1.199,1.598,-0.177,0.399,23,76,82,14.22,15.95,17.62,1.696,-0.1804,0.1484,Stable,Medium,3,181
8477501,Valeri Nichushkin,R,F,CBJ,31.92,61.4,True,18.33,21.02,128.22,53.04,21.54,0.29872,0.34252,2.08911,0.86427,0.35098,0.9144,0.9144,19.07,17.41,0.9129,10.62,14.22,positive regression,105.58,1.72,-21.06,-0.1,126.64,1.82,A,2.6,2.269,1.756,-0.331,-0.513,54,43,72,21.35,19.74,17.73,-1.812,-0.6809,0.1278,Declining,Low,3,169
8471214,Alex Ovechkin,L,F,WSH,41.38,74.7,False,19.64,17.72,139.91,75.09,10.16,0.26303,0.2373,1.87324,1.00544,0.13597,0.6,0.6,17.99,17.18,0.9548,13.11,13.82,neutral,105.43,1.412,-21.21,-0.408,126.64,1.82,B,2.477,2.978,2.207,0.501,-0.771,79,65,82,19.22,17.72,17.45,-0.886,-0.0702,0.1443,Declining,High,3,226
8481553,Bobby Brink,R,F,MIN,25.57,69.7,False,14.22,20.89,109.0,82.77,35.58,0.20405,0.29981,1.56406,1.18766,0.51062,1.0456,1.0456,14.75,15.38,1.0424,14.42,12.89,neutral,105.14,1.509,-21.5,-0.311,126.64,1.82,B,1.189,1.435,1.438,0.246,0.003,57,79,68,13.79,14.83,15.16,0.683,0.2596,0.2005,Rising,Medium,3,204
8483490,Pavel Mintyukov,D,D,ANA,23.19,69.6,False,6.17,18.58,87.71,72.57,105.17,0.08866,0.26691,1.25976,1.04228,1.51059,1.1222,1.1222,18.25,18.06,0.9895,10.13,6.42,negative regression,104.7,1.504,-16.38,-0.21,121.08,1.714,A,1.539,1.32,1.313,-0.219,-0.007,63,68,73,18.84,17.6,18.43,-0.21,-0.3119,0.2567,Volatile,High,3,204
8479369,Andrew Peeke,D,D,UTA,28.88,68.2,True,3.33,12.64,77.38,110.54,129.3,0.04887,0.18542,1.13479,1.62108,1.89627,1.0058,1.0058,18.67,20.04,1.0733,6.1,4.73,neutral,104.6,1.534,-16.48,-0.18,121.08,1.714,A,1.736,1.357,1.351,-0.379,-0.006,38,76,77,16.4,18.61,19.39,1.493,-1.0837,0.2529,Volatile,Medium,3,191
8482245,Artem Zub,D,D,OTT,31.33,70.2,False,4.01,18.42,76.08,80.29,117.82,0.05707,0.26228,1.08305,1.1429,1.67713,0.9628,0.9814,20.81,20.7,0.995,5.43,5.42,neutral,104.36,1.486,-16.72,-0.228,121.08,1.714,A,1.786,1.463,1.438,-0.323,-0.025,69,56,81,21.02,20.63,20.79,-0.113,-0.4743,0.2724,Volatile,Medium,3,206
8476905,Chandler Stephenson,C,F,SEA,32.78,76.6,False,12.53,31.05,78.2,27.25,44.39,0.16366,0.40555,1.02143,0.35586,0.57977,0.8878,0.8878,19.21,19.62,1.0214,17.2,14.93,negative regression,104.35,1.363,-22.29,-0.457,126.64,1.82,B,1.622,1.513,1.488,-0.109,-0.025,75,78,80,18.48,19.51,19.38,0.449,-0.3292,0.2147,Stable,High,3,233
8475726,Tyler Toffoli,C,F,SJS,34.77,77.0,False,19.12,18.95,150.22,41.69,19.32,0.24837,0.24609,1.95091,0.54139,0.25091,0.7907,0.7907,16.12,15.21,0.9435,11.05,12.85,neutral,104.3,1.355,-22.34,-0.465,126.64,1.82,B,1.927,1.961,1.636,0.034,-0.325,79,78,79,16.96,16.93,14.97,-0.994,-0.1298,0.2845,Declining,High,3,236
8478468,Jeremy Lauzon,D,D,VGK,29.76,61.1,True,2.56,7.68,65.71,245.44,81.14,0.04193,0.12578,1.07613,4.0195,1.32876,0.9918,0.9959,17.8,17.15,0.9631,1.37,4.71,positive regression,103.98,1.703,-17.1,-0.011,121.08,1.714,S,1.961,1.52,1.693,-0.441,0.173,79,28,68,18.61,17.97,17.18,-0.716,-0.2046,0.0828,Declining,Medium,3,175
8475798,Mikael Granlund,C,F,ANA,34.93,69.8,False,13.5,26.89,104.85,36.53,38.43,0.19342,0.3852,1.50195,0.52323,0.55042,0.7826,0.7826,19.73,18.91,0.9585,16.24,12.62,negative regression,103.83,1.487,-22.81,-0.333,126.64,1.82,B,2.141,2.021,1.884,-0.12,-0.137,69,83,58,20.96,19.45,19.17,-0.893,-0.1165,0.0874,Declining,Medium,3,210
8477365,Connor Clifton,D,D,BOS,31.77,66.7,True,2.46,10.15,54.23,195.44,103.55,0.03682,0.15217,0.81313,2.93064,1.5527,0.9491,0.9746,16.43,16.53,1.0059,5.71,4.99,neutral,103.6,1.553,-17.48,-0.161,121.08,1.714,A,1.548,1.591,1.613,0.043,0.022,79,73,50,16.56,16.05,16.77,0.105,0.081,0.0914,Stable,Medium,3,202
8476312,Josh Manson,D,D,COL,35.32,68.9,True,4.0,16.28,87.14,146.75,81.25,0.05808,0.23617,1.26405,2.12868,1.17855,0.8137,0.9068,17.84,17.84,1.0,3.91,4.99,neutral,103.29,1.498,-17.79,-0.216,121.08,1.714,A,1.846,1.55,1.742,-0.296,0.192,76,48,79,17.78,18.04,17.78,0.0,-0.175,0.0965,Stable,Medium,3,203
8478840,William Borgen,D,D,BOS,30.12,77.8,False,4.35,12.82,78.18,132.62,105.95,0.05589,0.1648,1.00478,1.70442,1.36156,0.9862,0.9931,17.59,17.8,1.0118,7.25,5.48,neutral,103.27,1.327,-17.81,-0.387,121.08,1.714,B,1.602,1.22,1.229,-0.382,0.009,82,84,75,17.59,17.08,18.04,0.227,-0.6892,0.1432,Stable,High,3,241
8478463,Anthony Beauvillier,R,F,WSH,29.65,75.1,False,13.84,12.38,145.07,101.56,42.1,0.18427,0.16486,1.93109,1.35194,0.56036,0.9783,0.9783,14.32,15.34,1.0709,9.68,10.1,neutral,103.07,1.372,-23.57,-0.448,126.64,1.82,B,1.11,1.33,1.319,0.22,-0.011,60,81,82,13.58,12.87,15.8,1.108,0.0528,0.2168,Rising,High,3,223
8481122,Simon Benoit,D,D,PHI,28.37,72.3,False,1.46,6.88,55.31,212.04,111.47,0.02013,0.0952,0.76489,2.93226,1.54156,1.0134,1.0134,17.01,17.04,1.0018,0.0,3.96,positive regression,102.96,1.424,-18.12,-0.29,121.08,1.714,B,1.573,1.312,1.325,-0.261,0.013,64,78,73,17.23,16.55,17.3,0.034,-0.4423,0.1041,Stable,High,3,215
8480064,Josh Norris,C,F,BUF,27.75,55.1,True,16.01,18.0,95.55,81.51,36.65,0.29042,0.32653,1.7334,1.47865,0.66482,1.0077,1.0077,17.24,16.41,0.952,18.84,15.39,negative regression,102.48,1.859,-24.16,0.039,126.64,1.82,A,1.959,2.158,1.866,0.199,-0.292,50,56,44,17.64,18.35,15.83,-0.902,0.2035,0.2898,Volatile,Low,3,150
8477989,Christian Dvorak,C,F,PHI,31.0,69.1,True,13.38,22.4,109.85,36.07,52.53,0.19356,0.32402,1.58917,0.52186,0.75991,0.942,0.942,16.85,18.19,1.0797,11.92,12.33,neutral,102.43,1.482,-24.21,-0.338,126.64,1.82,B,1.037,1.29,1.674,0.253,0.384,30,82,80,15.53,15.24,18.46,1.464,0.7188,0.181,Rising,Medium,3,192
8482809,Jackson Blake,R,F,CAR,23.5,63.5,True,17.56,21.96,142.0,14.7,28.67,0.27659,0.34579,2.23617,0.2315,0.45149,1.0905,1.0905,15.33,15.88,1.0359,12.64,12.43,neutral,102.34,1.612,-24.3,-0.208,126.64,1.82,B,0.3,1.189,1.619,0.889,0.43,1,80,81,15.3,13.85,16.5,0.599,2.3547,0.746,Rising,Medium,3,162
8476331,Dylan DeMelo,D,D,WPG,33.76,79.5,False,2.91,16.32,66.25,122.84,106.95,0.03659,0.2053,0.83336,1.54516,1.34524,0.8884,0.9442,21.55,21.43,0.9942,4.0,4.81,neutral,102.24,1.286,-18.84,-0.428,121.08,1.714,B,1.738,1.315,1.249,-0.423,-0.066,82,82,82,21.73,21.53,21.46,-0.136,-0.6532,0.127,Stable,High,3,246
8478020,Michael Amadio,R,F,OTT,30.72,75.0,False,13.38,17.34,99.73,93.35,45.14,0.17841,0.23114,1.32976,1.24468,0.6019,0.9507,0.9507,14.83,16.08,1.0843,15.62,13.06,negative regression,102.2,1.363,-24.44,-0.457,126.64,1.82,B,1.186,1.33,1.398,0.144,0.068,73,72,81,13.39,14.1,16.12,1.364,-0.0539,0.1938,Stable,High,3,226
8481014,Alexander Romanov,D,D,NYI,27.07,53.9,True,3.81,10.88,78.67,113.73,124.58,0.07063,0.20188,1.46025,2.11093,2.31245,1.0357,1.0357,21.31,20.67,0.97,0.0,5.21,positive regression,102.08,1.895,-19.0,0.181,121.08,1.714,S,1.794,2.096,1.407,0.302,-0.689,81,64,15,20.84,22.31,19.45,-0.697,-0.4122,0.0554,Declining,Medium,3,160
8477416,Oliver Bjorkstrand,R,F,NYR,31.81,78.1,False,14.35,21.72,125.08,63.44,26.56,0.18374,0.278,1.60102,0.81198,0.33999,0.9177,0.9177,14.78,13.62,0.921,9.23,11.75,positive regression,102.03,1.306,-24.61,-0.514,126.64,1.82,B,1.829,1.601,1.302,-0.228,-0.299,82,79,80,16.18,15.15,13.64,-1.274,-0.5258,0.2132,Declining,High,3,241
8475314,Anders Lee,L,F,UTA,36.58,79.3,False,15.68,15.09,140.02,82.95,28.49,0.19766,0.19031,1.76543,1.0459,0.35918,0.699,0.699,16.1,16.13,1.002,9.55,11.49,neutral,101.56,1.28,-25.08,-0.54,126.64,1.82,C,1.819,2.052,1.628,0.233,-0.424,81,82,82,15.57,17.06,15.64,0.035,-0.3825,0.2512,Volatile,High,3,245
8479661,Tanner Jeannot,L,F,BOS,29.68,69.1,False,7.4,10.82,67.7,224.7,43.83,0.10712,0.15648,0.97936,3.25058,0.63412,0.9778,0.9778,11.98,12.27,1.0239,7.69,11.64,positive regression,101.47,1.468,-25.17,-0.352,126.64,1.82,B,1.545,1.292,1.504,-0.253,0.212,55,67,77,12.02,11.02,12.64,0.312,-0.2893,0.1293,Stable,Medium,3,199
8475171,Oliver Ekman-Larsson,D,D,TOR,35.55,76.6,False,5.63,22.18,94.86,90.87,70.0,0.07351,0.28949,1.23799,1.18585,0.91358,0.802,0.901,20.19,21.2,1.05,7.41,5.88,neutral,101.44,1.324,-19.64,-0.39,121.08,1.714,B,1.456,1.479,1.553,0.023,0.074,80,77,78,18.39,21.07,20.6,1.101,-0.1126,0.0861,Stable,High,3,235
8476882,Teuvo Teravainen,C,F,CHI,32.39,76.2,False,15.09,27.41,100.63,20.49,31.25,0.19811,0.35977,1.32079,0.26891,0.41023,0.8999,0.8999,17.18,17.8,1.036,15.73,14.46,neutral,101.43,1.331,-25.21,-0.489,126.64,1.82,B,1.653,1.545,1.228,-0.108,-0.317,76,82,75,16.4,17.07,17.75,0.675,-0.9475,0.1928,Stable,High,3,233
8476456,Jonathan Huberdeau,L,F,CGY,33.66,69.1,True,14.08,23.97,106.09,38.97,37.62,0.20383,0.34714,1.53614,0.5642,0.54469,0.8473,0.8473,18.48,18.8,1.0176,12.05,12.97,neutral,100.99,1.462,-25.65,-0.358,126.64,1.82,B,1.61,2.004,1.429,0.394,-0.575,81,81,50,17.42,19.54,18.13,0.354,-0.4077,0.155,Stable,Medium,3,212
8475200,Dmitry Orlov,D,D,SJS,35.53,78.0,False,4.36,22.52,93.09,108.91,64.64,0.05585,0.28872,1.19345,1.39627,0.8287,0.803,0.9015,19.82,21.6,1.0897,3.3,4.98,neutral,100.86,1.293,-20.22,-0.421,121.08,1.714,B,1.287,1.365,1.49,0.078,0.125,82,76,82,17.32,20.0,21.2,1.941,-0.121,0.0675,Stable,High,3,240
8477998,Warren Foegele,L,F,OTT,30.84,75.1,False,17.24,13.4,148.48,72.29,27.23,0.22945,0.17831,1.97647,0.96228,0.3625,0.947,0.947,14.69,14.6,0.9937,12.38,11.73,neutral,100.83,1.342,-25.81,-0.478,126.64,1.82,B,1.593,1.703,1.018,0.11,-0.685,82,82,68,13.98,16.17,13.78,-0.101,-1.2038,0.156,Stable,High,3,232
8476419,Jean-Gabriel Pageau,C,F,NYI,34.22,76.2,False,11.11,17.84,79.4,114.3,48.16,0.14565,0.23402,1.04137,1.49903,0.63165,0.8188,0.8188,16.18,16.07,0.9931,20.99,13.33,negative regression,100.61,1.319,-26.03,-0.501,126.64,1.82,B,1.679,1.721,1.541,0.042,-0.18,82,79,74,15.91,17.0,15.67,-0.121,-0.2167,0.1875,Stable,High,3,235
8480980,Connor Dewar,C,F,PIT,27.6,68.2,True,11.35,12.13,93.39,148.31,45.57,0.16625,0.17766,1.36842,2.17304,0.66768,1.01,1.01,12.73,13.77,1.0819,12.73,12.31,neutral,100.5,1.473,-26.14,-0.347,126.64,1.82,B,1.128,1.333,1.454,0.205,0.121,74,48,78,11.65,11.56,13.92,1.137,0.2284,0.2413,Rising,Medium,3,200
8478859,Niko Mikkola,D,D,FLA,30.77,73.6,False,4.17,12.04,88.2,141.25,93.08,0.05659,0.16358,1.198,1.91851,1.26424,0.9765,0.9882,20.21,20.36,1.0072,4.41,4.98,neutral,100.46,1.364,-20.62,-0.35,121.08,1.714,B,1.512,1.468,1.173,-0.044,-0.295,82,76,68,20.04,20.19,20.36,0.16,-0.5348,0.1476,Stable,High,3,226
8475167,Victor Hedman,D,D,TBL,36.12,62.7,True,6.1,28.38,89.59,31.46,73.98,0.09738,0.45271,1.42918,0.50188,1.18021,0.7729,0.8864,22.67,20.4,0.9,2.0,6.66,positive regression,100.4,1.602,-20.68,-0.112,121.08,1.714,A,2.492,2.38,1.597,-0.112,-0.783,78,79,33,24.8,23.08,18.87,-2.968,-0.4751,0.16,Declining,Medium,3,190
8481582,Nick Robertson,L,F,PIT,25.39,70.1,False,16.72,13.82,126.9,73.54,35.56,0.23849,0.19702,1.80962,1.04872,0.50705,1.0492,1.0492,12.18,12.77,1.0483,12.6,13.09,neutral,100.36,1.431,-26.28,-0.389,126.64,1.82,B,1.377,1.227,1.316,-0.15,0.089,56,69,78,11.38,12.0,12.66,0.642,-0.5122,0.1331,Stable,Medium,3,203
8482655,J.J. Moser,D,D,TBL,26.66,71.2,True,5.13,19.74,87.47,66.04,95.73,0.07213,0.2773,1.22866,0.9277,1.34476,1.0438,1.0438,20.6,21.06,1.0223,6.31,5.81,neutral,99.71,1.401,-21.37,-0.313,121.08,1.714,B,1.401,1.12,1.363,-0.281,0.243,80,54,79,20.57,18.85,21.57,0.5,-0.1467,0.196,Stable,Medium,3,213
8478542,Evan Rodrigues,C,F,NJD,33.51,75.1,False,12.42,18.46,147.75,84.27,22.75,0.16552,0.24598,1.96838,1.12272,0.30312,0.855,0.855,15.88,16.71,1.0527,6.88,9.19,positive regression,99.53,1.326,-27.11,-0.494,126.64,1.82,B,1.538,1.382,1.416,-0.156,0.034,80,82,69,15.17,15.22,16.99,0.913,-0.5414,0.1729,Stable,High,3,231
8479353,Brett Howden,C,F,VGK,28.85,69.6,False,14.48,13.47,93.47,108.97,41.45,0.20803,0.19349,1.34253,1.56517,0.59536,0.9904,0.9904,14.45,15.21,1.0529,18.18,14.43,negative regression,99.5,1.429,-27.14,-0.391,126.64,1.82,B,1.097,1.676,1.303,0.579,-0.373,72,80,58,13.23,14.86,14.89,0.833,0.1369,0.2172,Rising,Medium,3,210
8475168,Matt Duchene,C,F,DAL,36.04,71.3,False,15.53,28.21,94.5,21.55,20.73,0.21772,0.39555,1.32512,0.30214,0.29069,0.726,0.726,16.83,16.71,0.993,17.98,15.47,negative regression,99.1,1.39,-27.54,-0.43,126.64,1.82,B,1.982,2.121,1.802,0.139,-0.319,80,82,57,16.77,17.14,16.51,-0.128,-0.2734,0.2605,Volatile,Medium,3,219
8475462,Radko Gudas,D,D,FLA,36.66,68.1,False,2.24,8.86,54.42,173.02,109.49,0.03292,0.1301,0.79884,2.53969,1.60713,0.7453,0.8727,18.49,16.97,0.9177,3.17,4.74,neutral,98.87,1.451,-22.21,-0.263,121.08,1.714,A,2.174,1.881,1.671,-0.293,-0.21,66,81,56,19.5,19.87,16.18,-1.661,-0.2473,0.0673,Declining,Medium,3,203
8479359,Beck Malenstyn,L,F,BUF,28.99,77.5,False,5.99,7.8,67.42,208.7,65.35,0.07723,0.10063,0.86989,2.69289,0.84318,0.9882,0.9882,11.78,10.6,0.9,9.72,9.98,neutral,98.39,1.27,-28.25,-0.55,126.64,1.82,C,1.604,1.149,1.456,-0.455,0.307,81,76,81,14.24,10.53,11.24,-1.5,0.5063,0.0929,Stable,High,3,238
8481789,Tye Kartye,L,F,NYR,25.76,68.2,False,8.9,11.36,74.64,199.15,35.76,0.13051,0.16666,1.09465,2.92061,0.52447,1.0418,1.0418,11.21,11.27,1.0052,14.29,12.01,negative regression,98.39,1.443,-28.25,-0.377,126.64,1.82,B,1.391,1.207,1.474,-0.184,0.267,77,63,64,11.84,9.68,11.96,0.063,0.1715,0.1657,Stable,High,3,204
8477446,Michael McCarron,C,F,MIN,31.91,74.3,False,8.69,9.0,90.64,160.34,62.22,0.11695,0.12111,1.21977,2.1576,0.83727,0.9147,0.9147,13.65,14.23,1.0425,7.34,10.62,positive regression,98.32,1.323,-28.32,-0.497,126.64,1.82,B,1.439,1.171,1.441,-0.268,0.27,70,74,79,12.77,13.76,14.03,0.632,-0.3021,0.082,Stable,High,3,223
8476872,Scott Laughton,C,F,LAK,32.68,73.4,False,11.35,13.22,104.58,125.75,41.98,0.15473,0.18023,1.4253,1.71374,0.5721,0.8909,0.8909,14.8,14.21,0.9597,13.68,11.08,negative regression,98.07,1.337,-28.57,-0.483,126.64,1.82,B,1.715,1.578,1.401,-0.137,-0.177,82,80,64,15.65,14.6,14.35,-0.651,-0.3593,0.0611,Declining,High,3,226
8481068,Yegor Sharangovich,C,F,CGY,28.66,76.0,False,18.56,16.9,137.94,16.33,32.31,0.24426,0.22242,1.81499,0.21488,0.42516,0.9934,0.9934,16.57,15.99,0.9649,10.56,13.53,positive regression,97.75,1.286,-28.89,-0.534,126.64,1.82,B,1.815,1.224,1.12,-0.591,-0.104,82,73,78,17.32,16.66,16.04,-0.636,-1.0511,0.1789,Declining,High,3,233
8483493,Frank Nazar,C,F,CHI,23.05,52.4,True,14.23,20.52,117.2,34.38,39.55,0.27133,0.39141,2.2351,0.65567,0.75424,1.1009,1.1009,17.34,18.34,1.0575,10.87,12.39,neutral,97.54,1.86,-29.1,0.04,126.64,1.82,A,0.883,1.451,1.699,0.568,0.248,3,53,66,16.14,15.87,18.32,1.088,1.1411,0.4917,Rising,Low,3,122
8475722,Jason Zucker,L,F,BUF,35.05,68.6,False,16.22,19.83,115.0,59.11,17.25,0.23664,0.28919,1.67734,0.86218,0.25156,0.7765,0.7765,15.3,16.12,1.0539,18.75,13.5,negative regression,97.3,1.419,-29.34,-0.401,126.64,1.82,B,1.499,1.818,1.894,0.319,0.076,69,73,62,13.82,15.99,15.62,0.899,0.3858,0.1758,Rising,High,3,204
8483609,Adam Klapka,R,F,CGY,26.38,51.6,True,7.39,8.99,67.75,221.91,41.27,0.14325,0.17436,1.31398,4.30363,0.8003,1.0302,1.0302,10.28,11.82,1.15,7.5,11.79,positive regression,97.24,1.886,-29.4,0.066,126.64,1.82,A,1.308,1.773,1.504,0.465,-0.269,6,31,79,6.76,9.65,10.63,1.937,-1.5611,0.1574,Stable,Low,3,116
8477511,Anthony Mantha,R,F,NJD,32.38,60.4,True,18.44,18.92,95.68,40.69,26.85,0.30511,0.31299,1.5831,0.67318,0.44422,0.9002,0.9002,14.77,15.22,1.0299,21.71,17.28,negative regression,97.14,1.607,-29.5,-0.213,126.64,1.82,B,1.572,1.596,1.972,0.024,0.376,74,13,81,14.22,13.9,15.19,0.481,0.5799,0.253,Volatile,Medium,3,168
8484762,Beckett Sennecke,R,F,ANA,21.01,43.6,False,14.26,22.3,119.67,59.43,14.91,0.32693,0.51109,2.74306,1.36229,0.34184,1.1508,1.1508,17.45,17.45,1.0,11.68,12.21,neutral,97.02,2.224,-29.62,0.404,126.64,1.82,S,,,1.937,,,0,0,82,,,17.45,0.0,0.0,0.0,Stable,Low,1,82
8478047,Michael Bunting,L,F,CAR/PIT,31.38,75.3,False,15.17,20.51,128.85,48.26,19.55,0.2014,0.27236,1.71093,0.64073,0.25962,0.9306,0.9306,15.13,14.56,0.9623,11.11,11.96,neutral,96.93,1.287,-29.71,-0.533,126.64,1.82,B,1.659,1.453,1.259,-0.206,-0.194,81,76,74,15.69,15.53,14.44,-0.622,-0.5572,0.1866,Declining,High,3,231
8480289,Morgan Barron,C,F,WPG,28.17,71.8,False,11.52,10.26,102.28,137.84,44.43,0.16038,0.14286,1.42427,1.91945,0.61869,1.0013,1.0013,11.32,12.38,1.0932,11.83,11.64,neutral,96.88,1.349,-29.76,-0.471,126.64,1.82,B,1.084,1.054,1.452,-0.03,0.398,80,74,65,10.5,10.38,12.8,1.152,0.3029,0.0438,Rising,High,3,219
8481554,Kaapo Kakko,R,F,SEA,25.97,69.5,False,14.08,24.57,102.42,45.55,20.56,0.20264,0.35353,1.47371,0.6554,0.29588,1.0376,1.0376,14.56,15.01,1.0308,16.67,13.35,negative regression,96.69,1.391,-29.95,-0.429,126.64,1.82,B,0.986,1.442,1.36,0.456,-0.082,61,79,65,13.28,15.62,14.26,0.489,0.634,0.2516,Volatile,High,3,205
8483464,Marco Kasper,C,F,DET,22.82,62.6,False,11.45,10.88,107.93,135.13,38.99,0.18302,0.17387,1.72511,2.15998,0.62316,1.1065,1.1065,14.51,13.06,0.9,6.87,11.33,positive regression,96.08,1.536,-30.56,-0.284,126.64,1.82,B,,1.75,1.33,,-0.42,0,77,81,,15.45,13.79,-1.657,-1.0122,0.0902,Declining,Medium,2,158
8478450,Parker Wotherspoon,D,D,VGK,29.44,64.4,True,2.24,16.79,57.45,124.33,94.02,0.03482,0.26056,0.89151,1.92953,1.45903,0.997,0.9985,19.13,20.25,1.0587,4.29,4.6,neutral,96.06,1.491,-25.02,-0.223,121.08,1.714,A,1.391,1.013,1.607,-0.378,0.594,41,55,80,17.72,18.03,20.17,1.225,0.0352,0.1602,Rising,Low,3,176
8483516,Jimmy Snuggerud,R,F,STL,22.67,41.6,True,14.17,20.83,114.63,48.18,27.51,0.3405,0.50038,2.75393,1.15742,0.66088,1.1103,1.1103,16.6,17.73,1.0678,12.43,12.49,neutral,96.05,2.307,-30.59,0.487,126.64,1.82,S,,1.429,2.003,,0.574,0,7,70,,15.47,16.7,1.229,1.6559,0.2122,Rising,Low,2,77
8476539,Jonathan Marchessault,R,F,NSH,36.1,72.2,False,16.07,18.35,132.45,58.57,12.6,0.22248,0.25399,1.83319,0.81073,0.17446,0.723,0.723,17.5,16.96,0.9689,9.09,12.48,positive regression,95.67,1.324,-30.97,-0.496,126.64,1.82,B,2.364,1.917,1.459,-0.447,-0.458,82,78,62,17.89,17.98,16.71,-0.594,-1.3435,0.2014,Declining,High,3,222
8478458,Jack Roslovic,C,F,TOR,30.01,70.9,False,17.51,17.23,132.07,30.86,24.63,0.24712,0.24305,1.86337,0.43547,0.34758,0.9727,0.9727,14.98,15.08,1.0066,14.89,12.92,neutral,95.47,1.347,-31.17,-0.473,126.64,1.82,B,1.399,1.249,1.512,-0.15,0.263,59,81,69,15.55,13.82,15.77,0.107,0.1771,0.2654,Volatile,Medium,3,209
8479371,Dante Fabbro,D,D,CBJ,28.62,68.6,False,5.54,11.19,76.85,62.76,123.29,0.08073,0.16312,1.11986,0.91449,1.7966,1.0097,1.0097,17.98,18.07,1.0055,7.35,6.62,neutral,95.1,1.386,-25.98,-0.328,121.08,1.714,B,1.26,1.769,1.138,0.509,-0.631,56,68,74,16.35,20.9,16.57,0.107,-0.2509,0.034,Stable,Medium,3,198
8479999,Casey Mittelstadt,C,F,BOS,28.19,75.4,False,13.74,26.73,92.04,24.19,25.28,0.18214,0.35438,1.22004,0.32072,0.3351,1.001,1.001,16.5,15.33,0.9287,18.75,14.16,negative regression,95.07,1.26,-31.57,-0.56,126.64,1.82,C,1.618,1.244,1.33,-0.374,0.086,80,81,71,17.73,17.06,15.16,-1.284,-0.1048,0.0867,Declining,High,3,232
8482145,Mavrik Bourque,C,F,NSH,25.07,62.1,True,15.09,17.29,113.28,61.79,27.08,0.24308,0.27859,1.82523,0.99556,0.43629,1.0556,1.0556,14.31,16.39,1.1459,13.61,13.06,neutral,94.93,1.53,-31.71,-0.29,126.64,1.82,B,0.5,1.057,1.421,0.557,0.364,1,73,82,10.93,12.68,15.49,2.277,1.3801,0.5656,Rising,Medium,3,156
8478416,Erik Cernak,D,D,TBL,29.68,69.0,False,2.83,11.84,55.31,143.55,98.56,0.04096,0.17157,0.80156,2.08048,1.42844,0.9931,0.9966,18.25,17.53,0.9606,5.66,5.29,neutral,94.91,1.376,-26.17,-0.338,121.08,1.714,B,1.539,1.43,1.361,-0.109,-0.069,69,76,61,19.19,18.26,17.62,-0.785,-0.0895,0.132,Declining,High,3,206
8483524,Shane Wright,C,F,SEA,23.08,62.4,True,13.65,17.45,86.86,46.65,54.49,0.2189,0.27971,1.39255,0.74788,0.8736,1.1002,1.1002,13.91,14.03,1.0088,12.37,14.8,positive regression,94.91,1.522,-31.73,-0.298,126.64,1.82,B,1.7,1.54,1.242,-0.16,-0.298,8,79,74,13.54,14.07,13.8,0.133,-1.0686,0.2719,Volatile,Medium,3,161
8482055,Drew O'Connor,L,F,VAN,28.65,79.4,False,13.83,13.43,126.12,68.03,41.18,0.17411,0.16905,1.5877,0.85639,0.51835,0.9936,0.9936,14.82,14.29,0.9642,12.5,11.25,neutral,94.74,1.193,-31.9,-0.627,126.64,1.82,C,1.423,1.15,1.182,-0.273,0.032,79,84,82,15.75,14.46,14.59,-0.579,-0.2808,0.2503,Declining,High,3,245
8480281,Alexey Toropchenko,R,F,STL,27.61,73.7,False,7.73,9.45,85.86,166.89,53.65,0.10485,0.12819,1.1652,2.2648,0.72802,1.0098,1.0098,12.32,12.07,0.9802,5.88,10.26,positive regression,94.65,1.285,-31.99,-0.535,126.64,1.82,B,1.315,1.321,1.149,0.006,-0.172,82,80,65,12.52,12.49,11.99,-0.266,-0.2758,0.1484,Stable,High,3,227
8475184,Chris Kreider,L,F,ANA,35.76,73.8,False,17.76,16.33,118.81,56.02,15.52,0.24055,0.22129,1.60962,0.75889,0.21027,0.7402,0.7402,17.44,16.64,0.9544,15.83,14.56,neutral,94.47,1.28,-32.17,-0.54,126.64,1.82,C,2.387,1.525,1.702,-0.862,0.177,82,68,75,18.78,16.75,17.05,-0.867,-0.8167,0.1723,Declining,High,3,225
8476923,Damon Severson,D,D,CBJ,32.49,70.2,False,6.54,19.63,85.03,40.9,88.61,0.09309,0.2794,1.21035,0.58226,1.26131,0.9273,0.9637,20.41,20.38,0.9983,8.6,7.13,neutral,94.47,1.345,-26.61,-0.369,121.08,1.714,B,1.459,1.416,1.463,-0.043,0.047,67,70,71,21.15,19.05,21.07,-0.037,0.0127,0.1195,Stable,High,3,208
8482095,Tyler Kleven,D,D,OTT,25.06,61.3,True,3.84,11.3,85.03,115.93,95.99,0.06262,0.18431,1.38682,1.89086,1.5656,1.0777,1.0777,15.85,18.01,1.1359,3.33,4.99,neutral,94.17,1.536,-26.91,-0.178,121.08,1.714,A,0.811,1.059,1.43,0.248,0.371,9,79,70,12.65,14.47,17.35,2.349,0.5492,0.0981,Rising,Medium,3,158
8482511,Mason Lohrei,D,D,BOS,26.04,67.8,True,5.55,20.96,77.18,31.54,95.78,0.08191,0.30939,1.13924,0.4655,1.41366,1.0562,1.0562,17.93,17.9,0.9986,9.72,6.61,negative regression,93.95,1.387,-27.13,-0.327,121.08,1.714,B,1.376,1.388,1.258,0.012,-0.13,41,77,73,16.96,19.53,16.91,-0.026,-0.2007,0.2738,Volatile,Medium,3,191
8482142,Jamie Drysdale,D,D,PHI,24.82,66.2,True,6.78,18.74,89.49,22.91,97.71,0.1023,0.28286,1.35085,0.34581,1.47485,1.0831,1.0831,20.71,21.59,1.0427,7.92,6.87,neutral,93.87,1.417,-27.21,-0.297,121.08,1.714,B,1.324,1.175,1.324,-0.149,0.149,34,70,78,19.62,19.92,21.55,0.965,-0.1809,0.376,Volatile,Medium,3,182
8476917,Adam Pelech,D,D,NYI,32.46,69.5,False,2.69,15.05,99.68,67.15,107.12,0.03872,0.21661,1.43426,0.96625,1.54135,0.9282,0.9641,20.83,21.11,1.0134,3.28,3.48,neutral,93.84,1.35,-27.24,-0.364,121.08,1.714,B,1.497,1.548,1.23,0.051,-0.318,58,60,82,20.28,21.11,20.89,0.304,-0.4466,0.1554,Stable,Medium,3,200
8480459,Pius Suter,C,F,STL,30.69,70.8,False,16.02,16.93,108.36,48.95,29.17,0.22629,0.23915,1.5303,0.69132,0.41194,0.9516,0.9516,16.36,16.54,1.0112,13.68,14.21,neutral,93.71,1.323,-32.93,-0.497,126.64,1.82,B,1.27,1.593,1.263,0.323,-0.33,67,81,64,15.49,17.34,15.89,0.2,-0.0747,0.1303,Stable,High,3,212
8476461,Sean Couturier,C,F,PHI,34.15,76.0,False,10.7,20.88,116.69,58.39,33.45,0.14083,0.27475,1.53545,0.76835,0.44013,0.8224,0.8224,17.15,16.61,0.9687,10.08,9.72,neutral,93.62,1.232,-33.02,-0.588,126.64,1.82,C,1.587,1.58,1.443,-0.007,-0.137,74,79,78,17.82,17.29,16.65,-0.587,-0.0716,0.1662,Declining,High,3,231
8476473,Connor Murphy,D,D,EDM,33.85,68.6,True,2.93,10.47,59.7,95.25,125.56,0.04266,0.15256,0.86988,1.38796,1.82971,0.8856,0.9428,18.96,17.91,0.9446,7.14,5.1,negative regression,93.51,1.363,-27.57,-0.351,121.08,1.714,B,1.813,1.787,1.31,-0.026,-0.477,46,68,80,19.83,20.61,17.54,-1.146,-0.502,0.1908,Declining,Medium,3,194
8480434,Sean Durzi,D,D,NYR,28.28,58.5,True,5.49,19.65,84.54,33.5,95.24,0.09388,0.33582,1.44516,0.57265,1.62806,1.0148,1.0148,20.73,19.15,0.9235,5.95,6.26,neutral,93.17,1.593,-27.91,-0.121,121.08,1.714,A,2.001,1.518,1.573,-0.483,0.055,76,30,60,22.72,20.65,19.26,-1.729,-0.192,0.1224,Declining,Medium,3,166
8476432,Boone Jenner,C,F,WSH,33.63,56.3,True,11.5,14.81,98.15,88.25,43.52,0.20416,0.26308,1.743,1.56713,0.7728,0.8489,0.8489,17.54,15.79,0.9,9.85,12.12,positive regression,92.82,1.648,-33.82,-0.172,126.64,1.82,A,2.353,2.208,2.027,-0.145,-0.181,58,26,67,20.1,17.99,16.08,-2.008,0.2697,0.1902,Stable,Low,3,151
8475455,Brenden Dillon,D,D,NJD,36.22,78.6,False,2.82,9.42,43.43,174.8,90.1,0.03593,0.11989,0.55284,2.22499,1.14681,0.7678,0.8839,18.37,18.03,0.9815,5.45,6.3,neutral,92.78,1.181,-28.3,-0.533,121.08,1.714,C,1.726,1.32,1.326,-0.406,0.006,77,82,82,18.74,18.58,18.0,-0.371,-0.5533,0.0829,Stable,High,3,241
8480043,Timothy Liljegren,D,D,WSH,27.76,60.0,True,3.71,14.2,73.01,66.28,113.69,0.06184,0.2367,1.21677,1.10468,1.89483,1.0233,1.0233,19.54,19.63,1.0044,2.5,5.34,positive regression,92.72,1.545,-28.36,-0.169,121.08,1.714,A,1.896,1.404,1.321,-0.492,-0.083,55,68,47,19.66,19.2,19.85,0.095,-0.8966,0.2123,Stable,Low,3,170
8481032,Paul Cotter,L,F,VAN,27.21,76.7,False,9.77,8.53,74.43,200.82,24.96,0.12735,0.11127,0.97061,2.61873,0.32543,1.0158,1.0158,11.98,11.04,0.9216,14.75,12.69,negative regression,92.4,1.205,-34.24,-0.615,126.64,1.82,C,1.484,1.452,1.041,-0.032,-0.411,76,79,79,12.73,13.08,10.68,-1.024,-0.5719,0.0483,Declining,High,3,234
8478133,Jake Evans,C,F,MTL,30.67,75.1,False,9.92,16.6,72.64,91.97,52.43,0.13207,0.22091,0.96691,1.22419,0.69793,0.9522,0.9522,15.61,15.3,0.9806,16.0,13.08,negative regression,92.38,1.23,-34.26,-0.59,126.64,1.82,C,1.19,1.443,1.302,0.253,-0.141,82,82,68,16.02,15.55,15.36,-0.331,0.3148,0.0897,Stable,High,3,232
8476441,Joel Edmundson,D,D,LAK,33.6,71.8,True,3.35,13.79,79.62,92.61,97.49,0.04666,0.19201,1.10873,1.2896,1.35754,0.8934,0.9467,18.86,19.69,1.044,1.92,4.73,positive regression,91.97,1.281,-29.11,-0.433,121.08,1.714,B,1.041,1.431,1.334,0.39,-0.097,53,73,82,16.67,20.59,18.48,0.906,0.292,0.0863,Rising,Medium,3,208
8477503,Max Domi,C,F,TOR,31.92,76.5,False,10.08,25.75,106.45,36.95,28.01,0.13174,0.33656,1.39154,0.48305,0.36609,0.9144,0.9144,14.38,14.88,1.035,10.17,10.13,neutral,91.94,1.202,-34.7,-0.618,126.64,1.82,C,1.423,1.14,1.217,-0.283,0.077,80,74,80,13.79,14.17,14.88,0.548,-0.6441,0.1937,Stable,High,3,234
8484984,Ivan Demidov,R,F,MTL,21.14,44.1,True,12.55,28.77,88.05,20.75,17.64,0.28447,0.65203,1.99539,0.47032,0.3998,1.1476,1.1476,15.46,17.1,1.1061,14.96,13.5,neutral,91.79,2.08,-34.85,0.26,126.64,1.82,S,,2.325,1.662,,-0.663,0,2,82,,13.71,15.5,1.79,-3.7438,0.768,Volatile,Low,2,84
8476392,Adam Lowry,C,F,WPG,33.85,73.3,False,8.73,14.88,74.69,123.79,45.13,0.11904,0.20302,1.01875,1.68858,0.61564,0.8376,0.8376,15.43,14.91,0.9664,7.04,11.98,positive regression,91.54,1.249,-35.1,-0.571,126.64,1.82,C,1.67,1.683,1.306,0.013,-0.377,81,73,70,16.1,15.43,14.97,-0.566,-0.4938,0.0605,Declining,High,3,224
8479638,Justin Brazeau,R,F,PIT,29.0,60.6,True,12.86,12.73,90.42,99.3,37.87,0.21236,0.21019,1.49298,1.63956,0.62524,0.988,0.988,12.17,12.88,1.0579,16.35,13.62,negative regression,91.49,1.511,-35.15,-0.309,126.64,1.82,B,1.603,1.181,1.695,-0.422,0.514,19,76,64,11.12,11.87,12.65,0.768,-0.3055,0.1924,Stable,Medium,3,159
8478443,Brandon Carlo,D,D,STL,30.18,70.2,False,2.17,9.13,71.8,90.88,126.43,0.0309,0.1301,1.02291,1.29479,1.80132,0.9853,0.9927,19.33,19.08,0.9872,0.0,4.07,positive regression,91.23,1.3,-29.85,-0.414,121.08,1.714,B,1.472,1.241,1.231,-0.231,-0.01,76,83,55,19.9,18.9,19.36,-0.27,-0.3113,0.1317,Stable,Medium,3,214
8475765,Vladimir Tarasenko,R,F,OTT/FLA,35.14,75.7,False,13.94,18.74,107.17,50.01,26.09,0.18418,0.24756,1.41595,0.66076,0.34474,0.7719,0.7719,15.08,14.71,0.9757,15.54,12.91,negative regression,91.2,1.205,-35.44,-0.615,126.64,1.82,C,1.946,1.248,1.703,-0.698,0.455,76,80,75,15.74,14.78,14.94,-0.399,-0.289,0.094,Stable,High,3,231
8482475,Egor Chinakhov,R,F,PIT,26.0,57.9,True,15.67,15.69,115.5,50.23,24.87,0.27044,0.27089,1.99348,0.86701,0.42934,1.037,1.037,14.32,13.55,0.946,15.0,13.31,neutral,90.96,1.57,-35.68,-0.25,126.64,1.82,B,1.63,1.637,1.599,0.007,-0.038,53,30,72,15.17,15.72,13.48,-0.844,0.335,0.2657,Volatile,Low,3,155
8482660,Kent Johnson,C,F,CBJ,24.29,66.6,True,13.91,21.56,113.71,11.42,32.26,0.2088,0.32353,1.70671,0.17146,0.48419,1.0726,1.0726,14.71,14.57,0.9906,6.14,12.49,positive regression,90.79,1.363,-35.85,-0.457,126.64,1.82,B,1.045,1.863,0.92,0.818,-0.943,42,68,76,13.54,17.29,13.24,-0.151,-0.2317,0.3721,Volatile,Medium,3,186
8478462,Nicolas Roy,C,F,COL,29.99,72.0,False,11.12,18.36,90.34,68.85,38.73,0.15444,0.25506,1.25467,0.9563,0.53793,0.9731,0.9731,14.95,14.49,0.9695,10.53,12.4,neutral,90.66,1.259,-35.98,-0.561,126.64,1.82,C,1.606,1.421,1.096,-0.185,-0.325,70,71,74,15.45,15.22,14.46,-0.497,-0.8448,0.0766,Stable,High,3,215
8481624,Ilya Mikheyev,R,F,TBL,32.31,76.7,False,16.08,16.68,129.26,35.69,19.06,0.20963,0.21752,1.68558,0.46537,0.24853,0.9024,0.9024,16.04,17.5,1.0905,14.63,12.25,negative regression,90.37,1.178,-36.27,-0.642,126.64,1.82,C,1.165,1.172,1.243,0.007,0.071,78,80,77,14.26,15.68,17.43,1.585,-0.3109,0.2292,Stable,High,3,235
8480113,Alex Iafallo,L,F,WPG,33.11,78.6,False,11.54,13.89,98.07,67.51,51.77,0.14688,0.17674,1.24827,0.85928,0.65896,0.8754,0.8754,14.74,14.87,1.0086,11.4,11.9,neutral,90.24,1.149,-36.4,-0.671,126.64,1.82,C,1.171,1.248,1.401,0.077,0.153,82,82,79,15.31,13.28,15.59,0.138,0.4017,0.2682,Volatile,High,3,243
8479619,Michael Carcone,L,F,UTA,30.71,69.8,True,14.74,12.63,115.73,92.5,16.26,0.21118,0.18087,1.65775,1.32498,0.23286,0.951,0.951,12.01,12.67,1.0555,10.88,12.96,positive regression,89.98,1.289,-36.66,-0.531,126.64,1.82,B,1.21,1.07,1.412,-0.14,0.342,74,53,79,11.27,11.43,12.72,0.727,0.1079,0.29,Rising,Medium,3,206
8478438,Thomas Novak,C,F,PIT,29.76,70.4,True,15.14,20.31,111.67,8.86,30.22,0.215,0.28836,1.58543,0.12582,0.42908,0.9766,0.9766,13.99,14.03,1.0026,12.31,13.43,neutral,89.86,1.276,-36.78,-0.544,126.64,1.82,C,1.483,1.178,1.278,-0.305,0.1,71,54,82,14.2,13.23,14.28,0.04,-0.4483,0.1883,Stable,Medium,3,207
8478057,Dakota Joshua,C,F,TOR,30.72,61.2,False,9.47,8.77,56.69,191.51,30.79,0.15465,0.14325,0.92553,3.12675,0.50274,0.9507,0.9507,13.07,12.09,0.925,19.23,15.2,negative regression,89.69,1.464,-36.95,-0.356,126.64,1.82,B,2.102,1.422,1.636,-0.68,0.214,63,57,55,14.38,12.96,12.25,-1.069,-0.3748,0.0605,Declining,Low,3,175
8479351,Sam Steel,C,F,DAL,28.99,75.0,False,10.28,20.07,91.19,71.77,30.6,0.13703,0.26761,1.21585,0.95693,0.40805,0.9882,0.9882,14.68,15.97,1.088,14.63,11.55,negative regression,89.4,1.192,-37.24,-0.628,126.64,1.82,C,0.99,0.949,1.284,-0.041,0.335,77,79,73,13.24,14.14,16.06,1.41,0.1567,0.1159,Rising,High,3,229
8483489,Fraser Minten,C,F,BOS,22.58,49.6,True,11.55,12.28,84.68,111.68,36.53,0.23281,0.24752,1.70643,2.25058,0.73612,1.1125,1.1125,15.03,16.92,1.1255,14.66,13.12,neutral,89.36,1.801,-37.28,-0.019,126.64,1.82,A,0.4,1.224,1.52,0.824,0.296,4,21,82,11.43,13.02,15.55,2.059,1.8829,0.2688,Rising,Low,3,107
8480835,Jack Drury,C,F,NSH,27.0,75.5,False,10.5,16.54,107.0,45.43,52.5,0.13902,0.21904,1.41726,0.60177,0.69541,1.019,1.019,13.46,14.47,1.0749,10.1,10.51,neutral,89.31,1.183,-37.33,-0.637,126.64,1.82,C,1.063,0.992,1.087,-0.071,0.095,74,72,82,12.28,12.92,14.48,1.1,-0.3441,0.1462,Stable,High,3,228
8476467,Jamieson Oleksiak,D,D,VAN,34.11,78.2,False,3.2,9.49,64.65,84.03,120.16,0.04093,0.1213,0.82617,1.07386,1.53559,0.8754,0.9377,18.25,17.0,0.9316,6.49,5.03,neutral,89.2,1.14,-31.88,-0.574,121.08,1.714,C,1.508,1.315,1.231,-0.193,-0.084,82,82,78,19.65,18.78,16.93,-1.361,-0.1198,0.1769,Declining,High,3,242
8479378,Logan Stanley,D,D,WPG,28.69,62.2,True,4.69,13.59,73.64,99.46,81.36,0.07545,0.21861,1.18419,1.59929,1.30834,1.0086,1.0086,15.99,17.33,1.084,9.38,5.95,negative regression,89.19,1.434,-31.89,-0.28,121.08,1.714,B,1.234,1.16,1.438,-0.074,0.278,25,63,76,13.77,15.58,16.7,1.466,-0.1052,0.222,Stable,Medium,3,164
8474013,Ian Cole,D,D,CHI,37.94,78.8,False,1.67,10.51,41.69,69.99,140.97,0.02126,0.13343,0.52937,0.88874,1.79014,0.681,0.8405,19.05,18.86,0.9899,4.84,4.61,neutral,88.7,1.126,-32.38,-0.588,121.08,1.714,C,1.299,1.597,1.375,0.298,-0.222,78,82,82,18.69,20.28,18.27,-0.21,0.1722,0.1011,Stable,High,3,242
8471724,Kris Letang,D,D,PIT,39.78,75.0,False,3.92,16.68,77.11,83.64,78.45,0.05225,0.22238,1.02809,1.11519,1.04603,0.6,0.7936,23.09,21.71,0.9403,2.88,5.31,positive regression,88.61,1.181,-32.47,-0.533,121.08,1.714,C,2.209,1.799,1.622,-0.41,-0.177,82,74,74,24.69,23.52,21.68,-1.503,-0.44,0.0686,Declining,High,3,230
8476967,Brett Kulak,D,D,COL,33.07,79.8,False,3.98,13.42,103.63,37.17,107.1,0.04992,0.16814,1.29836,0.4657,1.34195,0.9098,0.9549,18.59,20.23,1.0882,1.05,4.39,positive regression,88.56,1.11,-32.52,-0.604,121.08,1.714,C,1.046,1.319,0.896,0.273,-0.423,82,82,83,15.38,20.54,18.96,1.788,-0.6231,0.3737,Volatile,High,3,247
8474574,Tyler Myers,D,D,DAL,37.0,73.0,False,3.02,11.93,65.36,80.01,109.71,0.04134,0.16338,0.89528,1.09601,1.50288,0.728,0.864,19.78,20.04,1.0132,1.14,5.06,positive regression,88.13,1.207,-32.95,-0.507,121.08,1.714,C,1.682,1.594,1.227,-0.088,-0.367,77,71,73,18.95,20.79,19.52,0.284,-0.7781,0.0813,Stable,High,3,221
8479520,Brandon Duhaime,L,F,TOR,29.7,79.1,False,6.76,8.05,74.74,165.19,52.21,0.0854,0.10168,0.94455,2.08767,0.6598,0.9775,0.9775,11.78,11.88,1.0081,6.25,10.14,positive regression,88.1,1.113,-38.54,-0.707,126.64,1.82,C,1.129,1.271,0.937,0.142,-0.334,80,82,82,10.86,13.34,11.07,0.105,-0.5798,0.1796,Stable,High,3,244
8478904,Steven Lorentz,C,F,TOR,30.8,67.3,True,7.18,9.89,68.85,161.55,45.79,0.10671,0.14693,1.02284,2.39999,0.68024,0.9482,0.9482,10.89,12.3,1.1296,10.0,11.17,neutral,87.86,1.305,-38.78,-0.515,126.64,1.82,B,0.747,1.287,1.248,0.54,-0.039,38,80,71,8.79,10.55,11.87,1.539,0.6033,0.1395,Rising,Medium,3,189
8477950,Tony DeAngelo,D,D,NYI,31.28,56.3,True,5.38,22.87,115.31,25.17,57.88,0.09548,0.40606,2.0476,0.44705,1.02781,0.9643,0.9822,19.37,21.57,1.1136,3.38,5.06,neutral,87.64,1.556,-33.44,-0.158,121.08,1.714,A,1.023,1.714,1.425,0.691,-0.289,31,35,76,14.34,23.34,19.14,2.401,0.094,0.2221,Rising,Low,3,142
8479324,Ryan Lindgren,D,D,SEA,28.97,74.0,False,3.0,12.22,58.04,72.67,114.12,0.04058,0.16514,0.78434,0.98198,1.54216,1.0045,1.0045,19.04,18.57,0.9757,4.17,5.35,neutral,87.52,1.183,-33.56,-0.531,121.08,1.714,C,1.274,1.462,0.953,0.188,-0.509,76,72,76,19.35,19.7,18.34,-0.506,-0.4163,0.2122,Declining,High,3,224
8476958,Jaccob Slavin,D,D,CAR,32.76,65.4,True,4.17,16.93,96.28,23.76,97.88,0.06383,0.25889,1.47271,0.3635,1.49728,0.9192,0.9596,21.3,21.47,1.0081,1.59,4.74,positive regression,87.19,1.334,-33.89,-0.38,121.08,1.714,B,1.656,1.397,1.078,-0.259,-0.319,81,80,39,20.93,21.57,21.31,0.189,-0.8558,0.3554,Volatile,Medium,3,200
8479992,Michael Rasmussen,C,F,DET,27.8,71.3,False,9.17,10.98,79.32,96.53,59.72,0.12859,0.15396,1.11225,1.35366,0.8375,1.007,1.007,13.6,12.43,0.9143,9.23,11.96,positive regression,86.92,1.219,-39.72,-0.601,126.64,1.82,C,1.634,1.308,1.072,-0.326,-0.236,75,77,64,15.19,13.41,12.65,-1.271,-0.6849,0.1714,Declining,High,3,216
8478970,Jalen Chatfield,D,D,CAR,30.72,73.8,False,5.95,14.76,111.11,56.27,70.98,0.08065,0.20008,1.50664,0.76299,0.96241,0.9772,0.9886,18.5,20.76,1.1225,2.0,5.64,positive regression,86.79,1.177,-34.29,-0.537,121.08,1.714,C,1.183,1.048,0.983,-0.135,-0.065,72,79,72,15.2,18.88,20.14,2.471,-0.8722,0.2275,Stable,High,3,223
8477015,Connor Brown,R,F,NJD,33.05,75.2,False,12.84,18.01,115.41,25.1,33.47,0.17063,0.23929,1.53369,0.33356,0.44481,0.8785,0.8785,15.18,17.36,1.1435,15.52,11.15,negative regression,86.74,1.153,-39.9,-0.667,126.64,1.82,C,0.718,1.057,1.451,0.339,0.394,71,82,75,12.8,14.01,17.55,2.375,0.7972,0.2178,Rising,High,3,228
8476981,Josh Anderson,R,F,MTL,32.74,75.4,False,10.89,9.0,91.12,128.87,34.2,0.1445,0.11939,1.20888,1.70977,0.45375,0.8891,0.8891,14.49,13.83,0.9544,15.73,11.81,negative regression,86.69,1.15,-39.95,-0.67,126.64,1.82,C,1.326,1.398,1.329,0.072,-0.069,78,81,72,15.46,14.32,14.02,-0.72,0.2706,0.0945,Stable,High,3,231
8477429,Andrew Copp,C,F,DET,32.57,71.5,False,9.94,21.2,88.78,27.23,46.07,0.13909,0.29652,1.24171,0.38088,0.64431,0.8943,0.8943,16.0,16.14,1.0086,7.83,11.73,positive regression,86.58,1.211,-40.06,-0.609,126.64,1.82,C,1.225,1.138,1.487,-0.087,0.349,79,56,79,16.27,14.7,16.57,0.149,0.4324,0.2448,Stable,Medium,3,214
8481806,Louis Crevier,D,D,BUF,25.75,54.9,True,4.64,10.76,75.66,101.2,84.36,0.0846,0.19614,1.37877,1.84427,1.53728,1.0625,1.0625,16.99,17.66,1.0392,6.14,5.91,neutral,86.54,1.577,-34.54,-0.137,121.08,1.714,A,1.279,1.339,1.489,0.06,0.15,24,32,78,15.68,17.29,17.14,0.727,0.1599,0.2323,Rising,Low,3,134
8478399,Jonas Siegenthaler,D,D,NJD,29.74,68.1,False,1.73,11.33,59.39,86.58,113.13,0.0254,0.16653,0.87262,1.27212,1.66214,0.9922,0.9961,19.48,19.55,1.0033,0.0,4.05,positive regression,86.28,1.268,-34.8,-0.446,121.08,1.714,B,1.312,1.264,1.203,-0.048,-0.061,57,55,82,19.34,19.6,19.48,0.07,-0.1828,0.0721,Stable,Low,3,194
8476878,Zemgus Girgensons,C,F,TBL,33.07,73.4,False,7.32,7.44,80.39,167.05,42.26,0.09963,0.10133,1.09464,2.27474,0.5754,0.8774,0.8774,13.0,14.34,1.1029,10.11,10.22,neutral,86.05,1.172,-40.59,-0.648,126.64,1.82,C,1.218,0.912,1.382,-0.306,0.47,63,82,74,11.85,11.66,14.77,1.459,-0.2773,0.065,Stable,High,3,219
8484186,Ryan Leonard,R,F,WSH,22.03,43.7,True,12.58,15.18,100.82,83.65,17.3,0.28805,0.3474,2.30775,1.91485,0.39607,1.1262,1.1262,14.39,14.61,1.015,13.07,12.52,neutral,85.84,1.965,-40.8,0.145,126.64,1.82,A,,1.061,1.787,,0.726,0,9,75,,14.18,14.41,0.236,2.9467,0.127,Stable,Low,2,84
8473419,Brad Marchand,L,F,FLA,38.73,67.4,True,14.85,17.69,102.63,42.02,15.91,0.2204,0.26257,1.52322,0.62372,0.23615,0.6,0.6,18.37,17.75,0.9659,19.57,14.02,negative regression,85.6,1.271,-41.04,-0.549,126.64,1.82,C,2.211,2.045,2.462,-0.166,0.417,82,71,52,19.1,18.32,17.73,-0.684,0.6915,0.2049,Stable,Medium,3,205
8481028,Martin Pospisil,C,F,CGY,27.2,56.9,True,5.45,12.09,76.37,195.5,17.0,0.09565,0.21237,1.34123,3.43361,0.29859,1.016,1.016,12.83,11.66,0.9083,5.26,8.92,positive regression,85.54,1.502,-41.1,-0.318,126.64,1.82,B,1.791,1.554,1.216,-0.237,-0.338,63,81,22,12.72,13.81,10.15,-1.284,-0.6316,0.1081,Declining,Medium,3,166
8476921,Jordan Martinook,L,F,CAR,34.52,77.2,False,10.93,14.77,94.83,71.12,37.24,0.14164,0.19136,1.22857,0.92139,0.48249,0.8035,0.8035,14.94,15.03,1.0058,11.01,11.73,neutral,85.5,1.108,-41.14,-0.712,126.64,1.82,C,1.244,1.434,1.373,0.19,-0.061,82,79,77,14.65,15.3,14.84,0.095,0.2294,0.2149,Stable,High,3,238
8481043,Cole Koepke,L,F,WPG,28.71,58.6,True,9.0,8.49,82.72,174.69,20.98,0.15376,0.145,1.41253,2.983,0.35822,0.9926,0.9926,10.66,12.26,1.15,9.3,11.53,positive regression,85.44,1.459,-41.2,-0.361,126.64,1.82,B,1.033,1.202,1.307,0.169,0.105,9,73,66,6.7,11.25,10.46,1.878,-0.8771,0.2455,Stable,Medium,3,148
8481711,Matias Maccelli,L,F,NYI,26.3,69.3,False,12.66,23.46,102.74,18.72,15.48,0.18261,0.33853,1.48223,0.27008,0.22327,1.0316,1.0316,14.84,14.08,0.9485,15.56,12.27,negative regression,85.08,1.227,-41.56,-0.593,126.64,1.82,C,1.565,0.884,1.264,-0.681,0.38,82,55,71,16.23,13.73,14.56,-0.835,-0.2889,0.2364,Declining,Medium,3,208
8476463,Jonas Brodin,D,D,MIN,33.56,61.5,True,4.23,14.33,74.93,17.79,114.85,0.0688,0.23301,1.21833,0.28929,1.86742,0.8946,0.9473,21.88,20.47,0.9354,5.26,5.69,neutral,84.95,1.381,-36.13,-0.333,121.08,1.714,B,1.862,1.689,1.395,-0.173,-0.294,62,50,62,23.37,22.95,20.29,-1.541,-0.3273,0.2296,Declining,Medium,3,174
8475151,Kyle Palmieri,C,F,NYI,36.0,61.7,True,14.42,15.23,112.26,38.9,24.5,0.23378,0.24683,1.8199,0.63066,0.39714,0.728,0.728,18.12,18.88,1.0419,8.45,12.93,positive regression,84.88,1.376,-41.76,-0.444,126.64,1.82,B,1.97,1.67,1.904,-0.3,0.234,82,82,25,17.22,18.52,18.88,0.829,-0.4064,0.2342,Stable,Medium,3,189
8480246,Nick Perbix,D,D,NSH,28.63,75.6,False,4.02,14.81,72.87,52.25,94.55,0.0532,0.19585,0.96362,0.69097,1.25024,1.0095,1.0095,17.18,18.11,1.0542,3.8,5.58,neutral,84.74,1.121,-36.34,-0.593,121.08,1.714,C,1.318,1.007,0.915,-0.311,-0.092,77,74,79,17.08,14.69,19.11,1.015,-0.8773,0.2797,Volatile,High,3,230
8479365,Trent Frederic,C,F,EDM,28.97,71.0,False,8.69,8.37,79.91,163.59,28.52,0.12245,0.11796,1.12545,2.30406,0.40173,0.9885,0.9885,12.56,11.32,0.9009,5.19,11.66,positive regression,84.64,1.192,-42.0,-0.628,126.64,1.82,C,1.786,1.375,0.951,-0.411,-0.424,82,58,74,13.76,13.72,11.04,-1.359,-1.3114,0.164,Declining,Medium,3,214
8477573,Nathan Walker,L,F,STL,32.98,59.1,True,6.34,7.32,51.11,189.48,43.25,0.1073,0.12391,0.86541,3.20816,0.73231,0.8816,0.8816,11.8,12.34,1.0458,10.53,12.55,positive regression,84.35,1.428,-42.29,-0.392,126.64,1.82,B,1.349,1.594,1.571,0.245,-0.023,45,73,46,10.81,12.11,11.99,0.59,0.1865,0.1323,Rising,Low,3,164
8479980,Nicolas Hague,D,D,NSH,28.16,68.1,False,3.82,10.67,79.23,103.26,79.96,0.05614,0.15683,1.16413,1.51711,1.17485,1.0166,1.0166,18.44,18.93,1.0268,5.36,4.99,neutral,84.18,1.237,-36.9,-0.477,121.08,1.714,C,1.427,1.087,1.073,-0.34,-0.014,73,68,62,18.55,17.0,19.63,0.538,-0.6689,0.2554,Volatile,High,3,203
8480849,Barrett Hayton,C,F,UTA,26.65,65.6,True,12.28,16.75,117.81,29.3,30.57,0.18719,0.25524,1.79521,0.44655,0.46585,1.0253,1.0253,15.79,14.92,0.9451,8.4,10.95,positive regression,83.93,1.279,-42.71,-0.541,126.64,1.82,C,1.062,1.51,1.154,0.448,-0.356,33,82,67,17.01,16.1,15.12,-0.946,0.4159,0.1191,Stable,Medium,3,182
8482074,Connor Zary,C,F,CGY,25.35,66.4,True,13.73,15.96,110.76,36.89,24.27,0.20665,0.24015,1.66711,0.55532,0.36536,1.05,1.05,15.06,14.65,0.9725,10.91,12.58,neutral,83.88,1.263,-42.76,-0.557,126.64,1.82,C,1.388,1.444,1.013,0.056,-0.431,63,54,74,15.27,16.07,14.37,-0.452,-0.6118,0.2154,Stable,Medium,3,191
8476879,Cody Ceci,D,D,LAK,33.11,79.7,False,2.88,12.55,65.66,55.49,109.4,0.03611,0.15754,0.82393,0.6964,1.37285,0.9086,0.9543,19.41,18.29,0.942,1.69,4.88,positive regression,83.82,1.052,-37.26,-0.662,121.08,1.714,C,1.391,1.423,0.855,0.032,-0.568,79,85,82,20.02,21.21,17.57,-1.229,-0.6223,0.2062,Declining,High,3,246
8482803,Olen Zellweger,D,D,BUF,23.4,62.1,True,6.34,13.79,112.11,33.27,76.69,0.10212,0.22202,1.80453,0.53558,1.23443,1.117,1.117,17.93,16.87,0.941,5.88,5.67,neutral,83.69,1.347,-37.39,-0.367,121.08,1.714,B,1.373,1.381,1.193,0.008,-0.188,26,62,76,19.29,18.96,16.98,-1.155,-0.027,0.0876,Declining,Medium,3,164
8482858,Ryker Evans,D,D,SEA,25.14,63.9,True,4.77,13.59,54.61,82.92,82.71,0.07458,0.21255,0.85413,1.29685,1.29368,1.0759,1.0759,18.67,18.04,0.9663,17.39,7.07,negative regression,83.65,1.308,-37.43,-0.406,121.08,1.714,B,1.286,1.514,1.078,0.228,-0.436,36,73,67,19.18,19.48,17.8,-0.687,-0.1948,0.2192,Declining,Medium,3,176
8483495,Simon Nemec,D,D,CGY,22.96,57.2,True,6.48,13.52,84.73,19.99,96.06,0.11323,0.23624,1.48,0.3492,1.67792,1.128,1.128,18.92,18.83,0.9953,10.89,6.72,negative regression,83.58,1.46,-37.5,-0.254,121.08,1.714,A,1.368,0.756,1.48,-0.612,0.724,60,27,68,19.86,14.98,19.67,-0.097,0.1909,0.2888,Volatile,Medium,3,155
8476479,Phillip Danault,C,F,MTL,33.94,76.1,False,8.23,18.14,90.82,56.61,42.68,0.10823,0.23843,1.19406,0.74429,0.56116,0.8331,0.8331,16.91,15.78,0.9335,6.59,10.04,positive regression,83.55,1.098,-43.09,-0.722,126.64,1.82,C,1.793,1.614,0.917,-0.179,-0.697,78,80,75,18.02,17.67,15.57,-1.228,-1.2181,0.1,Declining,High,3,233
8479398,Samuel Girard,D,D,PIT,28.73,66.1,False,3.25,17.55,67.78,49.03,86.66,0.04925,0.2656,1.02606,0.7421,1.31173,1.008,1.008,19.44,18.85,0.9698,7.32,5.06,negative regression,83.13,1.258,-37.95,-0.456,121.08,1.714,B,1.514,1.411,1.011,-0.103,-0.4,59,73,60,19.38,20.85,18.1,-0.64,-0.6674,0.3243,Declining,Medium,3,192
8477499,Rasmus Ristolainen,D,D,PHI,32.27,53.3,True,3.0,13.12,80.55,80.11,83.37,0.05627,0.24613,1.51085,1.50264,1.56376,0.9339,0.9669,20.23,22.38,1.1064,1.72,4.45,positive regression,82.97,1.556,-38.11,-0.158,121.08,1.714,A,1.302,1.552,1.406,0.25,-0.146,31,63,44,16.69,20.52,21.39,2.348,-0.3676,0.2059,Stable,Low,3,138
8477450,Jason Dickinson,C,F,EDM,31.58,68.1,False,9.93,9.73,74.15,95.93,51.68,0.14572,0.14289,1.08837,1.40808,0.75857,0.9246,0.9246,15.9,15.42,0.9699,9.59,13.38,positive regression,82.85,1.216,-43.79,-0.604,126.64,1.82,C,1.665,1.269,1.163,-0.396,-0.106,82,59,64,16.57,15.7,15.53,-0.522,-0.7671,0.0792,Declining,Medium,3,205
8475768,Jaden Schwartz,L,F,COL,34.6,65.5,True,13.41,14.95,105.03,32.52,31.39,0.20474,0.22818,1.60356,0.49647,0.47922,0.7994,0.7994,16.94,16.84,0.994,13.41,12.69,neutral,82.48,1.259,-44.16,-0.561,126.64,1.82,C,1.415,1.715,1.558,0.3,-0.157,62,81,50,16.36,17.88,16.14,-0.111,0.3022,0.2444,Stable,Medium,3,193
8477426,Nick Paul,L,F,TOR,31.87,68.3,True,13.39,12.83,95.38,66.55,25.22,0.19606,0.18782,1.3963,0.9742,0.36924,0.9159,0.9159,15.82,14.24,0.9,10.29,13.82,positive regression,82.48,1.207,-44.16,-0.613,126.64,1.82,C,1.701,1.549,1.155,-0.152,-0.394,82,76,51,17.26,16.44,13.68,-1.79,-0.4234,0.1941,Declining,Medium,3,209
8479316,Luke Kunin,C,F,SJS,29.16,70.6,False,7.88,6.18,73.96,137.7,53.61,0.11173,0.08755,1.04814,1.95152,0.75975,0.9856,0.9856,13.13,11.82,0.9,8.16,11.31,positive regression,82.43,1.168,-44.21,-0.652,126.64,1.82,C,1.314,1.515,1.055,0.201,-0.46,77,75,62,15.74,14.69,9.68,-3.03,0.7643,0.1743,Stable,High,3,214
8471215,Evgeni Malkin,C,F,PIT,40.51,67.9,False,11.82,22.9,91.05,16.98,20.05,0.17419,0.33744,1.34144,0.25021,0.29544,0.6,0.6,17.96,17.51,0.9747,12.84,12.96,neutral,82.07,1.209,-44.57,-0.611,126.64,1.82,C,2.004,1.838,2.392,-0.166,0.554,82,68,56,18.59,17.79,17.59,-0.495,0.8433,0.2299,Stable,Medium,3,206
8481618,Alex Newhook,C,F,MTL,26.01,61.9,True,13.54,13.75,87.68,59.78,25.97,0.21859,0.22201,1.41562,0.96513,0.41936,1.0368,1.0368,15.36,14.24,0.9272,21.31,14.51,negative regression,81.9,1.322,-44.74,-0.498,126.64,1.82,B,1.624,1.137,1.636,-0.487,0.499,55,82,42,16.93,15.13,14.48,-1.22,0.51,0.1933,Stable,Low,3,179
8475764,Cam Fowler,D,D,STL,35.16,75.8,False,4.35,22.17,71.15,14.38,74.16,0.05744,0.29246,0.93846,0.18974,0.97817,0.8218,0.9109,22.09,20.56,0.9306,4.4,5.99,neutral,81.47,1.075,-39.61,-0.639,121.08,1.714,C,1.57,1.614,1.069,0.044,-0.545,81,68,82,24.42,21.54,21.08,-1.672,-0.4077,0.4262,Declining,High,3,231
8480950,Ilya Lyubushkin,D,D,NSH,32.82,68.4,True,1.22,8.86,38.78,93.95,116.93,0.01779,0.12953,0.56661,1.37272,1.70858,0.9174,0.9587,16.77,16.14,0.9622,3.03,4.26,neutral,81.26,1.187,-39.82,-0.527,121.08,1.714,C,1.528,1.169,1.208,-0.359,0.039,74,80,53,17.12,17.39,15.74,-0.692,-0.3731,0.242,Declining,Medium,3,207
8478042,Viktor Arvidsson,L,F,DET,33.82,59.7,True,14.17,15.42,117.69,19.57,22.93,0.23748,0.2583,1.97171,0.32787,0.3841,0.8392,0.8392,14.93,13.97,0.9357,14.29,12.08,negative regression,81.07,1.358,-45.57,-0.462,126.64,1.82,B,2.347,1.286,1.988,-1.061,0.702,18,67,69,16.69,15.0,14.6,-1.046,-0.134,0.2548,Declining,Medium,3,154
8483485,Denton Mateychuk,D,D,CBJ,22.56,52.7,True,7.41,14.46,70.52,27.3,81.35,0.14059,0.27444,1.33847,0.51815,1.54397,1.1376,1.1376,18.81,19.87,1.0561,14.77,8.17,negative regression,81.01,1.538,-40.07,-0.176,121.08,1.714,A,,1.23,1.381,,0.151,0,45,75,,18.04,19.19,1.151,0.2278,0.1877,Rising,Low,2,120
8484911,Collin Graf,R,F,SJS,24.36,52.9,True,11.75,15.71,78.35,54.28,32.4,0.22216,0.29703,1.48173,1.02662,0.61271,1.0711,1.0711,16.31,16.24,0.9957,17.8,13.87,negative regression,81.0,1.532,-45.64,-0.288,126.64,1.82,B,1.071,1.038,1.625,-0.033,0.587,7,33,81,16.59,15.86,16.44,-0.076,1.0273,0.2858,Volatile,Low,3,121
8478831,Kevin Stenlund,C,F,UTA,30.37,78.7,False,9.58,11.67,81.86,55.28,59.9,0.12177,0.14829,1.04034,0.70253,0.76127,0.9615,0.9615,13.97,14.83,1.0615,6.06,12.14,positive regression,80.97,1.029,-45.67,-0.791,126.64,1.82,C,0.938,1.179,0.861,0.241,-0.318,81,82,80,12.6,14.35,14.48,0.938,-0.4501,0.1902,Stable,High,3,243
8477456,J.T. Compher,L,F,DET,31.82,77.1,False,10.6,17.27,80.58,25.96,47.21,0.13758,0.22415,1.04559,0.33688,0.61268,0.9174,0.9174,16.9,15.21,0.9,11.58,13.17,neutral,80.92,1.05,-45.72,-0.77,126.64,1.82,C,1.669,1.268,1.037,-0.401,-0.231,77,76,82,19.39,16.68,15.67,-1.861,-0.5972,0.1964,Declining,High,3,235
8475692,Mats Zuccarello,R,F,LAK,39.42,66.6,False,9.68,24.6,88.22,14.96,24.07,0.14529,0.36919,1.32412,0.22448,0.36131,0.6,0.6,19.07,18.96,0.994,12.3,11.15,neutral,80.91,1.214,-45.73,-0.606,126.64,1.82,C,2.162,1.976,2.019,-0.186,0.043,69,69,59,18.89,19.66,18.64,-0.125,-0.1842,0.1939,Stable,Medium,3,197
8480003,Jesper Boqvist,C,F,NJD,28.26,69.1,True,8.1,10.06,71.89,145.16,27.64,0.11721,0.14556,1.03996,2.09991,0.39988,0.9998,0.9998,12.25,12.56,1.0254,6.25,11.85,positive regression,80.79,1.169,-45.85,-0.651,126.64,1.82,C,1.087,1.297,0.971,0.21,-0.326,47,78,73,11.15,13.25,11.83,0.34,-0.4638,0.1467,Stable,Medium,3,198
8475287,Erik Haula,L,F,LAK,35.86,74.8,False,10.14,13.12,92.67,76.67,32.57,0.13554,0.17542,1.2387,1.02485,0.43531,0.7351,0.7351,16.13,16.03,0.9942,11.02,11.31,neutral,80.6,1.077,-46.04,-0.743,126.64,1.82,C,1.575,1.246,1.537,-0.329,0.291,76,69,81,16.88,14.7,16.67,-0.102,-0.0341,0.0843,Stable,High,3,226
8475799,Nino Niederreiter,R,F,WPG,34.4,72.0,False,10.94,11.99,99.3,84.44,24.84,0.15201,0.16653,1.37917,1.17281,0.34498,0.8096,0.8096,14.5,13.95,0.9622,9.52,11.4,neutral,80.35,1.116,-46.29,-0.704,126.64,1.82,C,1.6,1.592,1.084,-0.008,-0.508,77,82,61,14.96,14.85,13.77,-0.598,-0.8465,0.1681,Declining,High,3,220
8477494,Jonathan Drouin,L,F,COL,31.85,63.6,True,9.78,24.11,80.16,21.28,23.75,0.1539,0.37928,1.26119,0.33485,0.37368,0.9165,0.9165,17.61,17.0,0.9657,4.65,12.64,positive regression,80.32,1.264,-46.32,-0.556,126.64,1.82,C,1.675,1.777,1.027,0.102,-0.75,79,43,64,18.18,18.18,16.87,-0.659,-0.9369,0.2555,Declining,Medium,3,186
8474141,Patrick Kane,R,F,CHI,38.2,66.3,True,11.92,22.5,102.75,11.98,13.13,0.17979,0.33932,1.54945,0.18068,0.19801,0.6168,0.6168,17.93,17.62,0.9826,9.47,11.95,positive regression,80.0,1.206,-46.64,-0.614,126.64,1.82,C,2.198,1.904,1.962,-0.294,0.058,50,72,67,18.38,17.98,17.7,-0.341,-0.2621,0.1135,Stable,Medium,3,189
8476826,Yanni Gourde,C,F,TBL,35.13,72.9,False,7.47,15.99,83.37,91.75,28.3,0.10254,0.21942,1.14404,1.25907,0.38831,0.7724,0.7724,16.58,16.08,0.9701,7.89,9.85,neutral,79.69,1.094,-46.95,-0.726,126.64,1.82,C,1.597,1.678,1.188,0.081,-0.49,80,57,82,17.45,16.05,16.37,-0.541,-0.5683,0.1766,Declining,Medium,3,219
8474586,Jordan Eberle,R,F,SEA,36.72,68.1,True,12.72,17.66,96.86,25.5,23.19,0.18672,0.25927,1.42173,0.37438,0.34047,0.692,0.692,17.71,18.18,1.0267,15.48,12.82,negative regression,79.68,1.17,-46.96,-0.65,126.64,1.82,C,1.458,1.542,1.834,0.084,0.292,78,42,80,17.45,16.26,18.48,0.515,0.4706,0.2998,Rising,Medium,3,200
8471685,Anze Kopitar,C,F,LAK,39.44,74.4,False,10.35,21.6,63.47,19.84,37.38,0.1391,0.29036,0.85342,0.26676,0.5026,0.6,0.6,19.21,18.96,0.9872,11.88,15.56,positive regression,79.66,1.071,-46.98,-0.749,126.64,1.82,C,2.075,1.918,1.584,-0.157,-0.334,81,81,67,19.66,18.96,19.12,-0.269,-0.6826,0.081,Stable,High,3,229
8482062,Cole Smith,R,F,CHI,31.26,70.4,False,7.24,7.55,74.57,170.99,23.46,0.10279,0.10723,1.0587,2.42761,0.33303,0.9342,0.9342,13.51,13.32,0.9862,11.59,10.52,neutral,79.4,1.127,-47.24,-0.693,126.64,1.82,C,1.425,1.03,1.163,-0.395,0.133,80,71,63,13.69,13.61,13.28,-0.204,-0.4968,0.1222,Stable,High,3,214
8479336,Carl Grundstrom,R,F,PHI,29.17,56.1,True,8.48,5.65,86.68,161.65,22.25,0.15131,0.10087,1.54611,2.8833,0.39681,0.9854,0.9854,10.8,11.22,1.0388,16.07,10.55,negative regression,78.57,1.401,-48.07,-0.419,126.64,1.82,B,1.297,1.23,1.452,-0.067,0.222,50,56,47,10.94,9.6,11.85,0.457,0.1183,0.1592,Stable,Low,3,153
8480995,Pontus Holmberg,R,F,TBL,27.9,67.0,True,9.84,12.39,81.49,61.26,45.0,0.14683,0.18494,1.21627,0.9143,0.6716,1.0055,1.0055,12.74,13.56,1.064,12.22,12.25,neutral,78.49,1.171,-48.15,-0.649,126.64,1.82,C,1.148,1.029,1.086,-0.119,0.057,54,68,70,11.57,12.66,13.35,0.89,-0.5357,0.2226,Stable,Medium,3,192
8480834,Ty Emberson,D,D,EDM,26.69,65.1,True,2.08,10.11,47.44,107.77,86.77,0.03193,0.15526,0.72845,1.65477,1.33243,1.0432,1.0432,15.72,14.33,0.9117,4.35,4.94,neutral,78.37,1.203,-42.71,-0.511,121.08,1.714,C,1.835,1.168,1.172,-0.667,0.004,30,76,72,18.55,15.11,15.52,-1.514,-0.7019,0.1587,Declining,Medium,3,178
8479576,Vincent Desharnais,D,D,WSH,30.68,61.9,True,1.31,6.92,38.03,117.38,103.39,0.02113,0.11165,0.614,1.8952,1.66919,0.9778,0.9889,16.71,17.83,1.0672,2.94,4.6,neutral,78.36,1.265,-42.72,-0.449,121.08,1.714,B,1.19,1.081,1.241,-0.109,0.16,78,51,53,15.73,15.92,18.18,1.224,-0.2231,0.0431,Stable,Low,3,182
8483808,Andrei Kuzmenko,L,F,PIT,30.99,64.2,True,13.49,19.3,85.5,17.65,17.27,0.20998,0.30031,1.33069,0.27469,0.2688,0.9423,0.9423,15.16,15.18,1.001,18.84,14.83,negative regression,78.32,1.219,-48.32,-0.601,126.64,1.82,C,1.485,1.287,1.209,-0.198,-0.078,72,66,52,14.88,15.63,14.92,0.016,-0.5617,0.1746,Stable,Medium,3,190
8477220,Nate Schmidt,D,D,UTA,35.55,75.4,False,3.63,12.61,66.31,72.78,78.59,0.04805,0.16717,0.87902,0.96482,1.04174,0.802,0.901,18.0,19.32,1.0734,5.81,5.45,neutral,78.17,1.036,-42.91,-0.678,121.08,1.714,C,1.16,1.034,1.186,-0.126,0.152,63,80,82,16.82,16.53,19.7,1.441,-0.2624,0.1186,Stable,High,3,225
8477903,Garnet Hathaway,R,F,FLA,35.19,70.8,False,4.59,5.2,47.79,191.84,44.34,0.06482,0.07344,0.67551,2.71156,0.62675,0.7693,0.7693,11.47,10.52,0.9167,2.94,10.62,positive regression,78.02,1.103,-48.62,-0.717,126.64,1.82,C,1.649,1.81,1.224,0.161,-0.586,82,67,66,12.49,11.86,10.4,-1.042,-0.4304,0.0674,Declining,High,3,215
8476927,Teddy Blueger,C,F,TOR,32.47,62.2,True,8.27,14.8,76.71,81.38,31.51,0.13293,0.23802,1.23348,1.30868,0.50668,0.8974,0.8974,15.04,15.76,1.0481,17.65,11.09,negative regression,77.55,1.247,-49.09,-0.573,126.64,1.82,C,1.385,1.134,1.55,-0.251,0.416,68,82,35,14.94,14.32,16.51,0.788,0.0335,0.1033,Rising,Medium,3,185
8473994,Jamie Benn,L,F,DAL,37.54,72.1,False,9.94,17.96,71.34,60.24,22.72,0.13784,0.24904,0.98918,0.83515,0.31501,0.6505,0.6505,14.55,13.71,0.9423,20.83,13.44,negative regression,77.53,1.075,-49.11,-0.745,126.64,1.82,C,2.007,1.756,1.603,-0.251,-0.153,82,80,60,15.12,15.3,13.29,-0.915,-0.3651,0.0906,Declining,High,3,222
8477444,Andre Burakovsky,L,F,OTT,31.98,70.4,True,9.97,19.82,95.02,21.69,26.37,0.14168,0.28167,1.35026,0.30826,0.37466,0.9126,0.9126,15.34,16.18,1.0551,12.64,10.95,neutral,77.5,1.101,-49.14,-0.719,126.64,1.82,C,0.996,1.187,1.119,0.191,-0.068,49,79,75,14.56,14.42,16.41,0.923,-0.0062,0.2232,Stable,Medium,3,203
8479591,Michael Eyssimont,C,F,BOS,30.4,69.9,False,9.86,9.56,121.07,86.32,22.64,0.14103,0.13665,1.73116,1.23431,0.32366,0.9606,0.9606,11.08,10.64,0.961,7.34,9.17,neutral,77.41,1.107,-49.23,-0.713,126.64,1.82,C,1.272,1.037,1.17,-0.235,0.133,81,77,56,11.85,10.61,10.91,-0.471,-0.0022,0.1363,Stable,Medium,3,214
8479996,Cody Glass,C,F,NJD,27.84,63.8,True,12.0,10.81,99.82,45.77,35.85,0.18804,0.1694,1.56428,0.71718,0.56186,1.0064,1.0064,13.6,13.68,1.0061,18.27,11.87,negative regression,76.89,1.205,-49.75,-0.615,126.64,1.82,C,1.171,1.132,1.231,-0.039,0.099,41,65,70,13.43,13.66,13.61,0.091,0.0972,0.097,Stable,Medium,3,176
8482201,Gage Goncalves,C,F,TBL,26.04,56.5,True,9.08,16.77,67.31,75.55,23.89,0.16065,0.2968,1.19135,1.33719,0.42278,1.0363,1.0363,12.94,14.38,1.1109,14.29,13.04,neutral,76.87,1.361,-49.77,-0.459,126.64,1.82,B,0.2,1.073,1.266,0.873,0.193,2,60,74,9.96,12.79,13.09,1.566,2.2996,0.384,Rising,Medium,3,136
8475220,Marcus Foligno,L,F,MIN,35.48,65.1,False,7.59,7.63,53.29,150.04,33.88,0.11665,0.11724,0.81906,2.30605,0.52067,0.7545,0.7545,13.87,13.12,0.9459,12.31,13.76,neutral,76.48,1.175,-50.16,-0.645,126.64,1.82,C,1.749,1.713,1.53,-0.036,-0.183,55,77,56,14.48,14.48,12.85,-0.818,-0.0491,0.1091,Declining,Low,3,188
8482929,Emil Lilleberg,D,D,TBL,26.0,59.6,True,2.48,12.54,48.69,121.53,60.25,0.04163,0.21061,0.81743,2.04041,1.01154,1.057,1.057,16.2,16.7,1.0312,9.3,5.2,negative regression,76.47,1.284,-44.61,-0.43,121.08,1.714,B,1.35,1.053,1.228,-0.297,0.175,37,76,50,16.2,15.28,17.31,0.552,-0.3707,0.238,Stable,Low,3,163
8478109,Victor Olofsson,L,F,VGK,31.54,65.9,True,13.0,14.58,116.32,22.7,18.1,0.19722,0.22108,1.76408,0.34424,0.2745,0.9258,0.9258,13.44,14.35,1.0679,8.84,11.64,positive regression,76.2,1.156,-50.44,-0.664,126.64,1.82,C,0.859,1.414,1.103,0.555,-0.311,51,56,78,11.57,14.5,13.56,0.996,0.2121,0.215,Rising,Low,3,185
8477919,Freddy Gaudreau,C,F,SEA,33.76,72.3,False,9.4,14.38,82.92,32.91,48.03,0.12994,0.19881,1.14668,0.4551,0.66416,0.8422,0.8422,15.45,16.46,1.0653,10.0,11.51,neutral,76.19,1.054,-50.45,-0.766,126.64,1.82,C,0.925,1.363,1.106,0.438,-0.257,67,82,68,13.94,15.66,16.14,1.101,0.0638,0.0852,Rising,High,3,217
8482775,Oliver Kapanen,C,F,MTL,23.51,48.1,True,12.97,10.69,90.38,21.41,46.32,0.26956,0.22223,1.87797,0.44481,0.96254,1.0903,1.0903,13.94,16.03,1.15,16.79,13.5,negative regression,76.04,1.58,-50.6,-0.24,126.64,1.82,B,,0.467,1.419,,0.952,0,18,82,,10.89,14.47,3.585,3.3103,0.4249,Rising,Low,2,100
8478507,John Marino,D,D,UTA,29.7,65.8,True,2.96,22.94,48.09,25.17,66.94,0.04502,0.34861,0.73077,0.38251,1.01711,0.9928,0.9964,20.6,20.25,0.9832,7.27,5.92,neutral,76.02,1.155,-45.06,-0.559,121.08,1.714,C,1.16,1.254,1.171,0.094,-0.083,75,35,80,20.96,21.17,20.2,-0.378,0.0779,0.2224,Stable,Medium,3,190
8474563,Drew Doughty,D,D,LAK,37.15,63.4,True,4.88,14.65,65.14,49.31,70.29,0.07693,0.23122,1.0278,0.77811,1.10915,0.7205,0.8602,24.18,22.94,0.9487,4.95,7.18,positive regression,75.97,1.199,-45.11,-0.515,121.08,1.714,C,2.125,1.845,1.238,-0.28,-0.607,82,30,72,25.79,24.14,23.09,-1.354,-0.8626,0.1879,Declining,Medium,3,184
8475169,Evander Kane,L,F,EDM,35.5,54.6,False,10.35,10.49,104.66,90.2,15.86,0.18949,0.192,1.91591,1.65118,0.2903,0.7535,0.7535,16.56,16.39,0.99,7.6,10.7,positive regression,75.72,1.386,-50.92,-0.434,126.64,1.82,B,2.223,,1.558,,,77,0,71,16.78,,16.41,-0.181,-1.1264,0.1871,Stable,Medium,2,148
8480813,Joseph Veleno,C,F,NYR,27.05,70.6,False,7.04,8.17,65.88,135.7,35.13,0.09973,0.11575,0.93368,1.92312,0.49779,1.0182,1.0182,12.63,11.78,0.9323,3.85,11.57,positive regression,75.64,1.072,-51.0,-0.748,126.64,1.82,C,1.184,1.134,0.995,-0.05,-0.139,80,74,61,13.96,12.12,12.09,-0.933,-0.077,0.2546,Declining,High,3,215
8475848,Brendan Gallagher,R,F,VAN,34.74,77.0,False,10.88,11.96,101.86,64.35,21.99,0.14127,0.15538,1.32282,0.83568,0.28559,0.7923,0.7923,13.25,12.59,0.9502,5.79,11.23,positive regression,75.55,0.981,-51.09,-0.839,126.64,1.82,C,1.331,1.48,1.075,0.149,-0.405,77,82,77,13.79,13.91,12.35,-0.72,-0.284,0.2082,Declining,High,3,236
8476474,Stefan Noesen,R,F,NJD,33.97,64.6,True,10.72,11.95,90.01,80.75,18.34,0.16607,0.18516,1.39418,1.25076,0.28404,0.8315,0.8315,13.54,13.49,0.9963,5.77,12.21,positive regression,75.45,1.169,-51.19,-0.651,126.64,1.82,C,1.377,1.753,0.833,0.376,-0.92,81,78,38,11.86,15.93,11.75,-0.054,-1.3553,0.2048,Stable,Medium,3,197
8480848,Ty Dellandrea,C,F,SJS,26.53,57.2,True,3.97,9.57,61.03,146.32,41.74,0.06938,0.16711,1.06602,2.55587,0.72916,1.0275,1.0275,12.85,13.55,1.0541,4.0,9.08,positive regression,75.32,1.316,-51.32,-0.504,126.64,1.82,B,0.976,1.015,1.39,0.039,0.375,42,68,46,12.67,11.8,14.19,0.759,0.6281,0.2361,Rising,Low,3,156
8477488,Brett Pesce,D,D,NJD,32.21,60.7,True,2.77,9.81,78.28,19.97,110.76,0.04572,0.16158,1.28985,0.32903,1.82508,0.9357,0.9678,20.73,20.74,1.0004,2.22,4.24,positive regression,74.76,1.232,-46.32,-0.482,121.08,1.714,C,1.166,1.319,1.296,0.153,-0.023,70,72,37,20.29,21.32,20.3,0.008,0.1911,0.0988,Stable,Medium,3,179
8474568,Luke Schenn,D,D,VAN,37.25,64.4,True,1.23,4.46,43.19,179.64,66.01,0.01916,0.06917,0.67026,2.78788,1.02436,0.7155,0.8578,14.99,14.29,0.9535,2.86,3.89,neutral,74.66,1.159,-46.42,-0.555,121.08,1.714,C,1.431,1.565,1.32,0.134,-0.245,63,76,50,15.18,15.95,13.66,-0.76,0.0707,0.0506,Stable,Medium,3,189
8478569,Noel Acciari,C,F,PHI,35.17,69.0,False,6.87,6.71,63.35,94.33,64.07,0.09963,0.09725,0.91814,1.36708,0.92858,0.7703,0.7703,13.58,13.92,1.0249,13.98,11.23,negative regression,74.61,1.081,-52.03,-0.739,126.64,1.82,C,1.38,1.301,1.383,-0.079,0.082,55,79,67,12.97,13.76,13.71,0.369,-0.1654,0.2845,Volatile,Medium,3,201
8482176,Wyatt Kaiser,D,D,CHI,24.51,62.3,True,4.43,9.58,70.52,51.61,86.71,0.07105,0.15376,1.13174,0.82832,1.39153,1.0903,1.0903,18.82,19.87,1.056,8.0,5.92,negative regression,74.48,1.195,-46.6,-0.519,121.08,1.714,C,1.053,1.18,0.947,0.127,-0.233,32,57,77,17.31,18.12,19.61,1.15,-0.3768,0.2469,Stable,Low,3,166
8480192,Johnathan Kovacevic,D,D,NJD,29.56,60.5,True,2.49,11.59,54.64,83.76,77.2,0.04122,0.19152,0.90316,1.38439,1.2761,0.995,0.9975,18.43,19.04,1.0336,0.0,5.28,positive regression,74.34,1.229,-46.74,-0.485,121.08,1.714,C,1.181,1.141,1.222,-0.04,0.081,62,81,34,16.52,19.81,17.87,0.675,-0.0938,0.1454,Stable,Medium,3,177
8476480,Vladislav Namestnikov,C,F,WPG,34.19,70.9,False,8.2,14.58,70.39,66.72,34.64,0.11577,0.20568,0.99312,0.94131,0.48875,0.8203,0.8203,14.45,14.14,0.9782,10.53,11.96,neutral,74.3,1.048,-52.34,-0.772,126.64,1.82,C,1.403,1.417,1.076,0.014,-0.341,78,78,60,14.46,15.09,13.78,-0.344,-0.5662,0.0754,Stable,High,3,216
8482100,Alexander Nikishin,D,D,CAR,25.33,43.3,False,5.43,12.6,69.65,75.17,54.13,0.12545,0.2909,1.60815,1.73561,1.24966,1.0717,1.0717,18.18,18.18,1.0,9.02,6.78,negative regression,74.19,1.713,-46.89,-0.001,121.08,1.714,S,,,1.637,,,0,0,81,,,18.18,0.0,0.0,0.0,Stable,Low,1,81
8473533,Jordan Staal,C,F,CAR,38.39,75.2,False,8.99,11.89,68.19,92.02,27.29,0.11959,0.15817,0.90694,1.22388,0.363,0.6071,0.6071,15.73,16.1,1.0236,18.69,12.71,negative regression,74.01,0.984,-52.63,-0.836,126.64,1.82,C,1.39,1.589,1.734,0.199,0.145,80,75,75,15.38,15.44,16.19,0.404,0.502,0.0724,Stable,High,3,230
8477369,Carson Soucy,D,D,VAN,32.52,68.0,True,3.48,6.61,55.68,93.89,85.49,0.05119,0.09725,0.81885,1.38067,1.25726,0.9264,0.9632,17.19,16.74,0.9742,8.06,5.98,negative regression,73.93,1.087,-47.15,-0.627,121.08,1.714,C,1.244,1.25,1.087,0.006,-0.163,40,75,76,17.48,17.91,16.52,-0.483,-0.159,0.0717,Stable,Medium,3,191
8476374,Sean Kuraly,C,F,BOS,34.03,75.8,False,6.67,10.28,79.22,103.84,34.59,0.08807,0.13577,1.04582,1.37087,0.45657,0.8285,0.8285,12.86,12.67,0.9855,5.45,9.74,positive regression,73.53,0.971,-53.11,-0.849,126.64,1.82,C,1.426,1.098,1.053,-0.328,-0.045,62,82,82,13.73,11.76,13.33,-0.203,-0.7441,0.1911,Stable,High,3,226
8476469,Joel Armia,R,F,LAK,33.67,71.6,False,10.83,10.67,87.31,58.4,31.19,0.15138,0.14904,1.22008,0.81611,0.43581,0.8468,0.8468,14.5,13.81,0.9529,14.13,12.41,neutral,73.36,1.025,-53.28,-0.795,126.64,1.82,C,1.379,1.164,1.293,-0.215,0.129,66,81,67,15.55,14.3,14.06,-0.745,0.0978,0.173,Stable,High,3,214
8481167,Brayden Pachal,D,D,CGY,27.44,58.6,True,2.36,7.58,49.36,132.24,66.8,0.04026,0.12941,0.84284,2.2581,1.14073,1.0291,1.0291,14.23,13.86,0.9742,3.57,5.17,neutral,73.32,1.252,-47.76,-0.462,121.08,1.714,B,1.382,1.178,1.205,-0.204,0.027,50,76,39,14.68,14.24,13.88,-0.401,-0.2193,0.089,Stable,Low,3,165
8482088,Justin Sourdif,C,F,WSH,24.86,43.2,True,9.99,13.19,72.94,65.95,26.92,0.2313,0.30543,1.68886,1.52708,0.6234,1.0601,1.0601,14.55,16.74,1.15,13.89,13.14,neutral,73.32,1.698,-53.32,-0.122,126.64,1.82,A,0.667,2.3,1.408,1.633,-0.892,3,1,78,8.84,9.45,14.74,2.95,0.6025,0.8418,Rising,Low,3,82
8480891,Michael Kesselring,D,D,SJS,27.05,61.3,True,4.11,12.56,90.15,67.53,54.59,0.06708,0.20493,1.47026,1.10147,0.89041,1.0361,1.0361,16.1,15.0,0.9317,0.0,5.02,positive regression,73.21,1.194,-47.87,-0.52,121.08,1.714,C,1.342,1.346,0.829,0.004,-0.517,65,82,34,15.79,17.69,13.39,-1.199,-0.6922,0.2742,Declining,Medium,3,181
8478854,Ryan Shea,D,D,EDM,29.97,58.6,True,3.76,16.16,50.63,35.75,76.19,0.06418,0.27587,0.86454,0.61054,1.30098,0.9885,0.9942,17.47,20.09,1.15,8.33,6.49,neutral,73.16,1.249,-47.92,-0.465,121.08,1.714,B,0.573,0.851,1.326,0.278,0.475,31,39,80,12.62,16.73,18.89,3.13,0.7461,0.264,Rising,Low,3,150
8476891,Matt Grzelcyk,D,D,BOS,33.07,71.9,False,1.65,18.13,66.93,37.27,70.95,0.02299,0.25221,0.93127,0.51847,0.98715,0.9098,0.9549,18.49,18.21,0.9845,0.0,3.66,positive regression,72.82,1.013,-48.26,-0.701,121.08,1.714,D,1.009,1.446,0.764,0.437,-0.682,63,82,69,17.6,20.61,16.97,-0.313,-0.3695,0.248,Stable,High,3,214
8480829,Jesperi Kotkaniemi,C,F,CAR,26.57,65.4,True,8.77,13.82,88.28,62.48,25.19,0.13395,0.21115,1.34913,0.95486,0.38502,1.0267,1.0267,12.97,12.23,0.9425,4.76,10.76,positive regression,72.81,1.113,-53.83,-0.707,126.64,1.82,C,1.12,1.228,0.945,0.108,-0.283,79,78,42,12.98,14.06,11.35,-0.814,-0.0897,0.293,Declining,Medium,3,199
8478472,Mathieu Joseph,R,F,EDM,29.98,62.4,True,5.65,12.19,64.22,105.27,35.38,0.09046,0.1953,1.02853,1.68595,0.56672,0.9733,0.9733,13.32,11.99,0.9,5.56,10.14,positive regression,72.66,1.164,-53.98,-0.656,126.64,1.82,C,1.594,1.169,1.133,-0.425,-0.036,72,60,51,16.47,11.91,11.99,-2.242,-0.0665,0.2054,Declining,Medium,3,183
8474151,Ryan McDonagh,D,D,TBL,37.64,67.4,True,2.85,15.04,43.88,20.92,95.66,0.04226,0.22316,0.65132,0.31054,1.41981,0.696,0.848,20.43,19.27,0.9432,15.38,5.94,negative regression,72.5,1.076,-48.58,-0.638,121.08,1.714,C,1.614,1.439,1.474,-0.175,0.035,74,82,48,21.79,20.37,19.26,-1.266,0.0747,0.1269,Stable,Medium,3,204
8476874,Olli Maatta,D,D,MIN,32.45,64.2,True,2.67,14.26,50.81,24.13,94.33,0.04163,0.22217,0.79155,0.37595,1.4696,0.9285,0.9642,17.85,18.38,1.0298,5.88,5.49,neutral,72.2,1.125,-48.88,-0.589,121.08,1.714,C,1.117,1.134,1.184,0.017,0.05,72,77,43,16.05,19.55,17.21,0.58,-0.0238,0.3984,Volatile,Medium,3,192
8479982,Conor Timmins,D,D,BUF,28.37,51.9,True,2.24,12.07,59.68,48.76,88.18,0.04313,0.23265,1.15052,0.93986,1.6998,1.0134,1.0134,17.46,18.72,1.072,0.0,4.7,positive regression,72.14,1.391,-48.94,-0.323,121.08,1.714,B,1.434,1.13,1.353,-0.304,0.223,25,68,39,16.02,16.92,18.76,1.37,-0.5225,0.2734,Volatile,Low,3,132
8478891,Mason Appleton,C,F,DET,31.05,71.4,False,8.71,11.32,80.66,77.23,28.48,0.12195,0.15841,1.12915,1.08109,0.39874,0.9405,0.9405,14.68,13.53,0.9212,9.52,11.36,neutral,71.91,1.007,-54.73,-0.813,126.64,1.82,C,1.413,1.118,0.945,-0.295,-0.173,82,71,65,16.05,14.83,13.52,-1.262,-0.5468,0.1149,Declining,High,3,218
8476854,Hampus Lindholm,D,D,BOS,33.03,56.9,True,3.81,15.22,75.18,19.64,74.51,0.06698,0.26768,1.32187,0.34535,1.31003,0.9111,0.9555,22.13,21.36,0.9655,5.0,5.21,neutral,71.74,1.261,-49.34,-0.453,121.08,1.714,B,1.372,1.424,1.417,0.052,-0.007,73,17,67,23.29,20.86,21.62,-0.832,0.1988,0.333,Volatile,Medium,3,157
8475208,Brian Dumoulin,D,D,LAK,35.41,78.6,False,2.85,12.2,53.03,51.91,83.67,0.03627,0.15513,0.67448,0.66021,1.0641,0.8091,0.9045,18.16,18.5,1.0185,3.28,5.62,positive regression,71.62,0.911,-49.46,-0.803,121.08,1.714,D,0.993,1.222,0.902,0.229,-0.32,80,80,82,17.02,19.54,17.75,0.368,-0.2247,0.1854,Stable,High,3,242
8473512,Claude Giroux,R,F,OTT,39.06,79.2,False,8.88,19.61,79.61,31.36,17.35,0.11211,0.24749,1.00459,0.39571,0.21887,0.6,0.6,17.88,16.15,0.9029,10.14,11.51,neutral,71.47,0.902,-55.17,-0.918,126.64,1.82,D,1.859,1.609,1.508,-0.25,-0.101,82,81,82,20.09,18.2,16.3,-1.895,-0.001,0.2286,Declining,High,3,245
8476925,Colton Sissons,C,F,TOR,33.24,71.8,False,7.39,9.37,71.0,83.08,43.5,0.10289,0.13044,0.9887,1.15693,0.60569,0.8688,0.8688,14.27,12.84,0.9,8.11,11.14,positive regression,71.32,0.993,-55.32,-0.827,126.64,1.82,C,1.568,1.256,0.989,-0.312,-0.267,81,72,66,16.57,14.36,12.5,-2.039,-0.4629,0.1165,Declining,High,3,219
8470613,Brent Burns,D,D,COL,41.9,79.5,False,5.17,13.91,95.79,15.85,64.34,0.06498,0.175,1.20494,0.1994,0.80936,0.6,0.7625,20.23,19.02,0.9405,6.98,5.41,neutral,71.26,0.896,-49.82,-0.818,121.08,1.714,D,1.657,1.33,1.465,-0.327,0.135,82,82,82,21.5,20.96,18.88,-1.312,0.0163,0.2817,Volatile,High,3,246
8481527,Kaedan Korczak,D,D,PIT,26.01,57.2,True,2.14,12.35,50.97,82.77,69.26,0.03736,0.2157,0.89033,1.44573,1.20975,1.0568,1.0568,15.81,15.56,0.9844,5.0,4.85,neutral,71.24,1.244,-49.84,-0.47,121.08,1.714,B,1.471,1.147,1.13,-0.324,-0.017,26,40,78,16.5,15.07,15.97,-0.268,-0.5508,0.0721,Stable,Low,3,144
8485414,Ben Kindel,C,F,PIT,19.79,42.1,False,11.23,11.63,95.94,19.96,36.74,0.26696,0.27656,2.28085,0.47462,0.87353,1.167,1.167,15.06,15.06,1.0,11.26,12.11,neutral,71.15,1.692,-55.49,-0.128,126.64,1.82,A,,,1.428,,,0,0,77,,,15.06,0.0,0.0,0.0,Stable,Low,1,77
8478233,Andrew Mangiapane,L,F,CHI,30.83,71.7,False,9.73,12.51,74.16,63.29,25.6,0.13575,0.17456,1.03452,0.88286,0.35711,0.9473,0.9473,13.61,12.25,0.9,13.79,12.87,neutral,70.98,0.99,-55.66,-0.83,126.64,1.82,C,1.529,1.093,0.96,-0.436,-0.133,75,81,62,15.99,13.03,12.48,-1.755,-0.561,0.1015,Declining,High,3,218
8483565,Nick Blankenburg,D,D,CBJ,28.73,54.3,True,5.07,12.33,69.5,52.72,61.09,0.09327,0.22701,1.27964,0.97066,1.12479,1.008,1.008,17.9,18.17,1.0149,11.11,6.54,negative regression,70.98,1.307,-50.1,-0.407,121.08,1.714,B,1.079,1.252,1.352,0.173,0.1,12,60,61,16.21,19.55,16.8,0.291,0.4175,0.2639,Volatile,Medium,3,133
8474716,Jared Spurgeon,D,D,MIN,37.18,62.2,True,3.26,11.28,54.45,46.03,86.17,0.05237,0.18133,0.8755,0.74014,1.38559,0.719,0.8595,20.17,18.45,0.9151,6.67,5.82,neutral,70.96,1.141,-50.12,-0.573,121.08,1.714,C,1.475,1.815,1.441,0.34,-0.374,16,66,79,23.33,20.45,19.59,-1.868,0.3098,0.1095,Stable,Medium,3,161
8480762,Eric Robinson,L,F,CAR,31.64,68.2,True,9.92,9.9,82.42,96.06,12.94,0.14531,0.14498,1.20767,1.40745,0.18955,0.9228,0.9228,11.75,11.79,1.0037,14.29,12.0,negative regression,70.78,1.037,-55.86,-0.783,126.64,1.82,C,1.028,1.24,1.017,0.212,-0.223,47,82,67,11.33,12.26,11.43,0.048,-0.0504,0.1532,Stable,Medium,3,196
8476393,Nick Cousins,C,F,OTT,33.54,68.8,True,6.96,9.3,70.53,110.02,28.61,0.10129,0.13533,1.02591,1.60035,0.4162,0.8535,0.8535,11.74,11.39,0.9702,11.39,10.55,neutral,70.48,1.025,-56.16,-0.795,126.64,1.82,C,1.162,1.236,1.222,0.074,-0.014,69,50,81,12.19,11.9,11.42,-0.381,0.3485,0.0788,Stable,Medium,3,200
8480798,Philipp Kurashev,C,F,CHI,27.31,58.2,True,9.72,16.58,75.46,33.51,23.01,0.16693,0.28457,1.2955,0.57524,0.39509,1.0143,1.0143,16.16,14.55,0.9,11.29,12.87,neutral,70.39,1.208,-56.25,-0.612,126.64,1.82,C,1.752,0.867,1.295,-0.885,0.428,75,51,43,19.02,13.72,15.49,-1.764,-0.2551,0.3154,Declining,Low,3,169
8475791,Taylor Hall,L,F,CAR,35.22,64.1,True,10.54,15.83,83.2,29.16,20.64,0.16438,0.24681,1.29752,0.45478,0.32193,0.7678,0.7678,14.87,14.05,0.9445,13.14,12.63,neutral,70.36,1.097,-56.28,-0.723,126.64,1.82,C,1.245,1.518,1.533,0.273,0.015,10,77,80,16.33,15.17,14.53,-0.9,0.8782,0.1789,Stable,Medium,3,167
8482964,Arber Xhekaj,D,D,MTL,26.0,64.1,True,2.05,4.94,54.9,163.1,51.17,0.03198,0.0771,0.85695,2.54594,0.79879,1.057,1.057,13.45,12.1,0.9,2.5,4.58,positive regression,70.27,1.097,-50.81,-0.617,121.08,1.714,C,1.541,1.113,0.972,-0.428,-0.141,44,70,65,15.93,14.62,11.42,-2.252,-0.3509,0.1144,Declining,Medium,3,179
8474150,Mikael Backlund,C,F,CGY,37.88,78.0,False,10.11,13.46,112.05,24.64,22.09,0.12966,0.17262,1.43654,0.31588,0.28317,0.6331,0.6331,18.53,17.94,0.9682,9.14,9.58,neutral,69.89,0.896,-56.75,-0.924,126.64,1.82,D,1.499,1.418,1.406,-0.081,-0.012,82,76,82,19.23,18.74,17.95,-0.643,0.0126,0.3472,Volatile,High,3,240
8474565,Alex Pietrangelo,D,D,VGK,37.04,47.8,False,2.35,13.88,63.03,25.23,85.03,0.04915,0.29075,1.32003,0.52836,1.78073,0.726,0.863,22.87,21.8,0.9533,3.25,4.32,neutral,69.78,1.461,-51.3,-0.253,121.08,1.714,A,2.154,1.786,,-0.368,,64,71,0,23.57,22.4,,-1.164,-0.7007,0.0903,Declining,Medium,2,135
8481481,Blake Lizotte,C,F,PIT,29.14,61.6,False,9.01,11.44,64.09,63.43,35.02,0.14636,0.18583,1.04111,1.03039,0.56883,0.9859,0.9859,12.94,13.88,1.0728,14.29,13.28,neutral,69.74,1.133,-56.9,-0.687,126.64,1.82,C,0.968,1.107,1.116,0.139,0.009,62,59,55,11.82,12.72,13.88,1.027,-0.0422,0.1054,Stable,Low,3,176
8481563,Drew Helleson,D,D,ANA,25.85,50.8,False,2.79,10.87,48.02,75.26,73.04,0.05497,0.21428,0.94617,1.48299,1.43918,1.0603,1.0603,16.7,17.27,1.0337,5.13,5.75,neutral,69.71,1.374,-51.37,-0.34,121.08,1.714,B,,1.363,1.16,,-0.203,0,56,60,,16.35,16.96,0.614,-0.8971,0.1427,Stable,Low,2,116
8476458,Ryan Strome,C,F,CGY,33.56,69.6,True,8.13,18.5,81.73,34.24,18.85,0.11684,0.26599,1.17496,0.49219,0.27095,0.8524,0.8524,15.36,14.21,0.9252,14.04,10.54,negative regression,69.71,1.002,-56.93,-0.818,126.64,1.82,C,1.352,1.342,1.033,-0.01,-0.309,79,82,52,15.8,16.68,13.29,-1.253,-0.2365,0.1901,Declining,Medium,3,213
8477021,Alexander Kerfoot,C,F,NSH,32.48,64.2,True,8.1,13.65,60.29,42.64,44.05,0.12606,0.21245,0.93831,0.66367,0.68562,0.8971,0.8971,15.41,13.87,0.9,25.0,12.98,negative regression,69.66,1.084,-56.98,-0.736,126.64,1.82,C,1.593,1.209,1.254,-0.384,0.045,82,81,34,17.43,15.25,12.79,-2.324,0.2015,0.1188,Stable,Medium,3,197
8481535,Nils Hoglander,L,F,NSH,26.12,62.9,True,10.31,10.77,77.37,76.56,16.92,0.164,0.17132,1.23053,1.21769,0.26918,1.0348,1.0348,11.96,11.69,0.9776,5.71,13.44,positive regression,69.62,1.107,-57.02,-0.713,126.64,1.82,C,1.383,1.072,0.709,-0.311,-0.363,80,72,38,12.11,12.13,11.52,-0.292,-1.581,0.1453,Stable,Medium,3,190
8484783,Artyom Levshunov,D,D,CHI,21.26,43.8,True,2.04,15.85,60.22,67.24,54.58,0.04663,0.36225,1.37647,1.53694,1.24747,1.1628,1.1628,19.71,19.03,0.9657,2.38,4.57,positive regression,69.44,1.587,-51.64,-0.127,121.08,1.714,A,,1.275,1.404,,0.129,0,18,68,,20.32,19.58,-0.737,0.5361,0.0936,Stable,Low,2,86
8476448,William Karlsson,C,F,VGK,34.07,48.8,True,11.2,14.03,87.48,17.59,26.72,0.2297,0.28785,1.79439,0.3609,0.54817,0.8264,0.8264,17.0,15.87,0.9338,13.33,12.99,neutral,69.44,1.424,-57.2,-0.396,126.64,1.82,B,2.228,1.562,1.582,-0.666,0.02,70,53,14,17.6,17.01,15.15,-1.228,-0.6633,0.2931,Declining,Low,3,137
8475149,Marcus Johansson,L,F,MIN,36.32,74.1,False,9.01,18.44,78.46,29.19,16.74,0.12165,0.24893,1.05934,0.39415,0.22599,0.712,0.712,15.85,15.64,0.9865,14.15,11.64,negative regression,69.14,0.934,-57.5,-0.886,126.64,1.82,D,1.106,1.294,1.476,0.188,0.182,78,72,75,15.89,16.38,15.42,-0.233,0.7833,0.1311,Stable,High,3,225
8483512,Matt Savoie,C,F,EDM,23.09,44.8,True,11.9,13.25,94.46,11.91,25.06,0.26566,0.29574,2.10796,0.26582,0.55914,1.0999,1.0999,14.62,16.81,1.15,13.04,12.58,neutral,69.01,1.54,-57.63,-0.28,126.64,1.82,B,0.0,0.838,1.231,0.838,0.393,1,4,82,3.92,12.52,14.78,5.433,2.4985,0.9208,Rising,Low,3,87
8482742,Zachary L'Heureux,L,F,COL,23.72,41.3,True,6.37,6.39,63.09,145.1,23.17,0.15411,0.15473,1.52724,3.51234,0.56096,1.0854,1.0854,12.49,13.73,1.099,12.5,11.27,neutral,68.92,1.668,-57.72,-0.152,126.64,1.82,A,,1.372,1.294,,-0.078,0,62,25,,12.04,13.39,1.349,-1.037,0.1534,Stable,Low,2,87
8481593,Jayden Struble,D,D,MTL,25.4,60.9,False,2.42,10.38,41.42,126.63,47.97,0.03976,0.1704,0.67978,2.07801,0.78718,1.0702,1.0702,14.84,13.88,0.9353,7.69,5.74,neutral,68.75,1.128,-52.33,-0.586,121.08,1.714,C,1.184,1.272,0.968,0.088,-0.304,56,56,59,16.11,14.95,14.02,-1.047,-0.1332,0.123,Declining,Low,3,171
8481523,Kirby Dach,C,F,MTL,26.03,44.2,True,8.7,10.11,65.12,74.8,32.62,0.1969,0.2287,1.47382,1.6929,0.73815,1.0365,1.0365,14.75,15.04,1.0199,17.02,12.91,negative regression,68.7,1.555,-57.94,-0.265,126.64,1.82,B,2.025,1.46,1.477,-0.565,0.017,2,57,37,13.02,15.67,13.66,0.32,-1.4224,0.392,Volatile,Low,3,96
8482177,Marat Khusnutdinov,C,F,BOS,24.55,63.8,True,8.84,12.59,56.76,46.95,39.86,0.13859,0.19736,0.88941,0.73573,0.62463,1.0669,1.0669,13.42,14.06,1.0475,19.23,14.02,negative regression,68.43,1.072,-58.21,-0.748,126.64,1.82,C,0.859,0.721,1.179,-0.138,0.458,16,75,77,13.11,12.09,14.5,0.695,0.4719,0.2164,Rising,Medium,3,168
8480879,Jacob Bernard-Docker,D,D,DET,26.59,61.2,True,2.42,6.94,44.39,57.38,99.18,0.03963,0.11347,0.72552,0.93782,1.62099,1.0452,1.0452,14.81,14.4,0.9726,2.44,5.67,positive regression,68.11,1.113,-52.97,-0.601,121.08,1.714,C,1.356,1.032,0.917,-0.324,-0.115,72,40,63,15.69,13.62,14.81,-0.442,-0.7341,0.1614,Stable,Medium,3,175
8478874,Adam Gaudette,R,F,SJS,30.33,59.2,True,13.48,6.64,78.21,51.07,25.97,0.22753,0.11208,1.31992,0.86191,0.43828,0.9628,0.9628,10.94,11.71,1.0701,17.71,15.5,negative regression,67.96,1.147,-58.68,-0.673,126.64,1.82,C,0.575,1.054,1.251,0.479,0.197,2,81,66,9.8,10.42,11.47,0.837,1.51,0.3435,Rising,Medium,3,149
8484471,Emmitt Finnie,C,F,DET,21.6,43.6,False,8.41,10.49,72.96,78.86,24.81,0.19278,0.24048,1.67236,1.80778,0.56876,1.1366,1.1366,15.5,15.5,1.0,10.83,12.05,neutral,67.96,1.558,-58.68,-0.262,126.64,1.82,B,,,1.342,,,0,0,82,,,15.5,0.0,0.0,0.0,Stable,Low,1,82
8480035,Henri Jokiharju,D,D,BOS,27.63,59.7,True,2.99,12.92,61.57,54.55,63.94,0.05008,0.21638,1.03151,0.91394,1.07132,1.0257,1.0257,18.2,17.66,0.9704,5.0,5.13,neutral,67.88,1.137,-53.2,-0.577,121.08,1.714,C,1.346,0.898,1.167,-0.448,0.269,74,60,41,18.98,17.83,17.8,-0.588,-0.1609,0.221,Declining,Medium,3,175
8483425,Lian Bichsel,D,D,DAL,22.71,43.1,True,3.6,5.5,37.91,165.2,39.13,0.08353,0.12752,0.87896,3.83079,0.90736,1.134,1.134,15.37,16.08,1.0463,14.81,7.03,negative regression,67.87,1.574,-53.21,-0.14,121.08,1.714,A,,1.589,1.211,,-0.378,0,38,50,,14.89,15.67,0.776,-1.7667,0.1757,Stable,Low,2,88
8475231,Casey Cizikas,C,F,NYI,35.93,76.9,False,6.34,6.73,57.3,108.42,41.79,0.08234,0.08749,0.74471,1.4092,0.54315,0.7316,0.7316,12.69,11.7,0.9215,12.5,11.51,neutral,67.67,0.88,-58.97,-0.94,126.64,1.82,D,1.481,1.305,1.167,-0.176,-0.138,70,82,81,13.94,13.04,11.77,-1.087,-0.2106,0.1077,Declining,High,3,233
8481006,Tyler Tucker,D,D,STL,26.92,53.9,True,3.15,9.43,54.59,104.56,51.38,0.05845,0.17488,1.01207,1.93853,0.95252,1.0386,1.0386,14.16,15.03,1.0618,4.41,5.77,neutral,67.54,1.252,-53.54,-0.462,121.08,1.714,B,1.088,1.232,1.088,0.144,-0.144,26,38,69,12.45,14.58,14.36,0.954,-0.3503,0.2291,Stable,Low,3,133
8475343,Nic Dowd,C,F,VGK,36.69,73.9,False,6.63,9.22,48.62,87.66,44.4,0.08965,0.12473,0.65763,1.18565,0.60054,0.6935,0.6935,14.92,14.61,0.9797,7.58,13.52,positive regression,67.46,0.912,-59.18,-0.908,126.64,1.82,D,1.515,1.399,1.192,-0.116,-0.207,64,82,75,15.2,15.18,14.54,-0.33,-0.5301,0.1413,Stable,High,3,221
8477478,William Carrier,L,F,CAR,32.12,57.9,True,6.42,7.45,64.18,140.99,15.2,0.11075,0.12865,1.10779,2.43347,0.26237,0.9083,0.9083,11.09,10.9,0.9828,8.75,10.97,positive regression,67.16,1.159,-59.48,-0.661,126.64,1.82,C,1.24,1.421,1.189,0.181,-0.232,39,43,70,11.17,11.73,10.75,-0.208,-0.0137,0.1968,Stable,Low,3,152
8478046,Danton Heinen,L,F,CBJ,31.58,66.0,True,8.42,12.06,64.91,60.36,29.03,0.12753,0.18267,0.98354,0.91453,0.43984,0.9246,0.9246,13.11,11.8,0.9,13.64,12.87,neutral,66.89,1.013,-59.75,-0.807,126.64,1.82,C,1.528,1.13,1.017,-0.398,-0.113,74,79,46,14.46,13.44,11.34,-1.562,-0.4769,0.1303,Declining,Medium,3,199
8475760,Nick Bjugstad,C,F,NJD,34.54,67.8,False,8.56,8.03,82.39,80.3,26.11,0.12625,0.11843,1.21492,1.1841,0.38503,0.8025,0.8025,13.26,11.93,0.9,7.79,11.13,positive regression,66.73,0.984,-59.91,-0.836,126.64,1.82,C,1.89,1.223,1.003,-0.667,-0.22,76,66,61,17.45,12.32,10.94,-3.254,-0.4985,0.1968,Declining,High,3,203
8481024,Linus Karlsson,C,F,VAN,27.21,49.2,True,9.61,12.37,77.21,58.16,16.33,0.19539,0.25152,1.56968,1.1825,0.3321,1.0158,1.0158,12.17,13.25,1.0892,12.93,12.46,neutral,66.71,1.356,-59.93,-0.464,126.64,1.82,B,0.475,0.996,1.287,0.521,0.291,4,23,79,10.15,10.93,12.51,1.184,1.6817,0.2417,Rising,Low,3,106
8483553,Marc Gatcomb,C,F,VGK,27.53,43.1,True,5.82,3.19,49.82,171.28,23.65,0.1351,0.07398,1.15696,3.97751,0.54911,1.0111,1.0111,9.97,10.25,1.0276,5.45,12.31,positive regression,66.42,1.542,-60.22,-0.278,126.64,1.82,B,,1.577,1.368,,-0.209,0,39,49,,9.79,10.09,0.3,-1.5281,0.055,Stable,Low,2,88
8480074,Alexandre Texier,L,F,MTL,27.39,56.3,True,9.22,12.41,79.6,51.13,20.18,0.1638,0.22044,1.4136,0.908,0.3583,1.0131,1.0131,14.0,13.3,0.95,10.81,11.92,neutral,66.3,1.177,-60.34,-0.643,126.64,1.82,C,1.171,1.124,1.272,-0.047,0.148,78,31,51,15.18,12.49,13.65,-0.763,0.4795,0.2303,Stable,Low,3,160
8484304,Uvis Balinskis,D,D,FLA,30.5,58.8,True,4.12,10.74,72.22,74.8,45.79,0.07007,0.18281,1.22919,1.27315,0.77938,0.9805,0.9902,15.39,16.43,1.0676,7.58,5.63,neutral,66.16,1.126,-54.92,-0.588,121.08,1.714,C,0.775,1.035,1.181,0.26,0.146,26,76,54,14.1,14.85,16.37,1.135,0.5163,0.0791,Rising,Low,3,156
8482691,Aatu Räty,C,F,VAN,24.22,46.9,True,6.52,8.33,56.7,137.02,13.31,0.139,0.17765,1.2095,2.92303,0.28392,1.0742,1.0742,11.63,12.88,1.1075,6.15,12.2,positive regression,66.09,1.41,-60.55,-0.41,126.64,1.82,B,,1.32,1.081,,-0.239,0,33,66,,10.66,12.02,1.364,-2.0342,0.0257,Stable,Low,2,99
8476624,Barclay Goodrow,C,F,SJS,33.93,77.9,False,4.64,4.88,52.79,117.13,51.49,0.05958,0.06267,0.67794,1.50409,0.66118,0.8336,0.8336,12.44,11.88,0.9552,7.58,10.13,positive regression,65.97,0.847,-60.67,-0.973,126.64,1.82,D,1.166,0.993,0.971,-0.173,-0.022,80,77,82,12.56,13.78,11.35,-0.608,-0.217,0.1262,Declining,High,3,239
8476429,Scott Mayfield,D,D,NYI,34.3,67.2,True,1.9,7.39,46.63,70.25,85.77,0.02826,0.11006,0.69397,1.04562,1.27651,0.8657,0.9329,17.01,15.96,0.9382,2.82,4.71,neutral,65.95,0.982,-55.13,-0.732,121.08,1.714,D,1.561,1.17,0.973,-0.391,-0.197,41,66,80,18.77,17.0,16.47,-1.147,-0.7231,0.2517,Declining,Medium,3,187
8484829,Justin Hryckowian,C,F,DAL,25.94,44.6,True,8.16,10.76,54.53,78.25,27.54,0.1831,0.24141,1.22376,1.75597,0.61811,1.0382,1.0382,13.04,15.0,1.15,16.87,13.57,negative regression,65.93,1.479,-60.71,-0.341,126.64,1.82,B,,0.71,1.28,,0.57,0,5,81,,7.88,13.3,5.42,0.3667,0.6477,Rising,Low,2,86
8476292,Ondrej Palat,L,F,NYI,35.85,75.6,False,6.88,8.99,61.74,78.43,38.93,0.09109,0.11897,0.81713,1.03796,0.51521,0.7356,0.7356,13.79,12.49,0.906,6.02,11.65,positive regression,65.82,0.871,-60.82,-0.949,126.64,1.82,D,1.461,1.416,1.094,-0.045,-0.322,71,77,80,15.65,13.75,12.82,-1.414,-0.2419,0.1693,Declining,High,3,228
8477407,Anthony Duclair,L,F,NYI,31.44,62.1,True,11.47,11.03,75.17,22.71,29.94,0.18476,0.17767,1.21125,0.36596,0.48243,0.9288,0.9288,14.46,13.28,0.9186,16.22,14.54,neutral,65.77,1.06,-60.87,-0.76,126.64,1.82,C,1.595,0.944,1.195,-0.651,0.251,73,44,62,15.77,15.04,13.21,-1.284,-0.3173,0.3553,Declining,Medium,3,179
8473986,Alex Killorn,L,F,ANA,37.38,75.9,False,10.62,11.09,87.3,44.74,16.26,0.13987,0.1461,1.14962,0.58918,0.2141,0.6586,0.6586,17.32,16.39,0.9464,10.14,12.35,positive regression,65.62,0.864,-61.02,-0.956,126.64,1.82,D,1.713,1.324,1.265,-0.389,-0.059,63,82,82,18.73,17.28,16.7,-1.014,-0.4718,0.1009,Declining,High,3,227
8477953,Kasperi Kapanen,R,F,EDM,30.53,61.2,True,7.68,10.85,76.01,78.29,19.48,0.12539,0.17721,1.24095,1.2782,0.31812,0.9566,0.9566,13.49,13.59,1.007,12.31,10.75,neutral,65.52,1.07,-61.12,-0.75,126.64,1.82,C,1.001,0.842,1.477,-0.159,0.635,73,67,41,14.38,11.92,14.59,0.103,0.9479,0.2456,Stable,Medium,3,181
8481013,Jonatan Berggren,R,F,STL,26.55,54.9,True,9.78,13.85,72.74,39.98,16.53,0.17794,0.25206,1.32403,0.72765,0.30096,1.0271,1.0271,13.21,14.57,1.1027,13.79,13.07,neutral,65.01,1.183,-61.63,-0.637,126.64,1.82,C,1.246,0.92,1.153,-0.326,0.233,12,75,51,10.86,12.98,13.82,1.48,-0.9388,0.5094,Volatile,Low,3,138
8482111,Justin Barron,D,D,NSH,25.21,58.8,True,3.77,8.15,54.99,59.98,70.63,0.06423,0.13865,0.93594,1.02089,1.20218,1.0744,1.0744,16.43,14.78,0.9,0.0,6.58,positive regression,64.73,1.102,-56.35,-0.612,121.08,1.714,C,1.351,1.266,0.895,-0.085,-0.371,48,62,52,18.63,17.43,14.25,-2.188,-0.2913,0.1225,Declining,Low,3,162
8482703,Colton Dach,C,F,EDM,24.08,43.3,True,4.54,6.87,44.47,155.3,21.13,0.10473,0.15867,1.02679,3.58557,0.48795,1.0772,1.0772,11.64,11.04,0.9488,8.62,11.52,positive regression,64.51,1.489,-62.13,-0.331,126.64,1.82,B,,1.478,1.388,,-0.09,0,25,61,,12.13,11.48,-0.65,-0.0579,0.0358,Declining,Low,2,86
8478454,Noah Juulsen,D,D,COL,29.83,53.1,True,1.16,5.97,30.11,127.48,65.59,0.02184,0.11246,0.56669,2.39965,1.23468,0.9907,0.9954,14.74,14.25,0.9665,3.85,4.89,neutral,64.25,1.209,-56.83,-0.505,121.08,1.714,C,1.442,1.289,1.076,-0.153,-0.213,54,35,52,14.89,16.29,13.82,-0.539,-0.5675,0.1785,Declining,Low,3,141
8479390,Taylor Raddysh,R,F,NYR,28.95,72.9,False,7.13,11.77,74.15,54.36,29.28,0.09777,0.16133,1.01668,0.74528,0.40149,0.9888,0.9888,13.04,11.73,0.9,16.98,10.19,negative regression,64.16,0.88,-62.48,-0.94,126.64,1.82,D,0.933,0.994,0.952,0.061,-0.042,73,80,68,15.88,12.36,11.84,-2.02,0.65,0.209,Stable,High,3,221
8483678,Elias Pettersson,D,D,VAN,22.96,46.9,True,2.47,6.03,40.79,108.04,64.01,0.0526,0.12864,0.87028,2.30482,1.36562,1.128,1.128,14.46,16.43,1.1368,6.52,5.79,neutral,64.11,1.368,-56.97,-0.346,121.08,1.714,B,,0.759,1.148,,0.389,0,28,70,,12.82,14.98,2.157,1.0465,0.1895,Rising,Low,2,98
8476889,Radek Faksa,C,F,DAL,33.06,67.5,False,4.64,11.13,49.81,82.79,39.58,0.06879,0.16483,0.738,1.22652,0.58635,0.8779,0.8779,12.41,12.05,0.9712,5.26,10.67,positive regression,63.86,0.946,-62.78,-0.874,126.64,1.82,D,1.037,1.081,1.09,0.044,0.009,74,70,58,12.52,13.02,11.73,-0.391,0.2996,0.1097,Stable,Medium,3,202
8477845,Trevor van Riemsdyk,D,D,PIT,35.53,72.9,False,1.61,11.12,48.04,12.13,97.82,0.02204,0.15261,0.65925,0.16649,1.34232,0.803,0.9015,17.35,16.24,0.9359,6.82,4.06,negative regression,63.76,0.875,-57.32,-0.839,121.08,1.714,D,1.039,1.205,0.962,0.166,-0.243,70,82,68,18.66,17.66,16.24,-1.213,0.1087,0.2353,Stable,High,3,220
8481532,Alex Turcotte,C,F,LAK,25.93,58.1,True,6.67,13.0,70.11,46.42,31.53,0.11475,0.22361,1.20611,0.79863,0.54253,1.0384,1.0384,11.07,11.78,1.064,4.48,10.87,positive regression,63.67,1.095,-62.97,-0.725,126.64,1.82,C,0.675,1.082,0.876,0.407,-0.206,20,68,62,9.28,11.74,10.83,0.773,0.2448,0.2098,Rising,Medium,3,150
8474641,Adam Henrique,C,F,ANA/EDM,36.99,73.9,False,7.39,10.21,65.31,35.44,47.66,0.09989,0.13813,0.88327,0.47935,0.64458,0.6785,0.6785,14.74,13.26,0.9,3.3,12.06,positive regression,63.66,0.861,-62.98,-0.959,126.64,1.82,D,1.91,1.277,1.088,-0.633,-0.189,82,81,65,16.85,14.64,13.24,-1.806,-0.9351,0.2138,Declining,High,3,228
8476897,Oskar Sundqvist,C,F,STL,32.86,64.3,True,5.51,12.37,48.66,68.71,37.12,0.08569,0.19233,0.75657,1.0683,0.57716,0.8853,0.8853,13.14,13.0,0.9901,13.51,11.71,neutral,63.61,0.989,-63.03,-0.831,126.64,1.82,C,1.102,1.137,1.086,0.035,-0.051,71,67,52,13.25,13.21,12.97,-0.142,0.0164,0.1253,Stable,Medium,3,190
8482165,Yan Kuznetsov,D,D,CGY,24.9,36.0,True,3.03,6.59,50.99,61.07,79.33,0.08426,0.18312,1.41639,1.69647,2.20369,1.0813,1.0813,20.0,23.0,1.15,6.25,5.77,neutral,63.58,1.766,-57.5,0.052,121.08,1.714,NR,0.65,,1.423,,,1,0,57,11.97,,20.09,4.059,0.4957,0.516,Rising,Low,2,58
8475191,Reilly Smith,R,F,PIT,35.84,73.6,False,9.63,13.5,81.59,27.46,17.71,0.13091,0.18348,1.10915,0.37329,0.24072,0.7362,0.7362,14.94,13.81,0.9248,16.84,11.75,negative regression,63.43,0.862,-63.21,-0.958,126.64,1.82,D,1.449,1.39,1.026,-0.059,-0.364,76,79,69,16.13,15.44,13.68,-1.226,-0.444,0.2776,Declining,High,3,224
8479293,Brandon Tanev,L,F,UTA,35.09,67.6,False,4.5,5.56,49.47,111.71,45.85,0.06653,0.08218,0.73149,1.6519,0.678,0.7744,0.7744,12.2,10.98,0.9,0.0,10.47,positive regression,63.14,0.934,-63.5,-0.886,126.64,1.82,D,1.36,1.559,0.959,0.199,-0.6,66,79,56,14.59,13.23,9.36,-2.614,0.2774,0.271,Volatile,Medium,3,201
8479944,Zach Aston-Reese,L,F,PHI,32.48,46.8,True,4.45,7.03,52.41,115.92,33.1,0.09515,0.15041,1.12112,2.47965,0.70801,0.8971,0.8971,12.19,14.02,1.15,5.88,10.46,positive regression,62.07,1.328,-64.57,-0.492,126.64,1.82,B,0.25,1.263,1.189,1.013,-0.074,3,79,27,5.16,13.45,9.73,2.289,2.2099,0.4835,Rising,Low,3,109
8475794,Tyler Seguin,C,F,DAL,35.0,44.2,True,10.86,14.55,65.85,24.49,10.04,0.24588,0.32929,1.4903,0.55424,0.22725,0.779,0.779,16.51,16.56,1.0032,22.58,15.09,negative regression,61.85,1.4,-64.79,-0.42,126.64,1.82,B,1.963,2.3,1.457,0.337,-0.843,68,20,27,16.55,16.15,16.66,0.057,-0.9353,0.2983,Volatile,Low,3,115
8483450,Ryan Greene,C,F,CHI,23.28,43.8,True,8.6,11.6,74.02,34.07,26.38,0.19637,0.26472,1.6895,0.77759,0.60202,1.0956,1.0956,16.67,19.18,1.15,11.01,12.11,neutral,61.75,1.409,-64.89,-0.411,126.64,1.82,B,,0.6,1.096,,0.496,0,2,81,,13.2,16.74,3.543,1.2014,0.8064,Rising,Low,2,83
8478413,Jordan Greenway,L,F,CHI,29.96,51.6,True,4.96,8.52,53.16,92.67,35.25,0.09611,0.16514,1.03093,1.79723,0.68358,0.9736,0.9736,14.91,13.42,0.9,3.12,10.72,positive regression,61.53,1.193,-65.11,-0.627,126.64,1.82,C,1.701,1.443,0.835,-0.258,-0.608,67,34,40,17.25,15.07,12.45,-2.402,-0.9463,0.1814,Declining,Low,3,141
8475324,Nick Jensen,D,D,ANA,36.36,69.4,False,2.16,10.64,42.45,41.66,74.77,0.03112,0.15322,0.61132,0.59993,1.07678,0.7606,0.8803,18.86,17.66,0.9363,11.11,5.12,negative regression,61.15,0.881,-59.93,-0.833,121.08,1.714,D,1.123,1.251,1.037,0.128,-0.214,78,71,61,19.63,20.22,17.01,-1.31,0.1124,0.0754,Stable,High,3,210
8481641,Joel Kiviranta,L,F,DAL,30.86,64.2,True,7.64,6.7,62.07,84.33,26.94,0.11909,0.10446,0.96701,1.31387,0.41969,0.9463,0.9463,11.17,11.42,1.022,6.0,12.4,positive regression,60.95,0.95,-65.69,-0.87,126.64,1.82,D,0.869,1.154,0.791,0.285,-0.363,56,79,51,9.84,12.52,10.37,0.268,-0.3609,0.1871,Stable,Low,3,186
8475690,Chris Tanev,D,D,TOR,37.12,54.2,True,1.29,7.92,25.13,17.83,111.6,0.02382,0.14595,0.46325,0.32866,2.05713,0.722,0.861,19.56,18.77,0.9599,0.0,5.38,positive regression,60.86,1.122,-60.22,-0.592,121.08,1.714,C,1.591,1.401,0.895,-0.19,-0.506,75,75,11,19.68,19.75,17.97,-0.856,-0.9307,0.3685,Declining,Medium,3,161
8483468,Jiri Kulich,C,F,BUF,22.8,37.4,True,10.61,6.8,88.48,29.57,28.26,0.28328,0.18165,2.36339,0.78992,0.75487,1.107,1.107,15.1,15.78,1.045,15.0,12.24,negative regression,60.49,1.616,-66.15,-0.204,126.64,1.82,NR,0.35,1.358,1.5,1.008,0.142,1,62,12,14.88,14.79,16.36,0.741,2.0444,0.4797,Rising,Low,3,75
8479442,Troy Stecher,D,D,TOR,32.82,64.6,True,2.7,7.51,57.02,42.25,76.2,0.04177,0.11625,0.88234,0.65374,1.17919,0.9174,0.9587,17.07,17.56,1.0287,4.69,5.05,neutral,60.34,0.934,-60.74,-0.78,121.08,1.714,D,1.093,0.763,1.027,-0.33,0.264,54,66,64,18.12,13.87,19.19,0.534,-0.2027,0.2514,Volatile,Medium,3,184
8482634,Alex Steeves,C,F,BOS,27.15,33.4,True,6.68,6.12,45.86,117.39,20.4,0.20028,0.18336,1.37407,3.5172,0.61123,1.0168,1.0168,11.68,12.45,1.0665,16.36,13.28,negative regression,60.04,1.799,-66.6,-0.021,126.64,1.82,NR,1.35,1.243,1.744,-0.107,0.501,1,7,43,10.23,9.89,11.93,0.848,0.429,0.6878,Rising,Low,3,51
8477425,Miles Wood,L,F,CBJ,31.39,58.0,True,7.48,7.85,86.17,65.04,20.51,0.12894,0.13532,1.48576,1.12139,0.35358,0.9303,0.9303,12.37,11.54,0.9323,11.27,9.59,neutral,59.84,1.032,-66.8,-0.788,126.64,1.82,C,1.381,1.023,1.017,-0.358,-0.006,74,37,54,13.68,11.36,11.86,-0.914,-0.4553,0.0697,Declining,Low,3,165
8475842,Sam Carrick,C,F,BUF,34.99,75.2,False,6.37,6.7,59.23,93.77,26.69,0.08465,0.08902,0.78712,1.24615,0.35465,0.7795,0.7795,11.42,10.62,0.9297,12.0,11.29,neutral,59.77,0.794,-66.87,-1.026,126.64,1.82,D,1.149,1.096,1.003,-0.053,-0.093,77,80,73,12.22,11.93,10.47,-0.876,0.0536,0.1001,Stable,High,3,230
8473422,Nick Foligno,L,F,MIN,39.26,68.2,True,6.26,9.16,51.52,93.65,19.52,0.09172,0.13415,0.75485,1.37218,0.28595,0.6,0.6,15.33,13.8,0.9,8.16,12.31,positive regression,59.54,0.872,-67.1,-0.948,126.64,1.82,D,1.864,1.635,1.278,-0.229,-0.357,74,78,54,17.77,15.93,12.65,-2.558,-0.1178,0.1853,Declining,Medium,3,206
8477952,Robby Fabbri,C,F,DET,31.03,48.3,True,8.66,8.25,63.73,61.66,22.44,0.17925,0.17079,1.31904,1.27617,0.46449,0.9411,0.9411,13.85,13.36,0.9649,6.67,13.48,positive regression,59.44,1.23,-67.2,-0.59,126.64,1.82,C,1.428,1.352,1.188,-0.076,-0.164,68,44,21,12.87,16.2,11.81,-0.53,-0.3105,0.2316,Declining,Low,3,133
8484158,Easton Cowan,R,F,TOR,21.7,38.6,False,7.57,12.01,61.6,47.93,21.28,0.19586,0.31102,1.5949,1.24102,0.55089,1.1342,1.1342,14.71,14.71,1.0,11.96,12.45,neutral,59.42,1.539,-67.22,-0.281,126.64,1.82,NR,,,1.339,,,0,0,66,,,14.71,0.0,0.0,0.0,Stable,Low,1,66
8475784,Jeff Skinner,L,F,BUF,34.71,59.9,True,10.84,9.86,94.7,22.26,12.0,0.18098,0.1646,1.58167,0.37178,0.20038,0.7938,0.7938,13.84,12.45,0.9,10.71,11.74,neutral,59.31,0.991,-67.33,-0.829,126.64,1.82,C,1.654,1.252,1.192,-0.402,-0.06,74,72,32,16.0,13.0,12.34,-1.827,-0.2042,0.3228,Declining,Medium,3,178
8483573,Ethen Frank,R,F,WSH,28.99,43.4,True,8.71,8.7,64.57,36.6,33.65,0.20086,0.20056,1.48866,0.84382,0.7759,0.9882,0.9882,11.9,13.2,1.1088,13.19,13.07,neutral,59.26,1.366,-67.38,-0.454,126.64,1.82,B,,0.99,1.323,,0.333,0,24,62,,10.82,12.24,1.413,0.9993,0.132,Rising,Low,2,86
8477527,Ross Johnston,L,F,STL,32.95,60.9,True,2.71,6.73,29.38,160.56,20.47,0.04456,0.11053,0.48267,2.63746,0.33629,0.8825,0.8825,9.02,9.73,1.0786,9.09,10.89,neutral,59.2,0.973,-67.44,-0.847,126.64,1.82,C,0.74,0.969,1.152,0.229,0.183,68,43,62,8.2,8.69,9.74,0.774,0.8382,0.21,Rising,Medium,3,173
8479370,Tyson Jost,C,F,BUF,28.89,57.4,True,7.4,7.02,77.38,63.07,27.41,0.12891,0.12242,1.34874,1.09923,0.47768,0.9898,0.9898,11.54,12.37,1.0722,8.42,10.66,positive regression,59.14,1.031,-67.5,-0.789,126.64,1.82,C,0.779,0.955,0.964,0.176,0.009,43,39,69,10.6,10.37,12.41,0.909,0.1233,0.1156,Rising,Low,3,151
8478424,Jansen Harkins,C,F,TBL,29.7,55.7,True,3.68,5.49,48.33,127.16,31.03,0.06602,0.0985,0.86781,2.28343,0.55717,0.9775,0.9775,9.83,10.46,1.0645,8.11,9.81,neutral,59.12,1.062,-67.52,-0.758,126.64,1.82,C,0.687,0.95,1.137,0.263,0.187,45,62,44,8.21,10.93,9.59,0.691,1.0483,0.1809,Rising,Low,3,151
8481721,Arseny Gritsyuk,R,F,NJD,25.88,38.6,False,9.01,11.01,89.91,35.61,11.19,0.23322,0.28503,2.32776,0.92203,0.28959,1.0394,1.0394,15.17,15.17,1.0,8.72,11.17,positive regression,59.05,1.529,-67.59,-0.291,126.64,1.82,NR,,,1.413,,,0,0,66,,,15.17,0.0,0.0,0.0,Stable,Low,1,66
8484241,Matthew Wood,R,F,NSH,21.99,41.7,True,10.4,9.32,72.03,36.24,17.58,0.2495,0.22353,1.72777,0.86936,0.42162,1.1272,1.1272,12.27,12.95,1.0553,16.5,13.46,negative regression,58.98,1.415,-67.66,-0.405,126.64,1.82,B,,0.633,1.244,,0.611,0,6,71,,11.58,12.32,0.74,2.7751,0.1797,Rising,Low,2,77
8480878,Nils Lundkvist,D,D,DAL,26.52,55.1,True,2.71,11.71,68.61,37.25,51.5,0.04914,0.21271,1.24607,0.67654,0.93523,1.0466,1.0466,15.39,16.47,1.0708,6.52,4.57,neutral,58.75,1.067,-62.33,-0.647,121.08,1.714,C,1.06,0.815,0.902,-0.245,0.087,59,39,52,14.11,15.01,16.48,1.188,-0.613,0.1644,Stable,Low,3,150
8480426,Charle-Edouard D'Astous,D,D,TBL,28.78,39.9,False,3.12,13.07,46.13,54.84,42.81,0.07825,0.32766,1.15676,1.3754,1.0736,1.0073,1.0073,18.75,18.75,1.0,7.5,6.13,neutral,58.71,1.472,-62.37,-0.242,121.08,1.714,NR,,,1.48,,,0,0,70,,,18.75,0.0,0.0,0.0,Stable,Low,1,70
8481556,John Beecher,C,F,FLA,25.83,58.2,True,5.15,6.07,45.47,73.88,50.29,0.08843,0.10426,0.78142,1.26963,0.8643,1.0404,1.0404,10.89,10.81,0.992,8.11,12.08,positive regression,58.59,1.007,-68.05,-0.813,126.64,1.82,C,1.125,0.852,0.943,-0.273,0.091,52,78,35,10.62,11.28,10.43,-0.095,-0.4659,0.3137,Volatile,Low,3,165
8475233,David Savard,D,D,MTL,36.28,48.0,False,1.53,7.62,24.82,34.36,95.34,0.03183,0.15879,0.51718,0.71573,1.98623,0.7647,0.8824,17.96,16.16,0.9,2.08,6.03,positive regression,58.45,1.218,-62.63,-0.496,121.08,1.714,C,1.966,1.392,,-0.574,,60,75,0,20.24,16.59,,-3.652,-0.7926,0.0767,Declining,Medium,2,135
8475790,Erik Gudbranson,D,D,CBJ,35.07,48.2,True,1.99,6.9,38.88,52.46,78.43,0.04139,0.14314,0.80679,1.08876,1.62751,0.8264,0.9132,18.69,17.82,0.9537,2.94,5.48,positive regression,58.11,1.206,-62.97,-0.508,121.08,1.714,C,1.712,1.228,1.122,-0.484,-0.106,78,16,37,19.66,17.77,17.77,-0.944,-0.7192,0.1911,Declining,Low,3,131
8481607,Albert Johansson,D,D,DET,26.08,58.9,False,2.6,6.24,46.69,52.11,74.07,0.0442,0.106,0.79301,0.88511,1.25815,1.0554,1.0554,16.1,15.71,0.976,4.92,5.63,neutral,57.92,0.984,-63.16,-0.73,121.08,1.714,D,,1.07,0.865,,-0.205,0,61,82,,16.36,15.94,-0.421,-0.6682,0.1597,Stable,Medium,2,143
8482126,Emil Andrae,D,D,TOR,24.94,48.3,True,2.02,9.3,45.24,61.89,58.7,0.04174,0.19257,0.93643,1.28102,1.21493,1.0804,1.0804,15.97,17.05,1.0671,5.56,5.1,neutral,57.7,1.194,-63.38,-0.52,121.08,1.714,C,0.775,1.083,0.98,0.308,-0.103,4,42,61,13.0,17.34,15.34,1.168,0.1291,0.2345,Rising,Low,3,107
8482125,Alexander Holtz,R,F,VGK,25.02,55.4,True,8.43,9.78,77.5,42.49,16.33,0.15224,0.17669,1.3995,0.7674,0.29489,1.0566,1.0566,11.58,11.51,0.9939,10.0,11.59,neutral,57.38,1.036,-69.26,-0.784,126.64,1.82,C,1.013,0.819,1.041,-0.194,0.222,82,53,28,11.63,11.59,11.48,-0.077,0.1089,0.2683,Volatile,Low,3,163
8481577,Philip Tomasino,R,F,OTT,25.51,43.8,True,7.79,10.66,71.11,38.24,19.9,0.17796,0.24356,1.6253,0.87413,0.45488,1.0468,1.0468,12.82,12.64,0.9856,0.0,11.67,positive regression,56.84,1.299,-69.8,-0.521,126.64,1.82,B,1.261,1.275,0.833,0.014,-0.442,41,61,9,12.57,13.07,12.17,-0.201,-0.9546,0.4115,Volatile,Low,3,111
8479066,Ryan Lomberg,L,F,CBJ,32.15,69.9,False,4.65,5.6,55.34,123.3,16.83,0.06657,0.0801,0.79197,1.76461,0.24083,0.9074,0.9074,9.03,8.8,0.9748,7.55,9.97,positive regression,56.55,0.809,-70.09,-1.011,126.64,1.82,D,0.885,0.769,0.968,-0.116,0.199,75,80,57,9.54,8.65,9.04,-0.248,0.4304,0.1191,Stable,Medium,3,212
8484164,Dalibor Dvorsky,R,F,STL,21.63,40.7,True,8.9,7.07,70.0,56.56,17.79,0.21884,0.17386,1.7205,1.39018,0.43719,1.1359,1.1359,14.23,16.36,1.15,12.9,12.63,neutral,56.46,1.388,-70.18,-0.432,126.64,1.82,B,,0.15,1.06,,0.91,0,2,71,,9.41,14.34,4.931,3.4782,1.0,Rising,Low,2,73
8484958,Maksim Tsyplakov,R,F,CGY,28.37,52.6,True,5.36,9.56,58.07,82.89,17.18,0.10204,0.18181,1.10482,1.57691,0.32692,0.9981,0.9981,12.38,11.14,0.9,4.76,10.68,positive regression,56.36,1.072,-70.28,-0.748,126.64,1.82,C,,1.518,0.667,,-0.851,0,77,49,,14.97,9.12,-5.846,-1.6962,0.2643,Declining,Low,2,126
8484210,Gabe Perreault,R,F,NYR,21.74,34.6,True,8.97,12.12,62.53,21.7,18.47,0.25964,0.3508,1.80925,0.62788,0.53442,1.1332,1.1332,15.87,17.29,1.0895,16.44,13.29,negative regression,56.32,1.629,-70.32,-0.191,126.64,1.82,NR,,0.26,1.432,,1.172,0,5,49,,14.44,15.99,1.549,4.2928,0.367,Rising,Low,2,54
8481237,Kyle MacLean,C,F,NYI,27.76,62.7,True,4.59,6.48,49.42,109.26,22.55,0.07321,0.10339,0.78829,1.743,0.35969,1.0076,1.0076,10.21,10.41,1.0194,4.65,10.94,positive regression,56.06,0.894,-70.58,-0.926,126.64,1.82,D,1.047,0.733,0.851,-0.314,0.118,32,81,59,10.09,9.96,10.52,0.216,-0.6872,0.217,Stable,Low,3,172
8482751,Ryan Winterton,C,F,SEA,23.41,43.9,True,4.85,9.74,67.73,61.35,25.7,0.11048,0.2217,1.54162,1.39632,0.58486,1.0926,1.0926,11.67,12.88,1.1036,4.6,9.83,positive regression,55.74,1.269,-70.9,-0.551,126.64,1.82,C,0.544,0.821,1.006,0.277,0.185,9,12,68,9.34,10.83,11.98,1.32,0.7702,0.1404,Rising,Low,3,89
8475179,Dmitry Kulikov,D,D,FLA,36.26,55.7,True,1.71,6.99,40.95,84.39,52.45,0.03072,0.12556,0.73543,1.51546,0.94179,0.7657,0.8829,18.03,18.73,1.0386,0.0,4.77,positive regression,55.29,0.993,-65.79,-0.721,121.08,1.714,D,1.316,1.125,0.645,-0.191,-0.48,76,70,19,16.51,19.27,18.03,0.759,-1.3177,0.1964,Stable,Medium,3,165
8480880,Jakub Lauko,C,F,BOS,26.85,43.2,False,3.84,6.07,36.45,117.37,26.88,0.08883,0.14039,0.84277,2.71366,0.62143,1.0217,1.0217,10.32,11.13,1.0793,11.9,11.52,neutral,55.14,1.275,-71.5,-0.545,126.64,1.82,C,1.101,1.121,,0.02,,60,56,0,9.82,10.71,,0.893,-0.4502,0.2157,Stable,Low,2,116
8476871,Tanner Pearson,L,F,MTL,34.48,65.1,True,6.59,8.08,59.55,57.71,26.79,0.10112,0.12409,0.9144,0.88615,0.41132,0.8055,0.8055,11.68,10.71,0.9173,13.46,11.39,negative regression,55.14,0.847,-71.5,-0.973,126.64,1.82,D,1.033,1.254,1.037,0.221,-0.217,54,78,56,12.94,11.79,10.83,-1.053,0.4751,0.1304,Stable,Low,3,188
8484221,Calum Ritchie,C,F,NYI,22.03,40.1,True,8.64,11.52,59.52,15.55,23.83,0.21573,0.28756,1.48557,0.3881,0.59494,1.1262,1.1262,13.41,14.04,1.0468,16.46,13.41,negative regression,54.95,1.371,-71.69,-0.449,126.64,1.82,B,,0.793,1.21,,0.417,0,7,65,,12.78,13.47,0.685,1.6693,0.4102,Rising,Low,2,72
8476438,Brandon Saad,L,F,STL,34.26,66.7,True,10.09,9.67,86.83,10.58,14.61,0.15131,0.14501,1.30203,0.15871,0.21909,0.8167,0.8167,14.58,13.61,0.9334,3.85,12.28,positive regression,54.94,0.824,-71.7,-0.996,126.64,1.82,D,1.3,1.115,0.718,-0.185,-0.397,82,72,49,15.5,14.82,13.38,-1.059,-0.9056,0.2349,Declining,Medium,3,203
8476455,Gabriel Landeskog,L,F,COL,34.19,36.8,False,7.43,10.45,65.79,43.05,16.07,0.20211,0.28449,1.79027,1.17143,0.43724,0.8203,0.8203,16.41,16.41,1.0,10.61,11.93,neutral,54.64,1.487,-72.0,-0.333,126.64,1.82,NR,,,1.795,,,0,0,60,,,16.41,0.0,0.0,0.0,Stable,Low,1,60
8483690,Noah Laba,C,F,NYR,23.5,41.1,False,5.71,9.31,45.31,66.42,26.0,0.13879,0.22643,1.10168,1.61508,0.63229,1.0905,1.0905,13.47,13.47,1.0,12.33,12.56,neutral,54.56,1.327,-72.08,-0.493,126.64,1.82,B,,,1.196,,,0,0,74,,,13.47,0.0,0.0,0.0,Stable,Low,1,74
8479414,Nathan Bastian,R,F,NJD,29.16,54.1,True,5.3,4.65,41.46,119.91,19.32,0.09793,0.08583,0.76606,2.21542,0.35703,0.9856,0.9856,10.01,9.31,0.9303,24.0,12.39,negative regression,54.53,1.008,-72.11,-0.812,126.64,1.82,C,1.243,1.028,1.019,-0.215,-0.009,54,59,36,10.16,10.94,8.64,-0.76,-0.1292,0.1999,Declining,Low,3,149
8479372,Josh Mahura,D,D,SEA,28.75,46.8,True,1.32,8.46,43.65,68.06,54.08,0.02816,0.18066,0.93249,1.45383,1.15527,1.0077,1.0077,14.0,15.41,1.1005,6.67,4.37,negative regression,54.41,1.162,-66.67,-0.552,121.08,1.714,C,1.157,0.92,1.089,-0.237,0.169,30,64,23,12.59,13.76,15.66,1.535,-0.6695,0.1853,Stable,Low,3,117
8479393,Noah Gregor,L,F,WPG,28.52,54.4,True,5.74,5.05,66.83,85.54,22.76,0.10563,0.09292,1.22914,1.57318,0.4185,0.9957,0.9957,10.71,9.87,0.9213,9.76,9.89,neutral,54.16,0.996,-72.48,-0.824,126.64,1.82,C,1.206,0.997,0.889,-0.209,-0.108,63,52,37,11.4,11.11,9.56,-0.919,-0.3845,0.2662,Declining,Low,3,152
8477070,Liam O'Brien,C,F,UTA,32.51,50.9,True,3.7,3.73,45.09,138.62,18.01,0.07269,0.0732,0.88528,2.72142,0.35351,0.8962,0.8962,9.43,9.16,0.9718,8.57,10.12,neutral,53.79,1.056,-72.85,-0.764,126.64,1.82,C,1.222,1.141,1.07,-0.081,-0.071,75,28,38,9.73,9.3,9.15,-0.29,-0.26,0.0676,Stable,Low,3,141
8480806,Isac Lundeström,C,F,CBJ,27.24,67.6,True,5.03,8.49,50.81,42.28,42.47,0.07432,0.12554,0.75136,0.62521,0.62797,1.0154,1.0154,13.19,12.29,0.932,7.55,11.12,positive regression,53.73,0.794,-72.91,-1.026,126.64,1.82,D,0.964,0.847,0.694,-0.117,-0.153,46,79,68,14.34,13.55,12.38,-0.978,-0.3355,0.2558,Declining,Medium,3,193
8481178,Egor Zamula,D,D,PHI,26.84,56.4,True,2.34,9.8,37.26,21.54,69.78,0.0414,0.17369,0.66023,0.38164,1.23633,1.0402,1.0402,15.45,14.07,0.9113,0.0,6.07,positive regression,53.7,0.951,-67.38,-0.763,121.08,1.714,D,1.185,1.051,0.685,-0.134,-0.366,66,63,33,16.06,16.52,13.07,-1.495,-0.6414,0.201,Declining,Medium,3,162
8481525,Matthew Robertson,D,D,NYR,25.9,41.0,True,3.18,7.23,47.27,62.97,47.42,0.07765,0.17626,1.15303,1.53576,1.15653,1.0592,1.0592,17.41,17.2,0.9879,7.59,6.11,neutral,53.49,1.305,-67.59,-0.409,121.08,1.714,B,,0.525,1.267,,0.742,0,2,72,,17.63,17.4,-0.229,2.5828,0.2934,Volatile,Low,2,74
8477508,Curtis Lazar,C,F,NJD,32.0,57.4,True,4.1,5.94,36.74,107.02,26.88,0.07153,0.10352,0.64043,1.86524,0.46851,0.912,0.912,10.6,9.54,0.9,13.33,11.7,neutral,53.44,0.931,-73.2,-0.889,126.64,1.82,D,1.554,0.831,0.922,-0.723,0.091,71,48,45,12.39,10.57,8.92,-1.735,-0.6599,0.1874,Declining,Low,3,164
8476856,Mathew Dumba,D,D,ARI/TBL,32.52,51.4,True,1.94,5.82,42.08,80.05,52.19,0.03767,0.11321,0.81808,1.55627,1.01465,0.9264,0.9632,17.15,15.44,0.9,14.29,5.06,negative regression,53.2,1.034,-67.88,-0.68,121.08,1.714,C,1.462,0.937,1.223,-0.525,0.286,76,63,11,19.73,15.3,14.94,-2.399,0.2335,0.1608,Stable,Medium,3,150
8484860,Matvei Gridin,R,F,CGY,20.92,29.6,True,6.64,12.62,64.14,11.44,25.45,0.22466,0.42706,2.16955,0.38708,0.86074,1.1523,1.1523,15.16,15.16,1.0,8.57,11.74,positive regression,53.04,1.794,-73.6,-0.026,126.64,1.82,NR,,,1.5,,,0,0,37,,,15.16,0.0,0.0,0.0,Stable,Low,1,37
8477435,Ryan Graves,D,D,PIT,31.7,53.2,True,1.79,3.99,40.78,53.08,76.29,0.03364,0.07492,0.76588,0.9968,1.4326,0.9513,0.9757,16.32,14.9,0.9134,4.76,4.97,neutral,53.0,0.995,-68.08,-0.719,121.08,1.714,D,1.402,0.867,1.048,-0.535,0.181,70,61,22,18.39,14.99,15.3,-1.542,-0.2338,0.1518,Declining,Medium,3,153
8483525,Danila Yurov,R,F,MIN,23.11,40.8,False,7.07,9.44,50.1,38.48,26.37,0.17331,0.23125,1.22755,0.94276,0.64603,1.0995,1.0995,13.3,13.3,1.0,15.0,13.21,neutral,52.74,1.292,-73.9,-0.528,126.64,1.82,B,,,1.177,,,0,0,73,,,13.3,0.0,0.0,0.0,Stable,Low,1,73
8474679,Gustav Nyquist,R,F,NSH,37.42,68.9,True,6.46,13.91,59.22,21.48,16.5,0.09386,0.20192,0.85985,0.31188,0.23951,0.6566,0.6566,15.81,14.23,0.9,1.61,11.72,positive regression,52.74,0.766,-73.9,-1.054,126.64,1.82,D,2.067,1.041,0.785,-1.026,-0.256,81,79,51,17.74,16.85,12.68,-2.532,-1.6375,0.1642,Declining,Medium,3,211
8477380,Jonny Brodzinski,C,F,WSH,33.62,58.6,True,7.69,9.16,67.44,34.48,18.74,0.13124,0.15619,1.15032,0.58819,0.31964,0.8494,0.8494,11.32,11.34,1.0018,9.52,11.7,positive regression,52.69,0.899,-73.95,-0.921,126.64,1.82,D,1.054,1.127,0.955,0.073,-0.172,57,51,55,11.13,11.68,11.17,0.022,-0.2772,0.1582,Stable,Low,3,163
8475906,John Klingberg,D,D,TOR,34.47,40.9,True,4.2,10.63,48.9,30.17,42.39,0.10286,0.26006,1.19644,0.73798,1.03716,0.857,0.9285,20.09,20.05,0.9981,12.66,6.97,negative regression,52.56,1.286,-68.52,-0.428,121.08,1.714,B,1.246,1.355,1.576,0.109,0.221,14,11,56,20.55,17.24,20.47,-0.042,0.4904,0.1696,Stable,Low,3,81
8476873,Mark Jankowski,L,F,CAR,32.39,60.2,True,8.69,7.33,55.19,27.38,29.71,0.14429,0.1217,0.91609,0.45438,0.49319,0.8999,0.8999,11.87,11.17,0.9415,17.46,14.42,negative regression,52.54,0.872,-74.1,-0.948,126.64,1.82,D,1.208,0.978,1.047,-0.23,0.069,32,60,68,12.67,12.57,11.15,-0.758,-0.0436,0.3626,Declining,Medium,3,160
8477810,Joel Hanley,D,D,CGY,35.65,60.4,True,1.24,5.66,32.49,47.12,77.83,0.02051,0.0938,0.53815,0.78052,1.28906,0.7969,0.8984,15.75,16.1,1.0226,0.0,4.87,positive regression,52.51,0.87,-68.57,-0.844,121.08,1.714,D,0.879,1.194,0.836,0.315,-0.358,42,53,68,13.89,18.58,14.67,0.388,-0.1872,0.1665,Stable,Low,3,163
8483499,Liam Ohgren,L,F,VAN,23.01,46.3,True,6.45,7.29,63.5,48.13,27.09,0.1393,0.15737,1.37107,1.03926,0.58504,1.1018,1.1018,12.77,12.15,0.9519,9.2,11.29,positive regression,52.47,1.133,-74.17,-0.687,126.64,1.82,C,1.275,0.929,1.046,-0.346,0.117,4,24,69,14.51,11.11,13.17,-0.671,-0.2524,0.5301,Declining,Low,3,97
8473507,Jeff Petry,D,D,DET,39.15,63.6,True,1.04,6.68,32.01,62.37,65.75,0.01635,0.10506,0.50311,0.98032,1.03338,0.6194,0.8097,16.97,15.27,0.9,0.0,4.33,positive regression,52.4,0.824,-68.68,-0.89,121.08,1.714,D,1.74,1.241,0.859,-0.499,-0.382,73,44,67,18.8,18.9,14.76,-2.017,-1.0313,0.2178,Declining,Medium,3,184
8482768,Fedor Svechkov,C,F,COL,23.83,52.9,True,6.01,9.96,59.21,41.64,23.32,0.11365,0.18843,1.11978,0.78757,0.44101,1.0829,1.0829,12.38,11.64,0.9402,5.71,11.35,positive regression,52.33,0.99,-74.31,-0.83,126.64,1.82,C,,1.037,0.859,,-0.178,0,52,70,,12.88,12.08,-0.808,-0.5577,0.1086,Declining,Low,2,122
8474102,David Perron,L,F,DET,38.68,63.3,True,7.4,9.48,58.88,52.32,11.43,0.11694,0.14969,0.93,0.82643,0.18058,0.6,0.6,14.32,13.38,0.9341,13.98,12.49,neutral,52.32,0.826,-74.32,-0.994,126.64,1.82,D,1.754,1.319,1.362,-0.435,0.043,76,43,65,15.63,14.02,13.57,-1.029,-0.3567,0.1614,Declining,Medium,3,184
8481517,Brett Leason,R,F,SJS,27.76,48.1,True,5.58,7.56,54.32,49.51,33.41,0.11601,0.15712,1.12881,1.02868,0.69432,1.0076,1.0076,12.72,11.45,0.9,0.0,11.3,positive regression,52.25,1.086,-74.39,-0.734,126.64,1.82,C,1.337,1.098,0.358,-0.239,-0.74,68,62,6,13.01,12.98,8.58,-2.214,-1.8299,0.5777,Declining,Medium,3,136
8479941,Justin Danforth,R,F,BUF,33.88,47.8,True,5.53,7.52,49.86,64.7,27.08,0.1156,0.15735,1.04275,1.35323,0.56633,0.8361,0.8361,14.22,13.04,0.9172,0.0,11.71,positive regression,52.24,1.093,-74.4,-0.727,126.64,1.82,C,1.335,1.516,0.575,0.181,-0.941,71,61,4,14.27,14.38,11.7,-1.285,-1.3324,0.291,Declining,Medium,3,136
8482460,Matt Rempe,C,F,NYR,24.59,39.8,True,3.68,3.83,34.06,144.62,14.38,0.09252,0.09627,0.85549,3.63256,0.36115,1.066,1.066,8.12,9.34,1.15,6.67,11.92,positive regression,52.18,1.311,-74.46,-0.509,126.64,1.82,NR,1.003,1.102,0.906,0.099,-0.196,17,42,26,5.62,8.51,8.61,1.492,-2.1923,0.2317,Stable,Low,3,85
8474037,James van Riemsdyk,L,F,BOS,37.75,71.6,False,8.34,12.06,63.16,15.39,13.57,0.11657,0.16849,0.88257,0.21499,0.18963,0.6398,0.6398,12.4,11.6,0.9352,15.15,12.77,negative regression,52.07,0.728,-74.57,-1.092,126.64,1.82,D,1.385,1.219,1.134,-0.166,-0.085,71,71,72,13.51,12.4,11.75,-0.877,-0.1804,0.2666,Declining,High,3,214
8479339,Patrik Laine,L,F,CBJ,28.79,35.9,True,10.28,7.66,69.66,15.37,17.51,0.28599,0.21301,1.93838,0.42758,0.48713,0.9914,0.9914,14.33,13.13,0.9165,0.0,13.94,positive regression,51.69,1.438,-74.95,-0.382,126.64,1.82,NR,1.586,1.767,0.56,0.181,-1.207,18,52,5,15.22,14.31,12.61,-1.306,-1.794,0.4933,Declining,Low,3,75
8478466,Daniel Sprong,R,F,DET,29.88,39.8,True,7.92,10.79,78.76,25.83,7.2,0.19936,0.27148,1.9813,0.64987,0.18112,0.9748,0.9748,12.07,12.25,1.015,3.64,11.09,positive regression,51.54,1.297,-75.1,-0.523,126.64,1.82,NR,1.436,0.918,,-0.518,,76,30,0,12.0,12.2,,0.197,-2.6634,0.3144,Volatile,Low,2,106
8476278,Colin Blackwell,C,F,DAL,33.85,63.9,True,5.26,7.49,54.51,67.75,22.6,0.08235,0.11732,0.8534,1.06072,0.3538,0.8376,0.8376,12.25,11.06,0.9027,6.56,10.73,positive regression,51.4,0.805,-75.24,-1.015,126.64,1.82,D,1.18,0.997,0.986,-0.183,-0.011,44,63,70,14.49,11.56,11.89,-1.3,0.0447,0.2002,Stable,Medium,3,177
8481186,Logan O'Connor,R,F,COL,30.47,52.8,True,6.79,7.58,55.83,41.7,26.88,0.12877,0.14373,1.05837,0.79045,0.50955,0.9584,0.9584,14.06,12.66,0.9,0.0,12.49,positive regression,51.08,0.968,-75.56,-0.852,126.64,1.82,C,1.439,1.012,0.631,-0.427,-0.381,57,80,13,14.95,14.12,11.45,-1.752,-1.2352,0.2001,Declining,Low,3,150
8482117,Lukas Reichel,L,F,BOS,24.71,56.8,True,6.35,10.64,61.13,20.94,24.86,0.11182,0.18742,1.07712,0.36907,0.43806,1.0634,1.0634,12.73,11.97,0.9402,12.5,11.07,neutral,50.7,0.893,-75.94,-0.927,126.64,1.82,D,0.819,0.896,0.845,0.077,-0.051,65,70,29,14.11,11.91,12.45,-0.831,0.2942,0.1344,Stable,Medium,3,164
8480144,David Kampf,C,F,TOR,32.06,59.9,True,5.35,7.49,51.46,57.54,27.24,0.08934,0.12507,0.85944,0.96093,0.45493,0.9101,0.9101,13.47,14.04,1.0422,5.56,11.36,positive regression,50.69,0.847,-75.95,-0.973,126.64,1.82,D,0.914,0.811,0.838,-0.103,0.027,78,59,40,13.49,12.39,14.73,0.62,-0.3274,0.1267,Stable,Low,3,177
8470621,Corey Perry,R,F,LAK,41.71,70.9,True,9.5,8.93,61.68,21.77,13.04,0.13401,0.12597,0.87029,0.30721,0.18395,0.6,0.6,12.95,13.08,1.0102,15.04,14.6,neutral,50.56,0.713,-76.08,-1.107,126.64,1.82,D,1.219,1.059,1.305,-0.16,0.246,54,81,72,13.38,11.94,13.67,0.144,0.1296,0.2031,Stable,Medium,3,207
8474567,Zach Bogosian,D,D,MIN,36.55,63.2,True,2.18,6.14,42.65,61.22,52.38,0.03442,0.09709,0.67432,0.96796,0.82813,0.751,0.8755,16.01,14.48,0.9045,6.67,5.25,neutral,50.54,0.799,-70.54,-0.915,121.08,1.714,D,1.32,1.013,0.899,-0.307,-0.114,65,81,41,17.88,15.81,14.54,-1.668,-0.3607,0.1123,Declining,Medium,3,187
8482726,Samuel Helenius,C,F,LAK,24.18,47.1,True,4.27,3.67,32.08,131.62,15.16,0.09071,0.07789,0.68175,2.79666,0.32212,1.075,1.075,8.27,7.65,0.9253,13.16,12.8,neutral,50.48,1.073,-76.16,-0.747,126.64,1.82,C,,1.049,1.065,,0.016,0,50,53,,8.65,7.98,-0.674,0.7353,0.0253,Stable,Low,2,103
8481133,Cole Reinhardt,L,F,FLA,27.0,40.7,True,6.04,4.98,40.42,103.18,11.85,0.14839,0.12232,0.99347,2.53585,0.29113,1.019,1.019,10.19,11.72,1.15,18.37,13.33,negative regression,50.38,1.238,-76.26,-0.582,126.64,1.82,C,,0.797,1.114,,0.317,0,17,59,,8.2,10.65,2.447,0.4482,0.2035,Rising,Low,2,76
8484240,Tom Willander,D,D,VAN,21.98,39.9,False,2.87,10.59,39.4,23.57,51.5,0.07197,0.2656,0.9882,0.59118,1.29142,1.1513,1.1513,16.99,16.99,1.0,8.47,6.22,negative regression,50.27,1.261,-70.81,-0.453,121.08,1.714,NR,,,1.102,,,0,0,70,,,16.99,0.0,0.0,0.0,Stable,Low,1,70
8482896,Tyson Kozak,C,F,BUF,24.09,37.6,True,3.53,4.39,28.45,95.68,37.69,0.09383,0.11669,0.75621,2.54289,1.00161,1.077,1.077,11.06,11.78,1.065,6.67,12.57,positive regression,50.24,1.335,-76.4,-0.485,126.64,1.82,NR,,1.138,1.118,,-0.02,0,21,46,,10.49,11.28,0.785,-0.5576,0.2563,Volatile,Low,2,67
8482859,Zack Ostapchuk,C,F,SJS,23.68,51.8,True,3.46,3.25,35.97,119.67,25.28,0.06679,0.06277,0.69502,2.31247,0.48856,1.0864,1.0864,9.83,9.65,0.9812,9.09,11.26,positive regression,49.96,0.965,-76.68,-0.855,126.64,1.82,C,0.779,0.71,0.97,-0.069,0.26,7,56,59,10.5,9.42,10.1,-0.201,0.6587,0.2161,Stable,Low,3,122
8483506,Sam Rinzel,D,D,CHI,22.6,37.1,True,2.84,8.78,61.95,36.5,41.43,0.0766,0.23646,1.66859,0.98328,1.11599,1.1366,1.1366,18.87,16.98,0.9,4.82,5.13,neutral,49.95,1.345,-71.13,-0.369,121.08,1.714,NR,,1.622,1.246,,-0.376,0,9,54,,23.36,18.27,-5.088,-0.0742,0.3052,Declining,Low,2,63
8479705,Jeffrey Truchon-Viel,L,F,TBL,30.01,33.3,True,4.13,5.76,49.72,97.63,17.26,0.1241,0.17297,1.49255,2.9306,0.51804,0.9727,0.9727,11.58,13.32,1.15,4.84,10.98,positive regression,49.93,1.499,-76.71,-0.321,126.64,1.82,NR,,0.71,1.274,,0.564,0,5,45,,7.69,11.93,4.24,0.8699,0.1514,Rising,Low,2,50
8482166,Shakir Mukhamadullin,D,D,EDM,25.06,41.7,True,3.05,7.23,40.92,31.22,58.88,0.07305,0.17346,0.9816,0.74893,1.41242,1.0777,1.0777,17.53,15.78,0.9,10.2,6.35,negative regression,49.93,1.198,-71.15,-0.516,121.08,1.714,C,2.367,1.395,1.138,-0.972,-0.257,3,30,50,21.16,18.07,17.14,-2.007,-1.3644,0.3412,Declining,Low,3,83
8481477,Nico Sturm,C,F,MIN,31.75,60.6,True,5.35,6.29,46.91,68.19,25.61,0.08824,0.10371,0.77379,1.12479,0.42237,0.9195,0.9195,11.78,10.6,0.9,13.51,11.71,neutral,49.77,0.821,-76.87,-0.999,126.64,1.82,D,0.968,1.075,0.861,0.107,-0.214,63,62,49,14.66,10.41,10.94,-1.859,0.3797,0.2355,Stable,Medium,3,174
8483500,Noah Ostlund,C,F,BUF,22.89,38.8,True,7.44,12.02,48.22,5.62,24.06,0.19194,0.31032,1.24431,0.14511,0.62092,1.1048,1.1048,13.64,15.68,1.15,18.33,13.56,negative regression,49.69,1.282,-76.95,-0.538,126.64,1.82,NR,,0.231,1.108,,0.877,0,8,60,,10.54,13.97,3.427,3.4444,0.1668,Rising,Low,2,68
8481726,Adam Edstrom,C,F,NSH,26.31,43.8,True,5.05,3.51,39.95,90.5,28.95,0.11547,0.08031,0.91324,2.0686,0.6617,1.0314,1.0314,9.28,9.77,1.0518,9.68,12.68,positive regression,49.6,1.134,-77.04,-0.686,126.64,1.82,C,1.068,1.033,0.981,-0.035,-0.052,11,51,35,8.41,9.27,9.46,0.525,-0.6979,0.3358,Volatile,Low,3,97
8484798,Zeev Buium,D,D,VAN,21.15,41.8,False,3.39,12.81,47.22,18.65,35.91,0.08123,0.30674,1.13106,0.44671,0.86013,1.1646,1.1646,19.58,19.58,1.0,8.22,6.26,neutral,49.37,1.183,-71.71,-0.531,121.08,1.714,C,,,1.024,,,0,0,76,,,19.58,0.0,0.0,0.0,Stable,Low,1,76
8479026,Philippe Myers,D,D,TOR,30.02,40.1,True,1.74,3.15,50.32,73.23,54.17,0.04346,0.07849,1.25403,1.82496,1.34991,0.9877,0.9939,15.11,16.41,1.0865,0.0,4.72,positive regression,49.36,1.23,-71.72,-0.484,121.08,1.714,C,0.92,1.258,0.978,0.338,-0.28,5,36,39,11.69,16.23,14.54,1.425,-0.3425,0.1434,Stable,Low,3,80
8484806,Sam Dickinson,D,D,SJS,20.65,40.5,False,1.55,8.75,47.74,48.65,46.44,0.03818,0.21607,1.17864,1.20133,1.14659,1.167,1.167,16.76,16.76,1.0,1.39,4.73,positive regression,49.36,1.219,-71.72,-0.495,121.08,1.714,C,,,0.994,,,0,0,72,,,16.76,0.0,0.0,0.0,Stable,Low,1,72
8479977,Kailer Yamamoto,R,F,UTA,28.34,50.5,True,8.42,7.78,52.3,35.43,16.51,0.16676,0.15412,1.03557,0.70166,0.3269,0.9986,0.9986,11.89,11.8,0.9924,21.67,14.21,negative regression,49.23,0.975,-77.41,-0.845,126.64,1.82,C,0.842,0.888,1.125,0.046,0.237,59,12,59,11.99,12.11,11.8,-0.098,0.757,0.1126,Stable,Low,3,130
8476979,Erik Gustafsson,D,D,LAK,34.89,47.9,True,2.46,12.02,48.89,29.98,36.61,0.05145,0.2511,1.0213,0.62613,0.76461,0.8356,0.9178,16.88,17.5,1.0367,0.0,5.38,positive regression,49.1,1.026,-71.98,-0.688,121.08,1.714,C,1.305,0.984,0.6,-0.321,-0.384,76,60,2,17.39,16.31,18.74,0.675,-1.2899,0.2458,Stable,Medium,3,138
8482874,Jacob Melanson,R,F,SEA,23.78,29.5,True,2.82,3.12,28.8,152.76,10.94,0.09575,0.10585,0.97643,5.1782,0.37084,1.0841,1.0841,9.38,8.91,0.9496,6.06,11.87,positive regression,49.03,1.662,-77.61,-0.158,126.64,1.82,NR,,0.8,1.544,,0.744,0,1,36,,9.88,9.37,-0.516,5.0361,0.5794,Volatile,Low,2,37
8484994,Igor Chernyshov,L,F,SJS,21.17,26.8,True,8.18,10.73,50.65,19.66,14.34,0.30561,0.40126,1.8933,0.73491,0.53603,1.1469,1.1469,15.06,15.06,1.0,19.57,13.71,negative regression,49.0,1.832,-77.64,0.012,126.64,1.82,NR,,,1.709,,,0,0,28,,,15.06,0.0,0.0,0.0,Stable,Low,1,28
8480078,Filip Chytil,C,F,VAN,27.41,37.6,True,8.62,8.43,83.95,13.55,10.14,0.22899,0.22392,2.23122,0.36023,0.26954,1.0128,1.0128,15.07,14.64,0.9719,12.5,11.09,neutral,48.72,1.295,-77.92,-0.525,126.64,1.82,NR,1.45,1.318,0.983,-0.132,-0.335,10,56,12,15.93,14.97,15.01,-0.462,-0.7648,0.1233,Stable,Low,3,78
8474612,Travis Hamonic,D,D,OTT,36.46,49.9,True,1.29,3.61,39.91,52.09,67.71,0.02579,0.07245,0.80026,1.04442,1.35756,0.7555,0.8778,15.72,15.56,0.9896,0.0,4.38,positive regression,48.1,0.964,-72.98,-0.75,121.08,1.714,D,1.136,1.163,1.035,0.027,-0.128,48,59,26,14.73,17.07,14.38,-0.178,-0.155,0.0738,Stable,Low,3,133
8477938,Haydn Fleury,D,D,WPG,30.57,44.1,True,1.56,5.1,34.95,53.93,60.8,0.03541,0.11551,0.79217,1.2223,1.37782,0.9794,0.9897,15.05,14.05,0.9331,7.69,5.08,negative regression,48.08,1.09,-73.0,-0.624,121.08,1.714,C,1.331,1.164,1.087,-0.167,-0.077,24,39,38,16.12,15.93,13.93,-1.098,-0.1357,0.0985,Declining,Low,3,101
8476792,Torey Krug,D,D,STL,35.81,32.4,False,1.86,11.25,52.82,24.38,41.82,0.05733,0.34676,1.62837,0.7515,1.28936,0.7887,0.8943,21.96,21.96,1.0,2.47,4.42,neutral,48.03,1.481,-73.05,-0.233,121.08,1.714,NR,1.772,,,,,77,0,0,21.96,,,0.0,0.0,0.0,Stable,Low,1,77
8484136,Max Sasson,C,F,VAN,26.41,45.9,True,8.22,5.86,52.17,26.82,27.32,0.1791,0.12771,1.13725,0.58467,0.5956,1.0296,1.0296,11.36,12.63,1.112,20.97,13.87,negative regression,47.97,1.046,-78.67,-0.774,126.64,1.82,C,,0.855,0.953,,0.098,0,29,66,,10.33,11.72,1.388,-0.0872,0.1252,Stable,Low,2,95
8483890,Braeden Bowman,R,F,VGK,23.6,34.9,True,6.17,12.56,53.28,14.31,16.95,0.17684,0.36015,1.52779,0.41036,0.48605,1.0882,1.0882,14.13,14.13,1.0,10.67,12.18,neutral,47.96,1.375,-78.68,-0.445,126.64,1.82,NR,,,1.231,,,0,0,54,,,14.13,0.0,0.0,0.0,Stable,Low,1,54
8482148,Hendrix Lapierre,C,F,PIT,24.98,57.4,True,4.6,11.75,43.43,32.58,22.51,0.0801,0.20463,0.7562,0.5672,0.39195,1.0574,1.0574,9.63,8.67,0.9,7.55,11.71,positive regression,47.74,0.831,-78.9,-0.989,126.64,1.82,D,1.19,0.815,0.695,-0.375,-0.12,51,27,74,11.44,9.8,8.83,-1.301,-0.7608,0.2267,Declining,Low,3,152
8475763,Kevin Hayes,R,F,STL,34.74,57.6,True,7.82,7.4,72.13,33.34,9.87,0.13586,0.1286,1.25303,0.57913,0.17146,0.7923,0.7923,13.05,12.13,0.93,8.89,11.28,positive regression,47.69,0.828,-78.95,-0.992,126.64,1.82,D,1.105,1.093,1.095,-0.012,0.002,79,64,28,14.47,12.05,12.47,-0.997,0.3411,0.3442,Volatile,Medium,3,171
8482070,Mitchell Chaffee,R,F,NYI,29.02,43.6,True,5.7,4.11,39.88,91.38,16.64,0.13087,0.0943,0.91539,2.09763,0.38203,0.9877,0.9877,11.54,10.75,0.9314,0.0,13.44,positive regression,47.65,1.094,-78.99,-0.726,126.64,1.82,C,1.372,1.169,0.945,-0.203,-0.224,30,66,11,11.29,12.04,9.56,-0.864,-0.6789,0.2542,Declining,Low,3,107
8480001,Urho Vaakanainen,D,D,NYR,28.09,54.1,True,1.47,10.81,41.99,25.79,48.6,0.02722,0.19965,0.77573,0.47643,0.89801,1.0176,1.0176,16.04,14.43,0.9,0.0,4.51,positive regression,47.62,0.88,-73.46,-0.834,121.08,1.714,D,1.032,1.025,0.699,-0.007,-0.326,68,51,34,17.48,16.41,13.86,-1.81,-0.2597,0.2175,Declining,Low,3,153
8479402,Jake Bean,D,D,CBJ,28.65,52.5,True,2.67,5.26,56.47,18.33,61.63,0.05085,0.1001,1.07563,0.34908,1.17396,1.0092,1.0092,15.7,15.53,0.9891,6.25,5.14,neutral,46.93,0.894,-74.15,-0.82,121.08,1.714,D,1.069,0.65,1.041,-0.419,0.391,72,64,16,16.33,15.09,15.95,-0.187,-0.0083,0.3133,Volatile,Medium,3,152
8482733,Logan Mailloux,D,D,STL,23.8,40.9,True,3.37,5.95,50.28,55.84,35.56,0.08249,0.14546,1.23012,1.36612,0.86993,1.107,1.107,16.76,15.09,0.9,6.17,6.19,neutral,46.82,1.145,-74.26,-0.569,121.08,1.714,C,2.35,1.871,1.08,-0.479,-0.791,1,7,67,21.23,16.2,16.77,-2.232,-1.3884,0.2089,Declining,Low,3,75
8476525,Colin Miller,D,D,NJD/WPG,34.26,47.2,True,2.51,5.97,48.55,67.59,34.34,0.05316,0.12637,1.02757,1.43041,0.72674,0.8677,0.9339,14.82,14.17,0.9558,0.0,5.46,positive regression,46.8,0.99,-74.28,-0.724,121.08,1.714,D,1.239,1.15,0.908,-0.089,-0.242,46,60,18,15.71,14.52,14.28,-0.715,-0.4581,0.083,Declining,Low,3,124
8481725,Elmer Soderblom,L,F,PIT,25.58,42.9,True,5.72,6.17,50.91,67.18,14.11,0.1333,0.14366,1.18562,1.56463,0.32865,1.0454,1.0454,11.7,10.53,0.9,10.14,11.93,neutral,46.71,1.088,-79.93,-0.732,126.64,1.82,C,,1.423,1.008,,-0.415,0,26,59,,13.37,11.11,-2.261,-0.9441,0.1067,Declining,Low,2,85
8481219,Jonathan Aspirot,D,D,BOS,27.72,37.1,False,1.84,6.46,30.02,53.21,51.72,0.04961,0.17442,0.8099,1.4357,1.39558,1.024,1.024,16.74,16.74,1.0,6.38,5.8,neutral,46.62,1.258,-74.46,-0.456,121.08,1.714,NR,,,1.218,,,0,0,61,,,16.74,0.0,0.0,0.0,Stable,Low,1,61
8476422,Mike Reilly,D,D,FLA/NYI,33.56,47.1,True,2.55,8.73,68.85,22.23,38.19,0.05427,0.18549,1.4629,0.47242,0.81147,0.8946,0.9473,15.86,14.85,0.9367,1.59,4.52,positive regression,46.34,0.985,-74.74,-0.729,121.08,1.714,D,1.448,0.731,0.952,-0.717,0.221,61,18,42,17.16,15.17,14.96,-1.095,-0.622,0.2751,Declining,Low,3,121
8476346,Johnny Gaudreau,L,F,CBJ,33.47,33.2,False,5.17,16.22,55.87,1.79,8.29,0.15573,0.48873,1.68353,0.05406,0.24983,0.857,0.857,18.81,18.81,1.0,7.5,10.63,positive regression,46.31,1.395,-80.33,-0.425,126.64,1.82,NR,1.586,,,,,81,0,0,18.81,,,0.0,0.0,0.0,Stable,Low,1,81
8481030,Jack St. Ivany,D,D,WPG,27.53,31.6,True,0.81,6.96,27.62,75.93,42.32,0.0255,0.21997,0.8734,2.40091,1.33815,1.0275,1.0275,15.84,17.04,1.0759,0.0,4.9,positive regression,46.19,1.46,-74.89,-0.254,121.08,1.714,NR,1.004,1.034,1.552,0.03,0.518,14,19,20,13.7,16.37,16.33,1.312,0.6555,0.0732,Rising,Low,3,53
8481537,Nikita Okhotiuk,D,D,CGY,26.16,27.8,True,1.14,4.88,29.89,80.21,44.86,0.04116,0.17577,1.07708,2.8904,1.61644,1.0538,1.0538,15.91,15.91,1.0,1.92,5.04,positive regression,45.83,1.651,-75.25,-0.063,121.08,1.714,NR,1.523,,,,,52,0,0,15.91,,,0.0,0.0,0.0,Stable,Low,1,52
8485402,Michael Misa,C,F,SJS,19.96,32.1,True,7.01,10.08,49.09,12.82,19.14,0.21869,0.31427,1.53097,0.39986,0.59687,1.167,1.167,12.81,12.81,1.0,15.52,13.18,negative regression,45.76,1.427,-80.88,-0.393,126.64,1.82,NR,,,1.234,,,0,0,45,,,12.81,0.0,0.0,0.0,Stable,Low,1,45
8479344,Jesse Puljujarvi,R,F,PIT,28.74,29.9,True,5.46,5.35,51.96,77.44,10.01,0.18271,0.17918,1.73925,2.59219,0.3352,0.9922,0.9922,10.88,12.51,1.15,8.0,11.73,positive regression,45.73,1.531,-80.91,-0.289,126.64,1.82,NR,0.998,1.408,,0.41,,22,31,0,9.19,11.78,,2.594,0.6553,0.0718,Rising,Low,2,53
8481708,Zac Jones,D,D,UTA,26.29,35.3,True,2.11,9.51,50.93,27.91,39.52,0.05982,0.26939,1.44236,0.79041,1.11929,1.0512,1.0512,16.37,18.78,1.147,1.96,5.02,positive regression,45.55,1.29,-75.53,-0.424,121.08,1.714,NR,1.073,1.008,,-0.065,,31,46,0,14.63,17.25,,2.626,-0.8955,0.1123,Stable,Low,2,77
8481704,Juuso Parssinen,C,F,NYR,26.0,44.5,True,5.41,5.89,36.48,65.36,20.21,0.12163,0.13238,0.81967,1.46872,0.45405,1.037,1.037,11.4,10.26,0.9,12.5,13.59,neutral,45.28,1.017,-81.36,-0.803,126.64,1.82,C,1.085,1.226,0.832,0.141,-0.394,44,48,20,14.6,10.54,8.84,-2.878,0.594,0.2819,Volatile,Low,3,112
8477018,Ben Hutton,D,D,VGK,33.79,45.6,True,3.01,6.85,52.09,21.77,47.61,0.06593,0.15008,1.1418,0.47713,1.04361,0.8875,0.9438,14.92,14.15,0.9486,8.45,5.57,negative regression,45.12,0.989,-75.96,-0.725,121.08,1.714,D,1.179,1.209,1.109,0.03,-0.1,41,11,55,16.26,13.23,14.59,-0.836,0.1051,0.3588,Volatile,Low,3,107
8476994,Vinnie Hinostroza,C,F,COL,32.83,50.4,True,5.56,7.99,54.58,36.59,18.5,0.11029,0.15843,1.08213,0.72553,0.36673,0.8863,0.8863,11.45,12.0,1.0476,9.23,11.17,neutral,45.09,0.894,-81.55,-0.926,126.64,1.82,D,0.979,0.976,0.883,-0.003,-0.093,14,38,65,9.75,13.02,10.94,0.594,-0.5889,0.223,Stable,Low,3,117
8480990,Declan Chisholm,D,D,NJD,27.06,48.4,True,2.29,8.5,44.28,21.62,47.7,0.0473,0.17546,0.91417,0.44628,0.98479,1.0359,1.0359,16.03,14.75,0.9199,5.0,5.5,neutral,44.99,0.929,-76.09,-0.785,121.08,1.714,D,1.131,0.911,0.919,-0.22,0.008,31,66,26,16.53,16.99,13.73,-1.401,-0.043,0.1026,Declining,Low,3,123
8474189,Lars Eller,C,F,FLA,37.74,74.6,False,5.76,7.06,57.8,30.71,22.45,0.07719,0.09457,0.77454,0.41158,0.30083,0.6403,0.6403,13.33,11.99,0.9,7.46,10.71,positive regression,44.78,0.6,-81.86,-1.22,126.64,1.82,D,1.313,0.966,0.832,-0.347,-0.134,82,80,68,15.96,13.29,11.45,-2.259,-0.2866,0.1431,Declining,High,3,230
8480073,Erik Brannstrom,D,D,OTT,27.42,39.2,True,2.25,7.76,39.36,21.32,52.62,0.05734,0.1977,1.00284,0.54326,1.34074,1.0294,1.0294,16.05,14.53,0.9055,9.09,5.62,negative regression,44.73,1.14,-76.35,-0.574,121.08,1.714,NR,1.199,1.246,,0.047,,76,28,0,16.59,14.94,,-1.655,0.6721,0.0359,Stable,Low,2,104
8479981,Jonah Gadjovich,L,F,FLA,28.31,38.9,True,3.62,3.04,36.91,106.67,16.95,0.09305,0.07814,0.94802,2.73958,0.4352,0.999,0.999,8.02,8.25,1.0293,0.0,11.39,positive regression,44.61,1.146,-82.03,-0.674,126.64,1.82,NR,0.837,1.124,1.275,0.287,0.151,39,42,10,7.43,8.45,7.94,0.256,1.4357,0.1503,Stable,Low,3,91
8475755,Alexander Petrovic,D,D,FLA,34.92,36.3,True,1.51,4.72,34.87,58.84,50.01,0.04147,0.1299,0.96024,1.62025,1.37709,0.8341,0.917,15.24,16.38,1.0748,3.51,5.17,neutral,44.59,1.228,-76.49,-0.486,121.08,1.714,NR,0.7,0.97,1.28,0.27,0.31,1,5,54,12.87,14.11,15.35,1.243,0.8683,0.4318,Rising,Low,3,60
8477454,Adam Erne,L,F,EDM,31.79,36.6,True,4.3,2.22,33.03,112.46,14.51,0.11751,0.06079,0.90347,3.07584,0.39677,0.9183,0.9183,9.48,10.48,1.1058,13.95,12.61,neutral,44.45,1.216,-82.19,-0.604,126.64,1.82,NR,0.867,,1.263,,,24,0,45,7.82,,10.01,1.094,0.4621,0.1597,Rising,Low,2,69
8478432,Christian Fischer,R,F,DET,29.8,44.3,True,3.16,6.89,39.29,78.32,17.34,0.07139,0.1555,0.88657,1.76745,0.39125,0.976,0.976,11.28,11.01,0.9762,3.23,10.24,positive regression,44.29,0.999,-82.35,-0.821,126.64,1.82,C,1.047,0.889,,-0.158,,79,46,0,11.41,11.11,,-0.293,-0.7062,0.0543,Stable,Low,2,125
8481743,Marc Del Gaizo,D,D,NYR,27.31,31.2,True,1.9,5.99,50.37,52.65,37.84,0.06105,0.19214,1.61511,1.68821,1.21326,1.0314,1.0314,16.71,16.98,1.016,2.63,4.86,positive regression,44.13,1.415,-76.95,-0.299,121.08,1.714,NR,1.467,1.275,,-0.192,,9,46,0,16.46,16.75,,0.291,-0.7794,0.099,Stable,Low,2,55
8479985,Cale Fleury,D,D,SEA,28.2,28.9,True,1.41,3.17,32.97,67.8,51.32,0.04896,0.10995,1.14174,2.34821,1.77746,1.016,1.016,15.14,16.43,1.0846,4.55,5.27,neutral,44.06,1.526,-77.02,-0.188,121.08,1.714,NR,0.75,1.407,1.313,0.657,-0.094,1,14,23,13.5,12.87,16.3,1.398,0.7506,0.4938,Rising,Low,3,38
8477335,Kyle Burroughs,D,D,DAL,31.56,39.9,True,0.99,3.27,26.18,85.74,45.97,0.02481,0.08196,0.65563,2.14696,1.15107,0.9556,0.9778,14.89,13.4,0.9,0.0,4.84,positive regression,44.06,1.103,-77.02,-0.611,121.08,1.714,NR,1.621,0.567,,-1.054,,73,33,0,19.15,7.82,,-11.328,-0.7317,0.1445,Declining,Low,2,106
8484223,Axel Sandin-Pellikka,D,D,DET,21.9,39.2,False,3.81,9.47,45.72,12.2,36.6,0.09711,0.24126,1.16475,0.31076,0.93255,1.1526,1.1526,16.21,16.21,1.0,10.29,6.67,negative regression,43.94,1.119,-77.14,-0.595,121.08,1.714,NR,,,0.993,,,0,0,68,,,16.21,0.0,0.0,0.0,Stable,Low,1,68
8480011,Klim Kostin,C,F,DET/SJS,27.75,36.5,True,3.81,5.47,30.66,92.26,14.25,0.10448,0.14999,0.8401,2.52772,0.39051,1.0077,1.0077,10.8,10.59,0.9803,3.57,12.64,positive regression,43.88,1.202,-82.76,-0.618,126.64,1.82,NR,1.128,1.239,,0.111,,52,35,0,10.91,10.68,,-0.232,0.7568,0.2267,Stable,Low,2,87
8478104,Samuel Blais,L,F,OTT,30.63,34.5,True,2.63,5.32,23.44,111.25,13.73,0.07627,0.15406,0.67945,3.22467,0.39796,0.9535,0.9535,9.19,8.61,0.9369,16.67,11.82,negative regression,43.81,1.27,-82.83,-0.55,126.64,1.82,NR,1.158,,1.714,,,53,0,21,9.69,,8.43,-0.632,2.5173,0.1856,Stable,Low,2,74
8481719,Max Crozier,D,D,TBL,26.79,32.6,True,1.63,8.22,47.7,45.29,34.23,0.05004,0.25195,1.46197,1.38813,1.04905,1.0412,1.0412,15.56,16.97,1.0906,2.17,4.8,positive regression,43.79,1.342,-77.29,-0.372,121.08,1.714,NR,0.923,1.1,1.173,0.177,0.073,13,5,35,12.94,16.69,16.01,1.538,0.0567,0.1823,Rising,Low,3,53
8474166,Alec Martinez,D,D,VGK,39.52,39.3,True,1.89,4.66,25.27,17.03,73.72,0.0481,0.11851,0.64271,0.4331,1.87522,0.6005,0.8002,18.88,18.59,0.9847,13.16,6.45,negative regression,43.77,1.113,-77.31,-0.601,121.08,1.714,NR,1.852,1.349,,-0.503,,55,44,0,19.04,18.73,,-0.316,-1.5129,0.1284,Stable,Low,2,99
8481754,Nikita Nesterenko,C,F,ANA,25.39,32.6,True,4.42,7.49,39.65,69.85,10.51,0.13543,0.22946,1.21547,2.14093,0.32201,1.0492,1.0492,11.57,11.9,1.0291,3.23,12.2,positive regression,43.66,1.338,-82.98,-0.482,126.64,1.82,NR,1.483,1.283,1.105,-0.2,-0.178,3,20,29,11.52,10.32,12.26,0.367,-1.1572,0.4559,Volatile,Low,3,52
8470794,Joe Pavelski,C,F,DAL,42.56,33.4,False,6.29,9.48,46.8,18.51,16.88,0.18837,0.28416,1.40213,0.55473,0.50591,0.6,0.6,16.81,16.81,1.0,13.92,13.19,neutral,43.43,1.301,-83.21,-0.519,126.64,1.82,NR,2.227,,,,,82,0,0,16.81,,,0.0,0.0,0.0,Stable,Low,1,82
8480840,Oskar Bäck,C,F,DAL,26.89,58.8,False,4.49,8.34,38.59,25.46,31.4,0.07635,0.14191,0.65682,0.43332,0.53454,1.021,1.021,12.07,12.67,1.0498,11.9,12.08,neutral,43.35,0.738,-83.29,-1.082,126.64,1.82,D,,0.691,0.633,,-0.058,0,73,72,,11.7,12.36,0.655,-0.4716,0.0051,Stable,Medium,2,145
8479368,Max Jones,L,F,EDM,28.96,40.8,True,4.12,4.71,41.12,92.96,9.07,0.10094,0.1155,1.00759,2.27772,0.22225,0.9886,0.9886,10.23,9.2,0.9,13.64,11.12,negative regression,43.25,1.06,-83.39,-0.76,126.64,1.82,C,1.283,0.887,1.169,-0.396,0.282,52,26,21,12.06,9.38,8.35,-1.856,1.0109,0.2273,Stable,Low,3,99
8484185,Nick Lardis,L,F,CHI,21.57,30.8,True,7.58,4.82,49.4,48.51,10.56,0.24586,0.15658,1.60335,1.57428,0.34264,1.1373,1.1373,12.67,12.67,1.0,17.54,13.54,negative regression,43.2,1.402,-83.44,-0.418,126.64,1.82,NR,,,1.26,,,0,0,41,,,12.67,0.0,0.0,0.0,Stable,Low,1,41
8482178,Ian Moore,D,D,ANA,25.08,39.7,True,2.49,5.76,43.16,26.89,50.14,0.06266,0.14515,1.08749,0.67747,1.26347,1.0772,1.0772,13.67,13.69,1.0019,6.06,5.69,neutral,43.02,1.084,-78.06,-0.63,121.08,1.714,NR,,0.883,0.99,,0.107,0,3,67,,13.64,13.67,0.029,0.458,0.4338,Volatile,Low,2,70
8483630,Pavol Regenda,L,F,ANA,27.15,26.4,True,7.84,2.02,48.93,67.46,9.82,0.29638,0.07649,1.85089,2.55157,0.37136,1.0168,1.0168,13.15,13.97,1.0622,21.43,13.57,negative regression,42.97,1.625,-83.67,-0.195,126.64,1.82,NR,1.0,,1.654,,,5,0,24,11.56,,13.35,0.893,1.123,0.3301,Rising,Low,2,29
8484321,Nikolas Matinpalo,D,D,OTT,28.33,44.6,True,1.37,4.94,45.0,43.87,48.99,0.03062,0.11075,1.0083,0.98297,1.09781,1.0141,1.0141,14.22,16.36,1.15,0.0,4.59,positive regression,42.81,0.959,-78.27,-0.755,121.08,1.714,D,0.45,0.685,0.842,0.235,0.157,4,41,50,7.0,12.61,15.63,4.312,-0.311,0.2984,Volatile,Low,3,95
8481567,Henry Thrun,D,D,WPG,25.89,43.8,True,1.93,6.69,38.11,27.17,50.46,0.04411,0.15272,0.86982,0.62016,1.15179,1.0594,1.0594,18.31,16.48,0.9,0.0,5.43,positive regression,42.71,0.975,-78.37,-0.739,121.08,1.714,D,1.083,0.975,0.65,-0.108,-0.325,51,60,4,20.0,17.51,14.86,-2.569,-0.313,0.1532,Declining,Low,3,115
8478043,Sam Lafferty,C,F,FLA,31.91,56.9,True,4.73,4.08,36.92,83.0,14.06,0.08318,0.07178,0.64913,1.45938,0.24719,0.9147,0.9147,10.34,9.31,0.9,11.11,12.81,neutral,42.64,0.75,-84.0,-1.07,126.64,1.82,D,1.314,0.723,0.469,-0.591,-0.254,79,60,29,11.88,9.88,8.6,-1.641,-1.6818,0.1915,Declining,Medium,3,168
8478502,Dennis Gilbert,D,D,BUF,30.26,34.1,True,0.73,6.43,16.52,63.08,46.89,0.02146,0.18832,0.48409,1.84863,1.37394,0.9841,0.992,11.53,11.72,1.0161,0.0,5.36,positive regression,42.61,1.249,-78.47,-0.465,121.08,1.714,NR,1.276,1.226,1.0,-0.05,-0.226,34,29,8,12.28,10.48,12.69,0.203,-0.7532,0.1522,Stable,Low,3,71
8483733,Nikita Grebenkin,R,F,PHI,23.75,36.9,True,3.51,7.99,27.63,72.87,13.8,0.09509,0.21619,0.74815,1.97281,0.37372,1.0848,1.0848,11.05,12.71,1.15,12.5,12.53,neutral,42.55,1.152,-84.09,-0.668,126.64,1.82,NR,,0.464,0.926,,0.462,0,7,55,,8.75,11.29,2.539,1.74,0.2316,Rising,Low,2,62
8484142,Denver Barkey,C,F,PHI,21.77,31.4,True,4.57,10.0,37.0,35.9,15.83,0.14522,0.31796,1.17701,1.14183,0.50364,1.1325,1.1325,13.41,13.41,1.0,11.63,12.48,neutral,42.4,1.349,-84.24,-0.471,126.64,1.82,NR,,,1.156,,,0,0,43,,,13.41,0.0,0.0,0.0,Stable,Low,1,43
8483447,Conor Geekie,C,F,TBL,22.74,35.4,True,4.87,4.73,37.84,69.45,16.56,0.13766,0.13384,1.06961,1.96333,0.46802,1.1085,1.1085,11.71,10.54,0.9,10.0,12.68,positive regression,42.2,1.193,-84.44,-0.627,126.64,1.82,NR,,1.195,1.086,,-0.109,0,52,14,,12.32,9.89,-2.432,0.7664,0.1377,Stable,Low,2,66
8475825,Jani Hakanpää,D,D,DAL,34.84,30.5,True,0.95,3.7,20.81,72.88,48.1,0.03108,0.12123,0.68215,2.38936,1.57705,0.8382,0.9191,18.46,16.62,0.9,0.0,5.27,positive regression,41.97,1.376,-79.11,-0.338,121.08,1.714,NR,1.713,0.95,,-0.763,,64,2,0,18.65,14.08,,-4.563,-1.4656,0.4017,Declining,Low,2,66
8479415,Michael McLeod,C,F,NJD,28.99,26.4,True,5.64,5.56,42.64,57.15,12.82,0.21345,0.21024,1.61277,2.16175,0.48489,0.9882,0.9882,15.14,15.14,1.0,13.7,12.87,neutral,41.94,1.586,-84.7,-0.234,126.64,1.82,NR,1.608,,,,,45,0,0,15.14,,,0.0,0.0,0.0,Stable,Low,1,45
8475797,Jarred Tinordi,D,D,CHI,34.95,27.8,True,0.5,4.25,15.36,80.9,45.51,0.0181,0.15306,0.55361,2.91546,1.64015,0.8325,0.9163,15.65,15.65,1.0,0.0,5.04,positive regression,41.79,1.506,-79.29,-0.208,121.08,1.714,NR,1.642,,,,,52,0,0,15.65,,,0.0,0.0,0.0,Stable,Low,1,52
8482131,Donovan Sebrango,D,D,FLA,25.05,31.6,True,0.92,7.47,30.8,68.31,29.76,0.02905,0.23623,0.97395,2.16009,0.941,1.0779,1.0779,14.93,17.17,1.15,0.0,5.03,positive regression,41.74,1.32,-79.34,-0.394,121.08,1.714,NR,,0.0,1.037,,1.037,0,2,42,,10.31,15.1,4.796,4.1191,1.0,Rising,Low,2,44
8470600,Ryan Suter,D,D,DAL,42.03,53.9,False,1.15,5.71,32.22,30.6,56.49,0.02128,0.10601,0.59808,0.56797,1.04851,0.6,0.7625,19.24,19.73,1.0253,3.23,4.4,neutral,41.58,0.772,-79.5,-0.942,121.08,1.714,D,1.193,0.96,,-0.233,,82,82,0,18.94,19.47,,0.531,-0.8209,0.2054,Stable,Medium,2,164
8477971,Andreas Englund,D,D,CGY,31.03,43.1,True,0.91,3.61,19.77,84.82,40.88,0.02106,0.08386,0.45906,1.96976,0.94941,0.9721,0.986,13.07,11.76,0.9,0.0,5.23,positive regression,41.47,0.963,-79.61,-0.751,121.08,1.714,D,1.096,1.061,0.483,-0.035,-0.578,82,35,3,13.22,13.26,8.82,-2.202,-0.843,0.1879,Declining,Low,3,120
8482482,Adam Wilsby,D,D,NSH,26.49,41.9,True,1.65,9.9,46.42,23.39,33.32,0.0394,0.23647,1.10853,0.55861,0.79573,1.0472,1.0472,17.27,16.27,0.9421,1.69,4.74,positive regression,41.46,0.99,-79.62,-0.724,121.08,1.714,D,,0.978,0.955,,-0.023,0,23,58,,18.1,17.01,-1.091,0.1266,0.1422,Stable,Low,2,81
8485512,Tim Washe,C,F,ANA,25.44,30.7,True,3.21,3.48,33.36,84.3,22.65,0.10463,0.11339,1.08723,2.74698,0.73794,1.0482,1.0482,11.88,13.66,1.15,6.06,11.78,positive regression,41.43,1.35,-85.21,-0.47,126.64,1.82,NR,,0.55,1.036,,0.486,0,2,39,,7.73,12.05,4.319,0.8897,0.5719,Rising,Low,2,41
8478115,Pierre Engvall,L,F,NYI,30.67,47.4,False,6.21,7.29,65.44,23.94,9.78,0.13107,0.15387,1.38138,0.5053,0.20649,0.9522,0.9522,13.47,12.13,0.9,8.6,10.53,neutral,41.38,0.873,-85.26,-0.947,126.64,1.82,D,1.07,0.872,,-0.198,,74,62,0,15.32,11.82,,-3.508,0.2387,0.2527,Volatile,Medium,2,136
8479543,Michael Pezzetta,L,F,TOR,28.89,38.5,True,1.93,3.3,21.81,122.07,13.91,0.05015,0.08572,0.56644,3.17078,0.36119,0.9898,0.9898,7.05,6.44,0.9139,0.0,11.23,positive regression,41.36,1.074,-85.28,-0.746,126.64,1.82,NR,1.383,0.766,0.817,-0.617,0.051,61,25,9,7.8,5.93,6.47,-0.662,-1.5356,0.0637,Declining,Low,3,95
8475181,Nick Leddy,D,D,STL,35.87,51.1,True,1.55,8.04,28.39,16.56,53.19,0.0304,0.1573,0.55536,0.32384,1.04036,0.7856,0.8928,20.14,18.13,0.9,6.25,5.48,neutral,41.36,0.809,-79.72,-0.905,121.08,1.714,D,1.347,0.702,0.9,-0.645,0.198,82,31,32,22.36,18.67,17.87,-2.246,-0.2961,0.3511,Declining,Low,3,145
8479968,Vinni Lettieri,C,F,TOR,31.99,33.1,True,4.98,3.45,50.61,56.83,20.74,0.15031,0.10402,1.52794,1.7157,0.626,0.9123,0.9123,11.28,12.97,1.15,5.77,11.34,positive regression,41.34,1.248,-85.3,-0.572,126.64,1.82,NR,0.937,1.323,,0.386,,46,26,0,9.59,13.52,,3.932,0.008,0.1604,Rising,Low,2,72
8482172,Landon Slaggert,L,F,CHI,24.61,45.8,True,4.03,5.2,45.0,57.83,20.31,0.08799,0.1134,0.98219,1.26241,0.44339,1.0656,1.0656,11.15,10.83,0.9708,6.38,10.89,positive regression,41.28,0.901,-85.36,-0.919,126.64,1.82,D,0.869,0.747,0.816,-0.122,0.069,16,33,53,11.27,12.31,10.55,-0.356,0.006,0.2376,Stable,Low,3,102
8483513,Reid Schaefer,L,F,NSH,23.37,32.7,True,4.47,2.24,31.25,80.88,22.68,0.13663,0.06851,0.95589,2.47423,0.69376,1.0935,1.0935,9.64,9.64,1.0,15.38,13.0,negative regression,41.09,1.257,-85.55,-0.563,126.64,1.82,NR,,,1.127,,,0,0,47,,,9.64,0.0,0.0,0.0,Stable,Low,1,47
8477839,Conor Sheary,L,F,BUF,34.65,49.3,True,4.93,7.84,49.8,15.78,25.03,0.09987,0.15896,1.00994,0.32001,0.50757,0.7969,0.7969,12.97,14.34,1.1059,8.64,11.09,positive regression,41.0,0.831,-85.64,-0.989,126.64,1.82,D,0.843,0.24,0.962,-0.603,0.722,57,5,62,11.1,11.33,14.1,1.498,-0.2306,0.2727,Volatile,Low,3,124
8483570,Ben Meyers,C,F,SEA,28.21,40.6,True,5.13,5.95,44.18,56.47,10.3,0.12635,0.14666,1.08924,1.39215,0.25397,1.0006,1.0006,11.27,12.11,1.0744,11.48,12.1,neutral,40.7,1.003,-85.94,-0.817,126.64,1.82,C,0.637,0.344,1.024,-0.293,0.68,23,8,52,10.11,8.35,11.94,0.915,0.6831,0.1884,Rising,Low,3,83
8480172,Jan Rutta,D,D,SJS,36.51,44.4,True,1.88,4.85,30.65,30.57,54.13,0.04231,0.10916,0.68971,0.68786,1.21816,0.753,0.8765,18.46,16.62,0.9,5.45,5.94,neutral,40.69,0.916,-80.39,-0.798,121.08,1.714,D,1.357,1.104,,-0.253,,69,54,0,19.72,17.26,,-2.465,-0.2917,0.0597,Declining,Low,2,123
8479022,Rodrigo Abols,C,F,PHI,31.08,36.6,True,4.09,6.41,41.72,44.65,21.66,0.11169,0.17513,1.13913,1.21901,0.59148,0.9396,0.9396,10.11,11.32,1.1188,6.98,11.5,positive regression,40.57,1.108,-86.07,-0.712,126.64,1.82,NR,,0.975,0.98,,0.005,0,22,42,,9.19,10.5,1.311,-0.7675,0.0484,Stable,Low,2,64
8479976,Juuso Välimäki,D,D,CAR,28.32,41.5,True,1.7,5.96,37.36,30.37,47.11,0.04086,0.14373,0.90034,0.73171,1.13518,1.0142,1.0142,17.93,16.14,0.9,5.0,5.08,neutral,40.51,0.976,-80.57,-0.738,121.08,1.714,D,1.208,0.843,,-0.365,,68,43,0,19.09,16.55,,-2.541,-0.7405,0.1236,Declining,Low,2,111
8483752,Dominic James,C,F,TBL,24.58,31.4,True,5.63,6.56,44.43,45.07,10.4,0.17896,0.20861,1.41344,1.43361,0.33072,1.0662,1.0662,12.24,12.24,1.0,12.5,12.61,neutral,40.41,1.285,-86.23,-0.535,126.64,1.82,NR,,,1.176,,,0,0,43,,,12.24,0.0,0.0,0.0,Stable,Low,1,43
8480887,Jordan Harris,D,D,BOS,26.57,39.2,True,1.94,6.98,29.37,22.88,48.77,0.04952,0.17788,0.74831,0.58281,1.24257,1.0456,1.0456,14.92,14.2,0.9517,8.33,6.01,negative regression,40.41,1.03,-80.67,-0.684,121.08,1.714,NR,1.147,0.821,1.194,-0.326,0.373,56,33,8,17.47,11.39,15.9,-0.787,0.2827,0.3338,Volatile,Low,3,97
8481655,Cole Schwindt,R,F,FLA,25.77,38.3,True,4.55,5.85,37.71,52.9,17.94,0.11888,0.15269,0.98428,1.3807,0.46824,1.0416,1.0416,9.51,10.94,1.15,20.0,12.2,negative regression,40.4,1.054,-86.24,-0.766,126.64,1.82,NR,0.375,0.749,0.979,0.374,0.23,4,42,29,6.79,9.26,10.04,1.623,1.2704,0.1538,Rising,Low,3,75
8480870,Bo Groulx,C,F,TOR,26.99,30.5,True,3.41,3.48,31.53,80.85,20.79,0.11189,0.11408,1.03378,2.65085,0.68171,1.0192,1.0192,13.33,14.93,1.1205,20.0,11.64,negative regression,40.22,1.319,-86.42,-0.501,126.64,1.82,NR,0.856,,1.55,,,45,0,13,12.19,,15.69,1.752,0.8576,0.1752,Rising,Low,2,58
8484197,Oliver Moore,C,F,CHI,22.03,36.2,True,4.4,11.42,44.1,20.52,9.97,0.12163,0.31571,1.2187,0.56707,0.27551,1.1262,1.1262,12.93,12.26,0.9478,8.77,11.54,positive regression,40.15,1.109,-86.49,-0.711,126.64,1.82,NR,,1.044,0.963,,-0.081,0,9,51,,13.58,12.84,-0.736,-0.1172,0.1107,Declining,Low,2,60
8476822,Luke Glendening,C,F,TBL,37.76,74.3,False,3.37,2.76,32.09,63.76,32.94,0.04539,0.03709,0.43177,0.85793,0.44324,0.6392,0.6392,10.91,10.42,0.9547,4.0,11.66,positive regression,39.97,0.538,-86.67,-1.282,126.64,1.82,D,0.899,0.798,0.856,-0.101,0.058,81,77,70,11.62,10.79,10.54,-0.539,0.1169,0.0602,Stable,High,3,228
8480058,Pierre-Olivier Joseph,D,D,PIT,27.59,49.2,True,1.53,6.37,39.15,36.08,40.2,0.0311,0.12949,0.79591,0.7336,0.81719,1.0264,1.0264,14.6,13.78,0.9441,4.55,4.84,neutral,39.77,0.809,-81.31,-0.905,121.08,1.714,D,0.935,0.651,0.845,-0.284,0.194,52,47,31,15.09,15.26,13.3,-0.89,0.047,0.1286,Stable,Low,3,130
8482408,Jeff Malott,L,F,ANA,30.49,39.1,True,2.75,3.77,33.04,89.27,16.3,0.07022,0.09626,0.84459,2.28172,0.41649,0.9578,0.9578,9.03,8.12,0.9,5.56,10.91,positive regression,39.66,1.014,-86.98,-0.806,126.64,1.82,NR,,0.808,1.134,,0.326,0,12,58,,10.28,8.82,-1.456,2.9924,0.1962,Stable,Low,2,70
8475177,Calvin de Haan,D,D,TBL,35.74,40.8,True,1.13,4.43,30.06,51.49,45.17,0.0277,0.10856,0.7366,1.26155,1.10677,0.7923,0.8961,15.77,14.26,0.9041,0.0,4.82,positive regression,39.52,0.968,-81.56,-0.746,121.08,1.714,D,1.234,1.189,,-0.045,,59,47,0,16.62,14.97,,-1.651,0.3125,0.0247,Stable,Low,2,106
8481059,Scott Perunovich,D,D,LAK,28.46,36.9,True,1.23,10.2,24.27,19.95,40.01,0.03341,0.27659,0.65805,0.54092,1.08494,1.0121,1.0121,15.61,16.29,1.0432,11.11,5.34,negative regression,39.39,1.068,-81.69,-0.646,121.08,1.714,NR,1.027,0.947,,-0.08,,54,35,0,15.27,16.01,,0.735,-0.484,0.0828,Stable,Low,2,89
8477979,Nicolas Aube-Kubel,R,F,WSH,30.73,36.6,True,3.3,5.34,31.99,75.7,13.23,0.09021,0.14579,0.87353,2.06698,0.36126,0.9504,0.9504,11.33,11.05,0.9761,0.0,11.66,positive regression,39.19,1.07,-87.45,-0.75,126.64,1.82,NR,1.277,0.693,1.15,-0.584,0.457,60,22,6,12.21,9.42,11.62,-0.295,-0.1675,0.4392,Volatile,Low,3,88
8482144,Jack Thompson,D,D,VAN,24.87,26.3,True,2.79,5.5,37.9,13.99,48.09,0.1062,0.20902,1.44036,0.53177,1.82775,1.082,1.082,15.78,15.89,1.0069,9.76,6.18,negative regression,39.15,1.488,-81.93,-0.226,121.08,1.714,NR,0.817,1.434,,0.617,,3,31,0,15.67,15.79,,0.118,2.3219,0.4099,Volatile,Low,2,34
8481056,Spencer Stastney,D,D,EDM,27.08,48.1,True,1.92,6.2,38.66,11.21,51.1,0.04,0.12886,0.80342,0.23302,1.0618,1.0356,1.0356,15.69,15.47,0.986,3.57,5.49,neutral,39.08,0.812,-82.0,-0.902,121.08,1.714,D,0.96,0.728,0.743,-0.232,0.015,20,23,66,15.98,16.18,15.5,-0.24,-0.3638,0.3223,Volatile,Low,3,109
8477353,Tyler Motte,C,F,TBL,31.9,44.7,False,3.99,2.92,45.39,50.52,27.38,0.0893,0.06535,1.01574,1.13051,0.61278,0.915,0.915,11.86,10.83,0.9127,6.06,10.42,positive regression,38.86,0.87,-87.78,-0.95,126.64,1.82,D,0.909,1.029,,0.12,,69,55,0,12.44,11.31,,-1.129,1.0757,0.1236,Stable,Low,2,124
8480084,Nick DeSimone,D,D,UTA,32.2,41.9,True,2.15,7.02,37.74,26.26,37.08,0.05141,0.16766,0.90133,0.627,0.88544,0.936,0.968,14.3,14.64,1.0235,5.71,5.7,neutral,38.73,0.925,-82.35,-0.789,121.08,1.714,D,1.065,1.04,0.823,-0.025,-0.217,34,20,40,13.48,15.58,14.21,0.366,-0.6333,0.2883,Volatile,Low,3,94
8480821,Filip Zadina,R,F,SJS,27.18,31.5,False,6.45,4.88,60.65,24.99,12.6,0.20465,0.15493,1.92525,0.79323,0.40003,1.0163,1.0163,13.34,13.34,1.0,9.49,11.52,positive regression,38.72,1.229,-87.92,-0.591,126.64,1.82,NR,1.144,,,,,72,0,0,13.34,,,0.0,0.0,0.0,Stable,Low,1,72
8474673,TJ Brodie,D,D,TOR,36.66,46.1,True,0.89,7.4,17.66,15.49,56.99,0.01919,0.16036,0.3829,0.33581,1.23566,0.7453,0.8727,18.8,16.92,0.9,8.7,5.3,negative regression,38.56,0.836,-82.52,-0.878,121.08,1.714,D,1.425,0.795,,-0.63,,78,54,0,21.72,15.63,,-6.089,-0.8834,0.1381,Declining,Low,2,132
8485702,Maxim Shabanov,R,F,MIN,26.32,31.8,True,4.57,9.68,42.47,20.8,12.09,0.14395,0.30498,1.33758,0.65508,0.3807,1.0312,1.0312,13.68,13.68,1.0,8.93,11.95,positive regression,38.43,1.21,-88.21,-0.61,126.64,1.82,NR,,,1.111,,,0,0,44,,,13.68,0.0,0.0,0.0,Stable,Low,1,44
8484800,Berkly Catton,C,F,SEA,21.05,38.6,False,5.67,7.1,53.36,6.55,20.26,0.14667,0.18389,1.3815,0.16952,0.52445,1.1498,1.1498,12.94,12.94,1.0,8.97,11.76,positive regression,38.39,0.994,-88.25,-0.826,126.64,1.82,NR,,,0.8,,,0,0,66,,,12.94,0.0,0.0,0.0,Stable,Low,1,66
8475762,Derek Forbort,D,D,BOS,34.91,38.7,True,0.94,4.42,20.56,45.49,50.36,0.02417,0.11418,0.53151,1.17582,1.30182,0.8346,0.9173,17.23,15.5,0.9,0.0,5.2,positive regression,38.31,0.99,-82.77,-0.724,121.08,1.714,NR,1.304,1.172,0.975,-0.132,-0.197,35,54,2,17.79,17.1,13.93,-1.931,-0.0996,0.2202,Declining,Low,3,91
8480871,Adam Boqvist,D,D,CBJ,26.46,42.1,True,2.09,9.05,39.54,15.02,33.16,0.04963,0.21505,0.93996,0.35711,0.7884,1.0478,1.0478,14.87,13.38,0.9,0.0,5.46,positive regression,38.28,0.91,-82.8,-0.804,121.08,1.714,D,1.119,1.093,0.671,-0.026,-0.422,35,35,28,18.28,14.07,13.1,-2.594,-0.2973,0.2189,Declining,Low,3,98
8481592,Jakob Pelletier,L,F,TBL,25.91,34.2,True,4.61,7.64,37.25,35.66,13.87,0.13445,0.22318,1.08757,1.04127,0.40498,1.0388,1.0388,11.0,11.03,1.003,0.0,12.49,positive regression,38.25,1.117,-88.39,-0.703,126.64,1.82,NR,0.723,1.146,0.65,0.423,-0.496,13,49,5,9.27,11.56,9.34,0.036,-0.2527,0.3914,Volatile,Low,3,67
8484230,Otto Stenberg,C,F,STL,21.68,28.0,True,3.75,7.23,32.49,48.19,14.97,0.13395,0.25831,1.16052,1.72116,0.53472,1.1347,1.1347,13.62,13.62,1.0,9.68,12.31,positive regression,38.1,1.361,-88.54,-0.459,126.64,1.82,NR,,,1.131,,,0,0,32,,,13.62,0.0,0.0,0.0,Stable,Low,1,32
8481042,Nikolai Kovalenko,R,F,COL/SJS,27.29,32.2,False,3.95,7.65,27.39,47.95,13.89,0.12255,0.23721,0.84942,1.48687,0.43067,1.0147,1.0147,12.34,12.34,1.0,15.56,13.08,negative regression,37.94,1.176,-88.7,-0.644,126.64,1.82,NR,,1.148,,,,0,57,0,,12.34,,0.0,0.0,0.0,Stable,Low,1,57
8480884,Calen Addison,D,D,MIN/SJS,26.81,31.5,False,1.27,7.41,42.38,22.37,38.14,0.04024,0.23531,1.34533,0.71009,1.21069,1.0408,1.0408,17.27,17.27,1.0,1.08,4.44,positive regression,37.83,1.201,-83.25,-0.513,121.08,1.714,NR,1.092,,,,,72,0,0,17.27,,,0.0,0.0,0.0,Stable,Low,1,72
8483505,Matthew Poitras,C,F,BOS,22.9,33.4,True,4.3,10.06,40.53,15.09,13.75,0.12887,0.30142,1.21445,0.45216,0.41201,1.1045,1.1045,13.15,12.57,0.9554,12.5,11.8,neutral,37.6,1.127,-89.04,-0.693,126.64,1.82,NR,1.202,0.826,1.3,-0.376,0.474,33,33,3,13.4,13.09,12.12,-0.639,0.5279,0.5441,Volatile,Low,3,69
8477931,Tomas Nosek,L,F,NJD,34.42,46.1,True,2.8,5.21,32.06,62.01,19.62,0.06075,0.11307,0.69605,1.34625,0.42597,0.8086,0.8086,11.3,12.36,1.0935,25.0,10.66,negative regression,37.49,0.814,-89.15,-1.006,126.64,1.82,D,0.814,0.781,1.076,-0.033,0.295,36,59,21,11.81,9.82,14.11,1.153,0.2199,0.1845,Rising,Low,3,116
8482132,Brett Berard,L,F,MTL,24.4,30.8,True,4.78,3.17,45.95,46.8,19.7,0.15524,0.10298,1.49114,1.51873,0.63935,1.0702,1.0702,10.66,10.5,0.9851,0.0,11.78,positive regression,37.47,1.216,-89.17,-0.604,126.64,1.82,NR,,1.27,0.619,,-0.651,0,35,13,,10.71,10.54,-0.173,-3.5872,0.0844,Stable,Low,2,48
8475235,Nicolas Deslauriers,L,F,CAR,35.94,46.7,True,1.93,2.11,26.52,113.49,10.7,0.04131,0.04522,0.56798,2.4309,0.22914,0.7311,0.7311,8.14,8.33,1.0224,0.0,10.11,positive regression,37.44,0.802,-89.2,-1.018,126.64,1.82,D,0.98,0.948,1.055,-0.032,0.107,60,31,31,8.15,7.63,8.55,0.199,0.0947,0.1225,Stable,Low,3,122
8477384,Joshua Brown,D,D,EDM,33.03,30.1,True,1.24,3.51,22.09,55.16,43.55,0.04127,0.11686,0.73481,1.83474,1.44854,0.9111,0.9555,14.31,12.88,0.9,0.0,5.68,positive regression,37.34,1.242,-83.74,-0.472,121.08,1.714,NR,1.475,1.335,,-0.14,,51,10,0,14.75,12.61,,-2.141,0.3505,0.0862,Stable,Low,2,61
8477406,Mattias Janmark,C,F,EDM,34.15,64.8,True,2.92,8.93,38.2,28.47,18.72,0.04514,0.13792,0.5899,0.43977,0.28914,0.8224,0.8224,12.48,12.47,0.9986,4.17,9.84,positive regression,37.22,0.575,-89.42,-1.245,126.64,1.82,D,0.672,0.711,0.527,0.039,-0.184,71,80,43,11.89,13.3,11.86,-0.018,-0.3618,0.3005,Volatile,Medium,3,194
8475750,Jon Merrill,D,D,MIN,35.0,47.7,False,1.81,3.69,29.18,27.92,51.4,0.03798,0.07733,0.61186,0.58546,1.07791,0.83,0.915,13.56,14.76,1.0889,4.26,5.97,neutral,37.11,0.778,-83.97,-0.936,121.08,1.714,D,0.802,0.786,,-0.016,,65,70,0,12.78,14.1,,1.314,-0.4218,0.074,Stable,Medium,2,135
8475225,Craig Smith,C,F,DAL,37.41,46.8,False,5.49,4.83,51.07,27.79,15.67,0.11736,0.10321,1.09086,0.59363,0.3348,0.6571,0.6571,10.79,11.82,1.0953,10.0,11.41,neutral,36.94,0.789,-89.7,-1.031,126.64,1.82,D,0.973,1.136,,0.163,,75,59,0,10.22,11.34,,1.122,0.2975,0.0991,Rising,Low,2,134
8483466,Kevin Korchinski,D,D,CHI,22.62,40.3,True,2.32,5.4,43.09,12.97,42.75,0.05759,0.13386,1.06882,0.32167,1.0605,1.1361,1.1361,18.07,16.27,0.9,0.0,5.56,positive regression,36.76,0.912,-84.32,-0.802,121.08,1.714,D,0.959,0.681,0.723,-0.278,0.042,76,16,13,19.62,17.09,13.64,-2.989,0.1247,0.2816,Volatile,Low,3,105
8474149,Evgenii Dadonov,L,F,DAL,37.89,55.1,True,6.25,6.15,42.91,17.19,14.62,0.11351,0.11175,0.77934,0.31215,0.26553,0.6326,0.6326,12.86,11.7,0.9101,4.76,14.01,positive regression,36.72,0.667,-89.92,-1.153,126.64,1.82,D,1.259,1.386,0.448,0.127,-0.938,51,80,24,13.18,13.53,10.65,-1.261,-1.605,0.2293,Declining,Low,3,155
8482470,Ilya Solovyov,D,D,PIT,26.54,30.5,True,1.09,6.96,25.02,37.81,35.84,0.03587,0.22836,0.82038,1.23956,1.17499,1.0462,1.0462,13.51,12.16,0.9,4.35,5.27,neutral,36.49,1.197,-84.59,-0.517,121.08,1.714,NR,1.475,1.52,1.15,0.045,-0.37,10,5,30,15.89,15.67,12.75,-1.574,-0.0774,0.1796,Declining,Low,3,45
8483768,Victor Mancini,D,D,VAN,24.69,33.2,True,1.28,5.47,24.62,38.84,39.45,0.03851,0.16441,0.74047,1.16817,1.18657,1.0861,1.0861,14.53,13.09,0.901,0.0,5.58,positive regression,36.03,1.084,-85.05,-0.63,121.08,1.714,NR,,1.258,0.888,,-0.37,0,31,24,,15.3,13.73,-1.57,-1.055,0.0375,Declining,Low,2,55
8481206,John Ludvig,D,D,PIT,26.5,26.2,True,1.82,3.82,25.78,61.92,28.85,0.06955,0.14586,0.98437,2.36432,1.10152,1.047,1.047,12.09,13.13,1.0868,0.0,6.09,positive regression,35.72,1.364,-85.36,-0.35,121.08,1.714,NR,1.168,1.206,,0.038,,33,8,0,11.81,12.95,,1.144,-0.3481,0.1387,Stable,Low,2,41
8482624,Daniil Miromanov,D,D,VGK/CGY,29.56,33.8,True,2.24,5.19,42.63,12.69,41.21,0.06614,0.15345,1.26069,0.37542,1.21881,0.995,0.9975,18.55,17.22,0.9282,,5.52,neutral,35.61,1.053,-85.47,-0.661,121.08,1.714,NR,1.342,1.031,0.7,-0.311,-0.331,24,44,1,20.72,17.68,17.82,-1.453,-0.7637,0.5103,Declining,Low,3,69
8476934,Brock McGinn,L,F,ANA,33.0,29.0,True,3.46,3.83,30.39,53.21,21.76,0.11924,0.1321,1.04809,1.83494,0.75025,0.881,0.881,11.45,12.03,1.0504,13.33,12.03,neutral,35.48,1.223,-91.16,-0.597,126.64,1.82,NR,0.827,1.558,,0.731,,24,26,0,11.08,11.71,,0.63,3.5031,0.2799,Rising,Low,2,50
8480845,Rasmus Kupari,C,F,WPG,26.88,38.0,True,3.83,2.64,40.85,50.86,20.64,0.10079,0.06948,1.07501,1.33848,0.54307,1.0212,1.0212,9.97,10.99,1.1028,9.43,11.05,neutral,35.14,0.925,-91.5,-0.895,126.64,1.82,NR,0.5,0.825,,0.325,,28,59,0,9.14,10.26,,1.118,1.5456,0.1429,Rising,Low,2,87
8478452,Caleb Jones,D,D,PIT,29.66,26.4,True,0.81,4.96,25.12,42.76,39.29,0.03065,0.1881,0.9524,1.62107,1.48979,0.9934,0.9967,13.57,15.6,1.15,0.0,5.08,positive regression,35.13,1.332,-85.95,-0.382,121.08,1.714,NR,1.05,0.775,1.357,-0.275,0.582,25,6,7,12.21,12.57,17.17,2.481,-0.2092,0.2251,Stable,Low,3,38
8481161,Jake Christiansen,D,D,CBJ,27.39,49.8,True,1.04,4.75,35.36,34.75,39.02,0.02091,0.09543,0.71077,0.69852,0.78427,1.03,1.03,11.61,10.44,0.9,0.0,4.46,positive regression,35.11,0.706,-85.97,-1.008,121.08,1.714,D,0.942,0.793,0.57,-0.149,-0.223,12,68,40,13.22,12.54,10.04,-1.587,-0.4346,0.1442,Declining,Low,3,120
8483510,Elias Salomonsson,D,D,WPG,22.42,28.0,True,1.58,4.5,37.28,49.22,27.87,0.05635,0.16072,1.33137,1.75773,0.99533,1.1409,1.1409,17.96,17.96,1.0,2.7,5.3,positive regression,35.1,1.253,-85.98,-0.461,121.08,1.714,NR,,,1.031,,,0,0,32,,,17.96,0.0,0.0,0.0,Stable,Low,1,32
8482118,Sam Colangelo,R,F,ANA,25.1,29.4,True,6.14,1.95,34.97,50.66,12.33,0.20901,0.06633,1.19034,1.72451,0.41958,1.055,1.055,11.92,10.83,0.9086,14.29,14.29,neutral,34.89,1.188,-91.75,-0.632,126.64,1.82,NR,1.45,1.516,0.622,0.066,-0.894,3,32,9,12.56,12.49,10.18,-1.189,-1.6305,0.3992,Declining,Low,3,44
8482094,Daemon Hunt,D,D,MIN,24.72,30.5,True,0.71,5.97,22.58,22.7,47.03,0.02342,0.19583,0.74023,0.74428,1.54209,1.0854,1.0854,12.17,12.6,1.0348,0.0,5.12,positive regression,34.78,1.14,-86.3,-0.574,121.08,1.714,NR,0.842,1.0,0.972,0.158,-0.028,12,1,32,11.5,8.02,12.43,0.463,0.1509,0.5525,Volatile,Low,3,45
8482516,Matthew Kessel,D,D,NYI,26.61,41.6,True,1.45,3.97,26.87,33.14,43.46,0.03494,0.09535,0.64547,0.79617,1.044,1.0448,1.0448,14.04,12.64,0.9,10.0,5.47,negative regression,34.73,0.834,-86.35,-0.88,121.08,1.714,D,1.178,0.672,0.759,-0.506,0.087,39,29,29,16.79,13.14,12.54,-2.128,-0.2894,0.1183,Declining,Low,3,97
8474090,Brendan Smith,D,D,NJD,37.98,42.5,True,1.31,4.12,22.74,46.87,37.05,0.03086,0.09694,0.53503,1.10277,0.87183,0.679,0.8395,14.2,12.78,0.9,0.0,5.83,positive regression,34.56,0.813,-86.52,-0.901,121.08,1.714,D,1.472,0.931,0.717,-0.541,-0.214,63,32,15,16.1,13.21,11.08,-2.511,-0.8023,0.2234,Declining,Low,3,110
8477851,Jordan Oesterle,D,D,CGY,34.6,31.7,True,1.78,4.05,26.28,24.65,45.75,0.05633,0.12784,0.82945,0.77796,1.44371,0.8504,0.9252,15.99,16.25,1.0162,,5.96,neutral,34.53,1.09,-86.55,-0.624,121.08,1.714,NR,0.984,1.299,0.9,0.315,-0.399,22,37,1,13.52,17.15,14.08,0.283,-0.2669,0.2071,Stable,Low,3,60
8474157,Max Pacioretty,L,F,WSH,38.2,36.1,True,3.23,6.42,40.64,46.24,8.87,0.08957,0.17793,1.12682,1.28217,0.24591,0.6168,0.6168,13.95,13.1,0.9385,7.14,9.78,positive regression,34.53,0.958,-92.11,-0.862,126.64,1.82,NR,1.567,1.578,,0.011,,47,37,0,14.43,13.5,,-0.936,0.5022,0.1887,Stable,Low,2,84
8473446,Erik Johnson,D,D,BUF/PHI,38.87,39.6,True,1.59,1.41,24.31,62.13,37.49,0.04023,0.03559,0.61447,1.5705,0.94758,0.6336,0.8168,14.52,14.63,1.0073,5.41,6.12,neutral,34.49,0.872,-86.59,-0.842,121.08,1.714,NR,1.24,0.971,,-0.269,,67,36,0,14.47,14.59,,0.115,-1.1457,0.2365,Stable,Low,2,103
8481560,Arthur Kaliyev,R,F,LAK,25.6,31.7,True,5.72,5.15,58.45,19.02,7.53,0.18042,0.16238,1.84446,0.60019,0.2376,1.045,1.045,11.6,11.05,0.9528,0.0,11.06,positive regression,34.36,1.084,-92.28,-0.736,126.64,1.82,NR,1.032,0.911,1.05,-0.121,0.139,51,14,2,11.8,11.21,10.61,-0.597,0.3453,0.7554,Volatile,Low,3,67
8483491,Ivan Miroshnichenko,L,F,WSH,22.99,30.5,True,3.64,4.81,32.39,53.36,11.81,0.11945,0.15772,1.06183,1.74956,0.38713,1.1022,1.1022,10.32,9.29,0.9,16.67,11.95,negative regression,34.17,1.12,-92.47,-0.7,126.64,1.82,NR,1.25,0.944,1.015,-0.306,0.071,21,18,13,12.14,9.34,9.64,-1.25,0.0706,0.2267,Stable,Low,3,52
8476867,Brendan Gaunce,C,F,BOS,32.86,33.3,True,3.02,4.03,32.56,52.65,18.91,0.09062,0.12096,0.97733,1.58059,0.56757,0.8853,0.8853,11.42,11.5,1.0063,6.9,11.33,positive regression,34.11,1.024,-92.53,-0.796,126.64,1.82,NR,0.967,0.767,1.22,-0.2,0.453,24,12,25,11.74,9.69,11.9,0.079,0.6057,0.2038,Stable,Low,3,61
8481703,Valtteri Puustinen,R,F,PIT,27.66,31.0,True,3.95,6.79,39.79,22.14,16.05,0.12733,0.21899,1.28351,0.71408,0.51788,1.0091,1.0091,11.28,10.15,0.9,25.0,11.22,negative regression,34.09,1.1,-92.55,-0.72,126.64,1.82,NR,1.249,0.804,,-0.445,,52,13,0,11.75,9.89,,-1.855,-1.504,0.1244,Declining,Low,2,65
8477993,Justin Kirkland,C,F,MIN,30.5,29.9,True,2.54,5.35,18.27,56.75,19.66,0.08496,0.17908,0.61166,1.89963,0.65796,0.9575,0.9575,9.69,10.88,1.1229,9.09,12.76,positive regression,34.07,1.14,-92.57,-0.68,126.64,1.82,NR,0.75,1.379,0.723,0.629,-0.656,2,21,20,7.22,9.7,9.82,1.298,-0.9074,0.2586,Volatile,Low,3,43
8480025,MacKenzie Entwistle,R,F,FLA,27.55,30.6,False,3.23,3.35,31.75,63.09,14.81,0.10569,0.10966,1.03883,2.06422,0.48443,1.0107,1.0107,11.39,11.39,1.0,7.58,11.58,positive regression,34.05,1.114,-92.59,-0.706,126.64,1.82,NR,1.013,,,,,67,0,0,11.39,,,0.0,0.0,0.0,Stable,Low,1,67
8482747,Brennan Othmann,L,F,CGY,24.07,30.0,True,3.04,3.02,32.03,70.73,12.66,0.10133,0.10054,1.06759,2.35757,0.42211,1.0775,1.0775,9.94,10.37,1.0424,13.33,11.54,neutral,33.99,1.133,-92.65,-0.687,126.64,1.82,NR,0.817,0.775,1.018,-0.042,0.243,3,22,19,9.08,9.97,10.0,0.46,0.3573,0.0907,Stable,Low,3,44
8480823,Alexander Alexeyev,D,D,PIT,27.21,27.3,True,1.02,2.18,20.91,39.03,50.55,0.03747,0.07984,0.76541,1.42906,1.85089,1.0332,1.0332,14.21,16.34,1.15,0.0,5.5,positive regression,33.95,1.243,-87.13,-0.471,121.08,1.714,NR,0.981,0.969,,-0.012,,39,8,0,13.7,16.07,,2.375,-0.6798,0.0657,Stable,Low,2,47
8482700,Nolan Allan,D,D,SJS,23.77,28.8,True,0.88,5.53,14.49,44.73,36.02,0.03072,0.19245,0.50398,1.55593,1.25276,1.1078,1.1078,15.13,15.13,1.0,5.88,5.7,neutral,33.79,1.175,-87.29,-0.539,121.08,1.714,NR,,1.024,,,,0,43,0,,15.13,,0.0,0.0,0.0,Stable,Low,1,43
8484938,Arttu Hyry,R,F,DAL,25.82,25.5,True,4.45,4.35,37.2,44.3,11.01,0.17469,0.17076,1.45885,1.73739,0.43165,1.0406,1.0406,11.33,13.03,1.15,12.5,12.39,neutral,33.73,1.323,-92.91,-0.497,126.64,1.82,NR,,0.82,1.055,,0.235,0,5,20,,9.08,11.78,2.693,-0.0414,0.3284,Volatile,Low,2,25
8475718,Justin Holl,D,D,WSH,35.01,46.2,True,1.2,4.09,21.63,32.88,43.63,0.02607,0.08849,0.46823,0.71181,0.9446,0.8295,0.9147,14.95,15.22,1.0181,14.29,5.52,negative regression,33.63,0.728,-87.45,-0.986,121.08,1.714,D,0.922,0.732,0.811,-0.19,0.079,38,73,9,15.08,14.79,15.67,0.295,-0.282,0.4263,Volatile,Low,3,120
8482765,Isak Rosen,R,F,WPG,23.89,32.9,True,5.19,4.63,40.19,17.32,19.16,0.158,0.14095,1.22242,0.52684,0.58273,1.0815,1.0815,11.0,12.33,1.1217,17.14,12.48,negative regression,33.54,1.02,-93.1,-0.8,126.64,1.82,NR,0.271,0.5,0.909,0.229,0.409,7,8,37,8.59,9.64,11.51,1.46,1.4231,0.4769,Rising,Low,3,52
8480196,Jacob Bryson,D,D,DET,29.21,52.4,True,1.2,6.98,21.04,16.05,40.62,0.02287,0.13328,0.40175,0.30637,0.7756,1.0006,1.0006,12.84,11.56,0.9,9.09,5.61,negative regression,33.45,0.639,-87.63,-1.075,121.08,1.714,D,0.893,0.716,0.585,-0.177,-0.131,36,48,50,14.68,14.39,10.86,-1.907,-0.2098,0.1558,Declining,Low,3,134
8484177,Lenni Hameenaho,R,F,NJD,22.23,28.3,True,3.88,6.17,45.9,20.15,15.45,0.13699,0.21805,1.62117,0.71186,0.54552,1.1213,1.1213,12.18,12.18,1.0,4.26,11.31,positive regression,33.34,1.178,-93.3,-0.642,126.64,1.82,NR,,,0.898,,,0,0,33,,,12.18,0.0,0.0,0.0,Stable,Low,1,33
8482652,Walker Duehr,R,F,WPG,29.19,32.4,True,2.81,3.42,25.14,65.64,16.26,0.08662,0.10535,0.77514,2.02361,0.5013,0.9851,0.9851,8.49,9.13,1.0746,0.0,12.02,positive regression,33.34,1.028,-93.3,-0.792,126.64,1.82,NR,0.845,0.95,1.0,0.105,0.05,40,24,3,8.12,8.8,9.5,0.691,0.0348,0.2389,Rising,Low,3,67
8484388,Daniil But,L,F,UTA,21.96,27.1,True,4.54,4.81,45.87,17.92,18.79,0.16771,0.17759,1.69494,0.66228,0.69425,1.128,1.128,12.47,12.47,1.0,6.98,11.8,positive regression,33.33,1.231,-93.31,-0.589,126.64,1.82,NR,,,0.964,,,0,0,29,,,12.47,0.0,0.0,0.0,Stable,Low,1,29
8474031,Kevin Shattenkirk,D,D,BOS,38.01,29.4,False,1.74,5.83,25.54,25.57,34.46,0.05913,0.19809,0.86758,0.86872,1.17057,0.6775,0.8387,15.78,15.78,1.0,7.69,6.17,neutral,33.23,1.129,-87.85,-0.585,121.08,1.714,NR,1.525,,,,,61,0,0,15.78,,,0.0,0.0,0.0,Stable,Low,1,61
8481609,Vladislav Kolyachonok,D,D,NJD,25.69,31.8,True,2.03,6.26,24.91,22.84,32.46,0.06378,0.19709,0.78469,0.71947,1.02226,1.0638,1.0638,12.84,12.87,1.0024,8.33,6.35,neutral,33.1,1.043,-87.98,-0.671,121.08,1.714,NR,2.03,0.879,0.95,-1.151,0.071,5,35,13,12.47,13.02,12.54,0.034,-2.61,0.2148,Stable,Low,3,53
8482103,Ozzy Wiesblatt,C,F,NSH,24.9,31.8,True,1.91,3.86,21.55,76.08,14.38,0.06012,0.12146,0.67864,2.39611,0.45279,1.0592,1.0592,10.27,9.42,0.918,4.0,11.68,positive regression,33.08,1.042,-93.56,-0.778,126.64,1.82,NR,,1.15,0.951,,-0.199,0,5,40,,11.1,10.18,-0.918,-0.6107,0.0619,Declining,Low,2,45
8482666,Scott Morrow,D,D,NYR,24.25,30.9,True,1.27,7.62,35.05,11.45,32.92,0.04111,0.24626,1.13302,0.37024,1.06416,1.0962,1.0962,15.78,14.54,0.9212,0.0,5.02,positive regression,33.04,1.068,-88.04,-0.646,121.08,1.714,NR,0.9,1.368,0.86,0.468,-0.508,2,14,29,18.38,15.8,15.67,-1.357,0.1785,0.1928,Stable,Low,3,45
8483676,Stephen Halliday,C,F,OTT,24.59,27.4,True,4.27,7.03,34.39,29.52,8.16,0.15615,0.25696,1.25631,1.07839,0.29801,1.066,1.066,8.51,8.51,1.0,11.76,12.53,neutral,33.02,1.206,-93.62,-0.614,126.64,1.82,NR,,,1.08,,,0,0,30,,,8.51,0.0,0.0,0.0,Stable,Low,1,30
8481732,Andre Lee,L,F,LAK,26.52,24.9,True,3.17,4.11,27.2,56.94,14.11,0.12726,0.16481,1.09064,2.28328,0.56567,1.0276,1.0276,9.52,10.54,1.1071,20.0,12.3,negative regression,32.92,1.32,-93.72,-0.5,126.64,1.82,NR,,0.968,1.243,,0.275,0,19,7,,9.17,10.28,1.112,0.9162,0.1127,Rising,Low,2,26
8480184,Gustav Lindström,D,D,MTL/ANA,28.29,26.6,True,1.47,4.51,18.5,36.6,37.11,0.05523,0.16925,0.69478,1.37482,1.39384,1.0147,1.0147,15.4,15.4,1.0,10.34,6.17,negative regression,32.79,1.231,-88.29,-0.483,121.08,1.714,NR,1.207,,,,,46,0,0,15.4,,,0.0,0.0,0.0,Stable,Low,1,46
8482877,Jaroslav Chmelar,R,F,NYR,23.54,26.8,True,3.95,2.91,26.06,54.12,16.58,0.14748,0.10881,0.9743,2.02334,0.61966,1.0896,1.0896,9.15,9.15,1.0,17.39,13.03,negative regression,32.79,1.226,-93.85,-0.594,126.64,1.82,NR,,,1.095,,,0,0,28,,,9.15,0.0,0.0,0.0,Stable,Low,1,28
8476918,Jimmy Vesey,L,F,NYR,33.69,43.8,True,4.94,4.39,40.29,32.34,10.8,0.1129,0.1004,0.92087,0.73918,0.2468,0.8458,0.8458,11.66,10.49,0.9,13.89,12.33,neutral,32.76,0.749,-93.88,-1.071,126.64,1.82,D,1.134,0.709,,-0.425,,80,43,0,12.38,10.65,,-1.729,-1.4993,0.0843,Declining,Low,2,123
8480789,Oliver Wahlstrom,R,F,NYI,26.64,34.8,True,3.57,3.44,42.44,30.01,22.75,0.10263,0.0989,1.22131,0.86349,0.65465,1.0255,1.0255,10.53,9.75,0.9265,5.56,10.6,positive regression,32.62,0.939,-94.02,-0.881,126.64,1.82,NR,0.964,0.835,,-0.129,,32,43,0,11.07,10.23,,-0.844,-0.3267,0.0845,Declining,Low,2,75
8483756,Jared Wright,R,F,LAK,24.19,25.2,True,2.67,5.21,38.57,31.88,20.73,0.10616,0.20682,1.53113,1.26561,0.82289,1.0748,1.0748,11.43,11.43,1.0,0.0,11.2,positive regression,32.58,1.293,-94.06,-0.527,126.64,1.82,NR,,,0.978,,,0,0,23,,,11.43,0.0,0.0,0.0,Stable,Low,1,23
8483497,Jani Nyman,R,F,SEA,22.51,29.8,True,5.21,4.73,40.86,26.92,9.46,0.17505,0.15899,1.37346,0.90476,0.31809,1.1142,1.1142,11.44,10.3,0.9,12.12,12.65,neutral,32.33,1.087,-94.31,-0.733,126.64,1.82,NR,,1.571,0.862,,-0.709,0,12,28,,13.99,10.57,-3.418,-1.842,0.1737,Declining,Low,2,40
8480259,Ben Jones,C,F,CGY,27.93,33.2,True,2.51,2.12,33.77,70.0,14.33,0.07536,0.06373,1.01567,2.10537,0.43111,1.005,1.005,8.64,9.05,1.0477,3.85,10.86,positive regression,32.27,0.971,-94.37,-0.849,126.64,1.82,NR,,0.679,0.87,,0.191,0,26,28,,8.38,8.83,0.45,1.0486,0.0321,Stable,Low,2,54
8483487,Rutger McGroarty,R,F,PIT,22.84,27.5,True,4.38,4.61,41.71,32.14,10.98,0.15923,0.1677,1.51688,1.16856,0.39921,1.106,1.106,12.52,11.27,0.9,8.11,11.94,positive regression,32.2,1.171,-94.44,-0.649,126.64,1.82,NR,,1.35,1.002,,-0.348,0,8,24,,14.61,11.96,-2.649,-0.5174,0.1368,Declining,Low,2,32
8479291,Kevin Rooney,C,F,CGY,33.7,42.0,True,3.24,2.37,26.96,54.05,20.85,0.07713,0.05646,0.6419,1.28686,0.49634,0.8453,0.8453,9.88,9.21,0.9312,100.0,12.22,negative regression,32.19,0.766,-94.45,-1.054,126.64,1.82,D,1.052,0.872,2.15,-0.18,1.278,33,70,1,11.22,9.42,9.73,-0.741,3.8144,0.7178,Volatile,Low,3,104
8476858,Phillip Di Giuseppe,L,F,VAN,33.31,32.6,True,2.99,4.38,29.66,56.61,10.9,0.09187,0.13442,0.91092,1.73844,0.33461,0.8652,0.8652,11.91,11.43,0.9592,4.35,11.56,positive regression,32.13,0.987,-94.51,-0.833,126.64,1.82,NR,1.019,1.292,,0.273,,51,20,0,12.1,11.56,,-0.53,1.6524,0.1973,Stable,Low,2,71
8479458,Nikita Zaitsev,D,D,CHI,35.26,25.1,True,1.09,3.12,17.71,40.37,41.45,0.04339,0.12407,0.70468,1.60696,1.64968,0.8167,0.9084,15.93,15.93,1.0,6.45,5.77,neutral,32.09,1.277,-88.99,-0.437,121.08,1.714,NR,1.433,,,,,38,0,0,15.93,,,0.0,0.0,0.0,Stable,Low,1,38
8483398,Declan Carlile,D,D,PIT,26.71,32.1,True,1.65,2.31,30.02,42.91,34.16,0.0515,0.07217,0.93628,1.33838,1.06528,1.0428,1.0428,14.64,16.16,1.1042,3.03,5.67,positive regression,31.81,0.992,-89.27,-0.722,121.08,1.714,NR,0.9,1.117,0.796,0.217,-0.321,1,3,42,11.45,13.01,14.78,1.664,-0.7413,0.5073,Volatile,Low,3,46
8478099,Kevin Labanc,R,F,SJS,31.14,35.1,True,2.8,6.8,35.6,32.71,11.77,0.07977,0.19369,1.01348,0.93113,0.33517,0.9378,0.9378,11.06,10.03,0.9066,5.71,10.31,positive regression,31.81,0.906,-94.83,-0.914,126.64,1.82,NR,0.905,1.028,,0.123,,46,34,0,11.62,10.49,,-1.127,1.2023,0.1364,Stable,Low,2,80
8484768,Zayne Parekh,D,D,CGY,20.96,29.8,True,3.23,4.55,41.86,13.96,26.32,0.10842,0.15255,1.40412,0.46824,0.88269,1.167,1.167,17.21,15.49,0.9,8.16,6.39,neutral,31.57,1.059,-89.51,-0.655,121.08,1.714,NR,,2.85,0.982,,-1.868,0,1,37,,20.52,17.14,-3.374,-4.8961,0.1808,Declining,Low,2,38
8482861,Vincent Iorio,D,D,NYR,24.22,27.6,True,0.78,4.09,22.91,20.05,46.55,0.02818,0.14843,0.83114,0.72731,1.68899,1.0969,1.0969,15.04,17.3,1.15,0.0,5.25,positive regression,31.43,1.14,-89.65,-0.574,121.08,1.714,NR,0.425,,0.867,,,6,0,27,9.82,,15.74,2.956,0.3544,0.2337,Rising,Low,2,33
8484901,Jacob Quillan,C,F,TOR,25.0,25.4,True,2.44,3.55,21.46,59.37,16.84,0.09577,0.13972,0.84362,2.3338,0.66204,1.057,1.057,10.1,11.62,1.15,7.14,12.34,positive regression,31.19,1.226,-95.45,-0.594,126.64,1.82,NR,,0.2,0.907,,0.707,0,1,23,,5.35,10.27,4.92,3.0531,0.5103,Rising,Low,2,24
8484180,Samuel Honzek,L,F,CGY,22.22,24.9,True,3.72,3.42,35.29,49.19,9.93,0.1494,0.13732,1.41871,1.9773,0.39927,1.1215,1.1215,12.35,12.3,0.9962,9.09,12.08,positive regression,31.16,1.253,-95.48,-0.567,126.64,1.82,NR,,0.56,1.078,,0.518,0,5,18,,12.39,12.34,-0.051,2.5284,0.1638,Stable,Low,2,23
8478211,Dryden Hunt,L,F,CGY,31.19,25.4,True,2.64,5.13,26.4,53.44,9.22,0.10391,0.2017,1.03784,2.10087,0.36262,0.9363,0.9363,10.94,9.93,0.908,0.0,11.84,positive regression,30.86,1.213,-95.78,-0.607,126.64,1.82,NR,1.255,1.66,1.267,0.405,-0.393,28,5,3,11.13,11.66,8.93,-1.098,0.8699,0.5138,Volatile,Low,3,36
8482807,Ethan Del Mastro,D,D,CHI,24.05,30.3,True,1.4,3.65,26.11,39.53,30.11,0.04629,0.12033,0.86141,1.30407,0.99348,1.1009,1.1009,16.3,14.67,0.9,0.0,5.65,positive regression,30.64,1.011,-90.44,-0.703,121.08,1.714,NR,0.2,1.175,0.826,0.975,-0.349,2,24,19,18.57,18.31,14.13,-2.222,1.4312,0.4943,Volatile,Low,3,45
8484149,Gavin Brindley,C,F,COL,22.32,35.7,True,4.49,4.86,40.32,24.06,9.78,0.12591,0.1362,1.12972,0.67429,0.27399,1.119,1.119,9.58,8.62,0.9,9.68,12.04,positive regression,30.56,0.856,-96.08,-0.964,126.64,1.82,NR,0.0,,0.794,,,1,0,56,12.33,,9.55,-1.391,2.4932,1.0,Volatile,Low,2,57
8480851,Akil Thomas,C,F,VAN,27.08,25.6,True,3.6,3.48,27.82,45.26,13.72,0.14075,0.13626,1.08843,1.77063,0.53662,1.0178,1.0178,9.71,10.79,1.1119,5.0,12.75,positive regression,30.45,1.191,-96.19,-0.629,126.64,1.82,NR,1.643,0.824,,-0.819,,7,25,0,8.73,9.91,,1.185,-6.3055,0.0676,Stable,Low,2,32
8477401,John Hayden,C,F,SEA,31.97,24.3,True,2.48,2.1,25.73,53.82,21.82,0.10214,0.08657,1.05836,2.21365,0.89736,0.9129,0.9129,8.64,9.93,1.15,0.0,11.93,positive regression,30.38,1.25,-96.26,-0.57,126.64,1.82,NR,0.55,1.097,0.8,0.547,-0.297,2,20,3,6.72,8.51,10.08,1.676,-0.0721,0.1497,Stable,Low,3,25
8474602,Justin Schultz,D,D,SEA,36.58,31.1,False,2.14,6.32,33.17,10.84,26.92,0.0688,0.20318,1.06577,0.34838,0.86493,0.7494,0.8747,16.47,16.47,1.0,7.0,6.06,neutral,30.34,0.975,-90.74,-0.739,121.08,1.714,NR,1.236,,,,,70,0,0,16.47,,,0.0,0.0,0.0,Stable,Low,1,70
8476913,Devin Shore,C,F,SEA,32.54,35.7,True,2.14,3.49,26.63,46.36,21.04,0.0601,0.09789,0.74624,1.29911,0.58952,0.8953,0.8953,8.51,9.1,1.0695,2.44,10.97,positive regression,30.16,0.845,-96.48,-0.975,126.64,1.82,NR,0.824,0.769,,-0.055,,21,55,0,8.01,8.65,,0.645,-0.8397,0.0936,Stable,Low,2,76
8479395,Dennis Cholowski,D,D,NYR,28.96,33.1,True,1.8,6.11,28.46,6.48,33.77,0.05433,0.18484,0.86076,0.19585,1.02139,1.0046,1.0046,13.64,15.1,1.1076,0.0,5.9,positive regression,30.14,0.912,-90.94,-0.802,121.08,1.714,NR,,0.86,0.668,,-0.192,0,39,17,,13.07,14.67,1.601,-1.2186,0.0637,Stable,Low,2,56
8479383,Boris Katchouk,L,F,CHI/OTT,28.62,30.0,True,3.96,3.47,34.71,43.06,8.61,0.13193,0.1156,1.15699,1.43524,0.28706,0.9941,0.9941,11.53,11.86,1.0282,,12.06,neutral,29.95,0.998,-96.69,-0.822,126.64,1.82,NR,0.929,,0.567,,,59,0,3,11.48,,12.19,0.355,-1.0327,0.2561,Volatile,Low,2,62
8471817,Ryan Reaves,R,F,TOR,40.03,51.6,True,1.82,1.09,15.49,95.71,9.04,0.03535,0.02113,0.30045,1.85628,0.17534,0.6,0.6,7.89,7.75,0.9821,12.0,12.25,neutral,29.91,0.58,-96.73,-1.24,126.64,1.82,D,1.099,0.814,0.94,-0.285,0.126,49,35,50,8.12,7.8,7.81,-0.154,-0.4506,0.0969,Stable,Low,3,134
8482090,Jack Finley,C,F,STL,24.42,32.0,True,2.71,3.3,25.22,64.39,8.14,0.08476,0.10322,0.78809,2.01216,0.25444,1.0698,1.0698,9.69,10.87,1.1223,7.69,12.12,positive regression,29.89,0.934,-96.75,-0.886,126.64,1.82,NR,,0.35,0.694,,0.344,0,1,44,,8.42,9.71,1.292,1.7958,0.5964,Rising,Low,2,45
8478021,William Lagesson,D,D,DET,30.94,27.2,True,0.53,3.33,15.16,44.33,36.29,0.01943,0.12204,0.5563,1.62666,1.3319,0.9739,0.9869,14.75,14.54,0.9858,0.0,5.19,positive regression,29.89,1.097,-91.19,-0.617,121.08,1.714,NR,1.109,0.843,,-0.266,,40,7,0,14.8,14.57,,-0.229,-1.0244,0.2738,Volatile,Low,2,47
8475714,Calle Jarnkrok,C,F,TOR,35.35,50.0,True,4.45,4.7,36.47,26.34,8.84,0.08901,0.09397,0.72938,0.52673,0.17675,0.7611,0.7611,13.09,11.78,0.9,13.33,12.27,neutral,29.78,0.596,-96.86,-1.224,126.64,1.82,D,1.266,0.974,0.575,-0.292,-0.399,52,19,56,15.26,13.23,11.84,-1.709,-1.0328,0.2656,Declining,Low,3,127
8477473,Justin Bailey,R,F,SJS,31.59,29.1,False,3.23,4.5,32.82,34.53,13.24,0.11118,0.15473,1.1293,1.18827,0.4555,0.9243,0.9243,11.28,11.28,1.0,7.14,11.43,positive regression,29.67,1.021,-96.97,-0.799,126.64,1.82,NR,1.006,,,,,59,0,0,11.28,,,0.0,0.0,0.0,Stable,Low,1,59
8483432,Luca Del Bel Belluz,C,F,CBJ,23.23,26.3,True,3.31,6.47,30.02,8.19,20.5,0.12596,0.24575,1.14107,0.31131,0.77892,1.0967,1.0967,11.21,10.99,0.9802,0.0,12.31,positive regression,29.64,1.127,-97.0,-0.693,126.64,1.82,NR,2.3,1.38,0.518,-0.92,-0.862,1,15,14,9.58,13.75,9.1,-0.242,-5.4927,0.7236,Volatile,Low,3,30
8479328,Julien Gauthier,R,F,NYI,29.3,23.3,True,3.53,3.53,24.87,45.89,12.24,0.15156,0.15155,1.0669,1.96859,0.52509,0.9835,0.9835,10.05,9.05,0.9,,12.97,neutral,29.56,1.268,-97.08,-0.552,126.64,1.82,NR,1.457,0.4,,-1.057,,27,1,0,10.17,7.7,,-2.47,-5.4814,0.531,Declining,Low,2,28
8483460,David Jiricek,D,D,PHI,23.18,37.2,True,1.26,4.69,29.25,19.99,32.5,0.03394,0.12603,0.78657,0.53758,0.87388,1.1225,1.1225,13.12,11.93,0.9097,0.0,5.18,positive regression,29.31,0.788,-91.77,-0.926,121.08,1.714,NR,0.966,0.933,0.41,-0.033,-0.523,43,12,26,14.6,12.12,12.02,-1.292,-0.963,0.3353,Declining,Low,3,81
8480205,Emil Bemstrom,C,F,CBJ/PIT,27.67,32.0,True,3.98,4.05,39.64,20.77,14.8,0.12446,0.12645,1.23864,0.64908,0.46252,1.009,1.009,10.44,9.39,0.9,0.0,11.44,positive regression,29.31,0.916,-97.33,-0.904,126.64,1.82,NR,1.063,0.493,,-0.57,,56,14,0,11.14,8.33,,-2.809,-2.1779,0.32,Declining,Low,2,70
8482133,Thomas Bordeleau,C,F,SJS,25.08,23.3,True,4.79,4.42,38.56,10.91,14.56,0.2054,0.18977,1.6541,0.46813,0.62476,1.0554,1.0554,14.82,13.34,0.9,0.0,12.57,positive regression,29.28,1.256,-97.36,-0.564,126.64,1.82,NR,1.324,0.15,,-1.174,,27,1,0,15.02,10.63,,-4.391,-4.4414,1.0,Declining,Low,2,28
8477947,Sonny Milano,L,F,WSH,30.72,37.6,True,5.98,4.82,35.25,11.88,6.72,0.15905,0.12803,0.93676,0.31576,0.17848,0.9507,0.9507,10.52,9.46,0.9,11.76,14.96,positive regression,29.21,0.776,-97.43,-1.044,126.64,1.82,NR,1.206,0.267,0.708,-0.939,0.441,49,3,31,12.51,7.21,8.88,-1.812,-0.5015,0.52,Declining,Low,3,83
8479423,Alexander Nylander,L,F,PIT/CBJ,28.92,24.5,True,6.37,3.16,47.56,8.93,7.82,0.25993,0.12908,1.94126,0.36436,0.31933,0.9893,0.9893,15.03,13.52,0.9,0.0,13.06,positive regression,29.14,1.189,-97.5,-0.631,126.64,1.82,NR,1.621,0.12,,-1.501,,28,5,0,16.25,9.89,,-6.362,-5.259,1.0,Declining,Low,2,33
8482623,Joshua Dunne,C,F,WSH,28.15,29.1,True,2.6,3.55,30.0,41.45,16.62,0.08925,0.12203,1.03009,1.42329,0.57078,1.0016,1.0016,9.37,10.77,1.15,3.45,11.64,positive regression,29.14,1.0,-97.5,-0.82,126.64,1.82,NR,,0.925,0.719,,-0.206,0,2,34,,7.09,9.47,2.383,-3.2719,0.479,Volatile,Low,2,36
8471698,T.J. Oshie,R,F,WSH,40.11,27.8,True,3.76,4.25,28.83,23.84,17.48,0.13539,0.15333,1.03899,0.85915,0.62989,0.6,0.6,16.87,16.87,1.0,13.33,12.82,neutral,29.11,1.049,-97.53,-0.771,126.64,1.82,NR,1.762,,,,,52,0,0,16.87,,,0.0,0.0,0.0,Stable,Low,1,52
8473453,Trevor Lewis,C,F,LAK,40.07,48.4,False,3.14,2.84,33.28,36.62,17.78,0.06494,0.05867,0.68796,0.7569,0.3676,0.6,0.6,10.94,9.84,0.9,11.32,10.53,neutral,29.08,0.601,-97.56,-1.219,126.64,1.82,D,1.063,1.02,,-0.043,,82,60,0,11.64,10.22,,-1.414,0.5037,0.1659,Stable,Medium,2,142
8482911,Joel Nystrom,D,D,CAR,24.72,29.9,True,1.48,7.78,37.04,9.63,19.91,0.04942,0.26028,1.23972,0.32248,0.66641,1.0854,1.0854,15.19,15.19,1.0,2.33,5.2,positive regression,29.07,0.973,-92.01,-0.741,121.08,1.714,NR,,,0.833,,,0,0,38,,,15.19,0.0,0.0,0.0,Stable,Low,1,38
8482749,Joshua Roy,R,F,UTA,23.49,26.2,True,4.23,3.58,34.03,18.5,18.37,0.16128,0.13638,1.29642,0.70467,0.69998,1.0907,1.0907,11.47,10.39,0.906,0.0,12.53,positive regression,29.07,1.108,-97.57,-0.712,126.64,1.82,NR,1.32,0.842,0.5,-0.478,-0.342,23,12,3,12.14,11.02,9.79,-1.176,-1.7283,0.7467,Declining,Low,3,38
8483472,Maveric Lamoureux,D,D,UTA,23.05,23.3,True,1.36,4.19,25.65,35.04,25.94,0.05822,0.17989,1.10021,1.50286,1.11269,1.1258,1.1258,15.69,14.34,0.9141,0.0,5.62,positive regression,28.94,1.241,-92.14,-0.473,121.08,1.714,NR,,1.0,1.49,,0.49,0,15,5,,16.12,14.65,-1.471,2.38,0.3984,Volatile,Low,2,20
8482192,Isaak Phillips,D,D,WPG,25.34,25.9,True,1.13,3.99,24.54,37.96,26.18,0.04376,0.15427,0.94838,1.46689,1.0116,1.0715,1.0715,15.68,14.11,0.9,0.0,5.3,positive regression,28.69,1.109,-92.39,-0.605,121.08,1.714,NR,1.135,1.483,0.467,0.348,-1.016,33,3,3,17.07,11.89,9.52,-3.778,-0.5231,0.2721,Declining,Low,3,39
8473504,Cal Clutterbuck,R,F,NYI,39.21,33.4,False,1.93,3.16,15.36,65.34,13.34,0.05794,0.09469,0.46027,1.95788,0.39961,0.6,0.6,11.88,11.88,1.0,11.86,12.49,neutral,28.65,0.858,-97.99,-0.962,126.64,1.82,NR,1.399,,,,,82,0,0,11.88,,,0.0,0.0,0.0,Stable,Low,1,82
8479994,Jaret Anderson-Dolan,C,F,LAK/NSH,27.39,25.6,True,2.12,3.16,25.73,49.05,17.12,0.08293,0.12346,1.00638,1.91872,0.66962,1.0131,1.0131,10.79,9.77,0.9054,0.0,11.27,positive regression,28.63,1.12,-98.01,-0.7,126.64,1.82,NR,0.969,1.343,,0.374,,31,7,0,11.05,9.94,,-1.114,2.8456,0.2424,Stable,Low,2,38
8477392,Hudson Fasching,R,F,NYI,31.52,37.2,True,3.12,4.28,34.7,24.42,16.68,0.08393,0.11505,0.93301,0.65676,0.44856,0.9264,0.9264,11.5,10.62,0.9234,3.92,10.99,positive regression,28.59,0.769,-98.05,-1.051,126.64,1.82,NR,1.067,0.609,,-0.458,,45,43,0,12.04,11.08,,-0.961,-2.0154,0.1727,Declining,Low,2,88
8480222,Sebastian Aho,D,D,NYI,30.96,28.9,False,1.21,3.82,24.14,21.11,35.63,0.0419,0.13227,0.836,0.73102,1.23384,0.9736,0.9868,16.39,16.39,1.0,4.17,5.44,neutral,28.46,0.986,-92.62,-0.728,121.08,1.714,NR,0.953,,,,,58,0,0,16.39,,,0.0,0.0,0.0,Stable,Low,1,58
8478430,Oliver Kylington,D,D,CGY,29.71,28.9,True,1.66,4.82,22.91,13.16,33.54,0.0574,0.16656,0.79167,0.45484,1.15914,0.9926,0.9963,15.1,13.59,0.9,16.67,6.12,negative regression,28.36,0.98,-92.72,-0.734,121.08,1.714,NR,1.286,0.832,,-0.454,,33,19,0,17.25,12.29,,-4.953,-0.4167,0.3042,Declining,Low,2,52
8479421,Jacob Moverare,D,D,LAK,28.42,39.4,True,1.02,3.41,21.31,19.45,40.26,0.02598,0.08653,0.54035,0.49316,1.02095,1.0127,1.0127,10.89,10.13,0.9298,0.0,5.44,positive regression,28.35,0.719,-92.73,-0.995,121.08,1.714,NR,0.588,0.902,0.39,0.314,-0.512,24,49,15,10.45,11.86,8.78,-0.833,-0.3545,0.1903,Declining,Low,3,88
8475193,Tomas Tatar,L,F,COL/SEA,36.17,49.6,False,3.73,5.56,31.07,22.68,9.51,0.07522,0.112,0.6262,0.45711,0.19171,0.7195,0.7195,11.66,10.5,0.9,10.61,12.26,neutral,28.33,0.571,-98.31,-1.249,126.64,1.82,D,0.976,0.767,,-0.209,,70,74,0,12.45,11.1,,-1.349,-0.5572,0.1236,Declining,Medium,2,144
8479315,Joey Anderson,R,F,CHI,28.62,32.8,True,2.93,5.37,31.32,24.72,13.49,0.08941,0.16359,0.95449,0.75329,0.41118,0.9941,0.9941,13.2,12.14,0.9198,0.0,11.29,positive regression,28.28,0.862,-98.36,-0.958,126.64,1.82,NR,0.954,0.611,,-0.343,,55,18,0,13.55,12.39,,-1.154,-1.2649,0.2519,Declining,Low,2,73
8482758,Ville Koivunen,R,F,PIT,23.64,32.2,True,2.88,7.52,34.39,5.2,14.23,0.08938,0.23365,1.06829,0.16171,0.4421,1.0873,1.0873,13.5,12.15,0.9,5.56,11.16,positive regression,28.21,0.877,-98.43,-0.943,126.64,1.82,NR,,1.969,0.585,,-1.384,0,8,39,,18.11,12.74,-5.377,-3.7671,0.2553,Declining,Low,2,47
8474715,Cam Atkinson,R,F,PHI,37.66,40.9,True,4.2,4.36,46.02,11.08,11.55,0.10276,0.10663,1.12593,0.27109,0.28246,0.6443,0.6443,12.98,11.68,0.9,8.51,10.29,neutral,28.1,0.687,-98.54,-1.133,126.64,1.82,D,1.398,0.745,,-0.653,,70,39,0,15.95,8.99,,-6.952,-0.2904,0.168,Declining,Low,2,109
8478146,Matthew Highmore,C,F,OTT,30.93,29.6,True,2.52,4.38,25.4,36.4,15.33,0.08531,0.14818,0.85936,1.23114,0.51854,0.9442,0.9442,10.77,12.39,1.15,6.06,11.82,positive regression,28.07,0.95,-98.57,-0.87,126.64,1.82,NR,0.736,0.771,,0.035,,7,41,0,7.71,11.16,,3.455,-1.5835,0.3037,Volatile,Low,2,48
8482947,Zakhar Bardakov,C,F,COL,25.94,36.8,False,1.97,6.08,23.96,32.19,14.14,0.05374,0.16539,0.65193,0.87584,0.38484,1.0382,1.0382,7.2,7.2,1.0,2.86,11.43,positive regression,28.05,0.763,-98.59,-1.057,126.64,1.82,NR,,,0.641,,,0,0,60,,,7.2,0.0,0.0,0.0,Stable,Low,1,60
8482451,Mikael Pyyhtia,L,F,CBJ,25.13,34.5,True,3.21,2.76,29.05,17.07,27.7,0.09299,0.08012,0.84209,0.49483,0.80302,1.0544,1.0544,12.13,10.92,0.9,16.67,11.8,negative regression,28.03,0.812,-98.61,-1.008,126.64,1.82,NR,0.888,0.765,0.76,-0.123,-0.005,17,47,5,13.15,12.1,10.26,-1.447,0.1964,0.3133,Volatile,Low,3,69
8478017,Mark Friedman,D,D,VAN,31.11,23.6,True,0.74,1.98,20.42,35.72,38.09,0.03152,0.08419,0.86675,1.51592,1.61639,0.9696,0.9848,12.64,14.32,1.1327,0.0,5.27,positive regression,28.0,1.188,-93.08,-0.526,121.08,1.714,NR,0.989,0.78,,-0.209,,23,5,0,12.23,14.06,,1.83,-1.5236,0.172,Stable,Low,2,28
8480252,Cole Guttman,C,F,LAK,27.83,23.1,True,4.44,4.13,42.66,11.17,12.04,0.19254,0.17916,1.84986,0.48443,0.52216,1.0066,1.0066,12.62,12.62,1.0,8.0,11.86,positive regression,27.93,1.211,-98.71,-0.609,126.64,1.82,NR,1.059,,,,,27,0,0,12.62,,,0.0,0.0,0.0,Stable,Low,1,27
8481147,Reese Johnson,C,F,CHI,28.56,26.6,True,2.4,2.26,28.28,58.93,10.48,0.09024,0.08489,1.06221,2.21329,0.3936,0.995,0.995,10.81,9.73,0.9,0.0,11.12,positive regression,27.89,1.048,-98.75,-0.772,126.64,1.82,NR,1.037,0.8,,-0.237,,42,3,0,10.93,9.53,,-1.405,-0.6527,0.2815,Declining,Low,2,45
8477541,Dakota Mermis,D,D,TOR,33.07,31.2,True,1.62,2.88,23.36,25.63,32.67,0.05185,0.09218,0.74754,0.82027,1.04536,0.9098,0.9549,13.9,13.41,0.965,20.0,6.01,negative regression,27.63,0.884,-93.45,-0.83,121.08,1.714,NR,1.052,1.1,0.682,0.048,-0.418,47,4,11,14.09,15.2,13.03,-0.53,-0.6705,0.148,Declining,Low,3,62
8475197,Tyson Barrie,D,D,NSH,35.52,28.9,True,1.24,5.94,32.08,11.66,25.74,0.04289,0.20528,1.10872,0.40279,0.88945,0.8035,0.9017,17.57,15.82,0.9,5.26,4.86,neutral,27.55,0.952,-93.53,-0.762,121.08,1.714,NR,1.268,1.081,,-0.187,,41,13,0,18.32,15.8,,-2.521,-0.0494,0.2403,Declining,Low,2,54
8480831,Alec Regula,D,D,EDM,26.49,27.1,True,0.66,3.5,19.08,15.53,42.89,0.02425,0.12919,0.7051,0.57374,1.58492,1.0472,1.0472,14.47,14.47,1.0,0.0,5.31,positive regression,27.54,1.018,-93.54,-0.696,121.08,1.714,NR,,,0.883,,,0,0,29,,,14.47,0.0,0.0,0.0,Stable,Low,1,29
8479387,Keaton Middleton,D,D,COL,28.98,29.2,True,0.79,2.55,27.7,46.46,24.28,0.02712,0.0872,0.94892,1.59164,0.83197,1.0043,1.0043,11.43,10.76,0.9414,,4.84,neutral,27.35,0.937,-93.73,-0.777,121.08,1.714,NR,,0.887,1.017,,0.13,0,41,3,,11.49,10.76,-0.731,1.0404,0.2764,Volatile,Low,2,44
8481019,David Gustafsson,C,F,PIT,26.81,34.3,True,2.98,4.12,27.72,22.29,18.4,0.08698,0.12017,0.80785,0.64961,0.53632,1.0224,1.0224,9.11,8.85,0.972,6.67,11.92,positive regression,27.21,0.793,-99.43,-1.027,126.64,1.82,NR,0.772,0.683,,-0.089,,39,36,0,9.26,8.98,,-0.278,-0.4362,0.1193,Stable,Low,2,75
8481093,Rafael Harvey-Pinard,L,F,MTL,28.07,27.0,True,1.93,4.65,17.78,25.94,24.32,0.07145,0.1724,0.65851,0.96075,0.90078,1.0029,1.0029,12.48,11.73,0.9405,0.0,12.08,positive regression,27.21,1.008,-99.43,-0.812,126.64,1.82,NR,1.017,0.2,0.3,-0.817,0.1,45,1,1,12.64,8.9,11.02,-0.811,-1.5964,1.0728,Declining,Low,3,47
8479772,Zack MacEwen,R,F,TOR,30.57,29.8,True,2.94,1.76,27.64,57.7,8.37,0.09859,0.05906,0.92715,1.9354,0.28087,0.9553,0.9553,7.0,6.97,0.9957,0.0,11.98,positive regression,27.14,0.91,-99.5,-0.91,126.64,1.82,NR,0.717,1.031,0.717,0.314,-0.314,30,21,3,6.4,7.76,6.33,-0.033,0.035,0.0954,Stable,Low,3,54
8477944,Jakub Vrana,L,F,STL,30.93,31.7,True,5.07,4.28,39.04,13.38,5.71,0.16005,0.13503,1.23202,0.42238,0.18032,0.9442,0.9442,10.86,9.77,0.9,19.15,12.56,negative regression,27.09,0.855,-99.55,-0.965,126.64,1.82,NR,0.929,1.004,,0.075,,21,39,0,12.13,10.35,,-1.776,1.2248,0.129,Stable,Low,2,60
8481491,Noah Philp,C,F,EDM,28.42,27.1,True,3.09,3.36,29.58,41.99,8.06,0.11415,0.12421,1.09317,1.55174,0.29766,0.9973,0.9973,9.58,10.38,1.0829,14.29,11.95,negative regression,26.88,0.993,-99.76,-0.827,126.64,1.82,NR,,0.733,0.841,,0.108,0,15,17,,9.08,9.94,0.867,0.228,0.4299,Rising,Low,2,32
8475744,Evgeny Kuznetsov,C,F,WSH/CAR,34.71,29.8,False,3.71,6.11,36.37,11.27,6.99,0.12435,0.20501,1.21998,0.37809,0.23439,0.7938,0.7938,17.55,17.55,1.0,8.33,11.44,positive regression,26.74,0.897,-99.9,-0.923,126.64,1.82,NR,1.052,,,,,63,0,0,17.55,,,0.0,0.0,0.0,Stable,Low,1,63
8481600,Tobias Bjornfot,D,D,FLA,25.82,28.2,True,1.56,2.54,20.54,25.29,33.21,0.0555,0.09013,0.72861,0.89712,1.17812,1.061,1.061,13.78,13.95,1.0124,16.67,5.94,negative regression,26.7,0.947,-94.38,-0.767,121.08,1.714,NR,0.85,0.543,1.034,-0.307,0.491,4,14,19,13.81,13.1,14.18,0.186,0.3413,0.2379,Stable,Low,3,37
8478147,Bokondji Imama,L,F,FLA,30.5,23.8,True,2.2,1.4,18.59,70.83,9.2,0.09254,0.05877,0.78262,2.98222,0.38726,0.9575,0.9575,5.87,6.74,1.15,0.0,12.39,positive regression,26.66,1.123,-99.98,-0.697,126.64,1.82,NR,0.817,0.934,0.45,0.117,-0.484,6,16,2,5.59,5.67,7.64,1.028,-2.6194,0.6575,Volatile,Low,3,24
8484150,Hunter Brzustewicz,D,D,CGY,22.17,28.9,True,1.75,4.66,30.24,21.75,20.73,0.06053,0.16152,1.04728,0.75333,0.71781,1.1469,1.1469,16.19,14.57,0.9,6.06,5.69,neutral,26.63,0.922,-94.45,-0.792,121.08,1.714,NR,,0.5,0.862,,0.362,0,1,34,,18.38,16.14,-2.243,1.5716,0.5543,Volatile,Low,2,35
8471709,Marc-Edouard Vlasic,D,D,SJS,39.84,35.4,True,1.41,2.04,20.88,11.46,43.76,0.03987,0.05768,0.58915,0.32352,1.23494,0.6,0.7921,15.64,14.12,0.9029,5.0,6.21,neutral,26.63,0.752,-94.45,-0.962,121.08,1.714,NR,1.344,0.844,,-0.5,,57,27,0,16.28,14.62,,-1.656,-1.4881,0.3229,Declining,Low,2,84
8475793,Ryan Johansen,C,F,COL,34.51,29.8,False,4.56,4.13,30.4,23.1,5.98,0.15287,0.1384,1.01966,0.77474,0.20067,0.804,0.804,13.64,13.64,1.0,16.67,13.59,negative regression,26.58,0.891,-100.06,-0.929,126.64,1.82,NR,1.11,,,,,63,0,0,13.64,,,0.0,0.0,0.0,Stable,Low,1,63
8473604,Jonathan Toews,C,F,WPG,38.76,43.6,False,3.85,5.84,33.86,5.94,10.91,0.08822,0.13392,0.77619,0.13613,0.25,0.6,0.6,14.49,14.49,1.0,10.48,11.99,neutral,26.54,0.608,-100.1,-1.212,126.64,1.82,D,,,0.976,,,0,0,82,,,14.49,0.0,0.0,0.0,Stable,Low,1,82
8470966,Mark Giordano,D,D,TOR,43.33,26.6,True,1.1,2.36,20.52,22.5,37.48,0.04146,0.08869,0.77085,0.84515,1.40782,0.6,0.7625,16.62,16.62,1.0,5.08,5.57,neutral,26.45,0.993,-94.63,-0.721,121.08,1.714,NR,1.395,,,,,46,0,0,16.62,,,0.0,0.0,0.0,Stable,Low,1,46
8483476,Jonathan Lekkerimaki,R,F,VAN,22.52,28.1,True,4.2,3.72,32.35,21.48,9.22,0.14973,0.1326,1.15272,0.76538,0.32862,1.114,1.114,12.17,11.41,0.9376,20.0,12.61,negative regression,26.36,0.939,-100.28,-0.881,126.64,1.82,NR,,0.846,0.827,,-0.019,0,24,13,,12.51,11.68,-0.828,0.1906,0.175,Stable,Low,2,37
8474034,Patrick Maroon,L,F,MIN/BOS,38.78,44.6,True,2.46,5.4,26.97,37.58,4.99,0.05524,0.1211,0.60527,0.84321,0.11199,0.6,0.6,12.01,10.82,0.9006,6.85,10.71,positive regression,26.33,0.591,-100.31,-1.229,126.64,1.82,D,1.106,0.963,,-0.143,,51,68,0,12.84,11.54,,-1.302,-0.1587,0.1899,Declining,Low,2,119
8484160,Nate Danielson,C,F,DET,22.35,26.8,True,3.46,5.79,34.62,10.07,9.94,0.12944,0.2165,1.29421,0.37653,0.37151,1.1182,1.1182,11.05,11.05,1.0,6.45,11.95,positive regression,26.3,0.983,-100.34,-0.837,126.64,1.82,NR,,,0.746,,,0,0,28,,,11.05,0.0,0.0,0.0,Stable,Low,1,28
8474870,Tyler Johnson,C,F,CHI,36.51,32.8,True,4.33,4.52,31.74,14.72,8.91,0.13201,0.13771,0.96721,0.4486,0.2714,0.7025,0.7025,15.17,13.65,0.9,0.0,13.2,positive regression,26.26,0.8,-100.38,-1.02,126.64,1.82,NR,1.377,0.622,,-0.755,,67,9,0,15.54,13.08,,-2.461,-2.4618,0.1571,Declining,Low,2,76
8481518,Nolan Foote,L,F,PHI,26.17,24.2,True,3.14,2.15,28.59,47.33,8.17,0.1293,0.08858,1.17877,1.9516,0.33708,1.0339,1.0339,10.44,10.76,1.0304,7.69,12.26,positive regression,26.11,1.077,-100.53,-0.743,126.64,1.82,NR,1.05,0.686,0.896,-0.364,0.21,4,7,12,10.1,9.82,10.79,0.346,-0.6288,0.4137,Volatile,Low,3,23
8471677,Jack Johnson,D,D,COL,40.05,43.2,True,0.77,3.83,19.2,24.29,31.11,0.01788,0.08867,0.44385,0.56167,0.71933,0.6,0.7867,14.09,12.68,0.9,0.0,4.94,positive regression,25.93,0.599,-95.15,-1.115,121.08,1.714,D,1.046,0.705,,-0.341,,80,41,0,14.93,12.87,,-2.054,-0.9176,0.1506,Declining,Low,2,121
8477887,Patrick Brown,C,F,BOS,34.68,23.8,True,1.54,2.5,17.82,57.97,13.19,0.06475,0.10504,0.7484,2.43446,0.55393,0.7953,0.7953,9.95,11.44,1.15,0.0,11.78,positive regression,25.72,1.08,-100.92,-0.74,126.64,1.82,NR,0.782,1.103,,0.321,,11,15,0,8.83,10.57,,1.74,0.9505,0.2401,Rising,Low,2,26
8475766,Austin Watson,L,F,TBL,35.05,27.4,True,2.65,1.6,17.37,58.74,10.37,0.09673,0.05832,0.63296,2.14082,0.37791,0.7765,0.7765,7.47,8.01,1.0723,23.08,13.06,negative regression,25.69,0.936,-100.95,-0.884,126.64,1.82,NR,1.017,1.219,,0.202,,33,13,0,7.26,7.85,,0.589,0.9178,0.3112,Rising,Low,2,46
8483471,Brad Lambert,C,F,WPG,23.12,27.2,True,3.32,4.49,27.96,24.17,9.19,0.12169,0.16475,1.02591,0.8868,0.33719,1.0992,1.0992,10.98,9.88,0.9,11.11,12.35,neutral,25.61,0.94,-101.03,-0.88,126.64,1.82,NR,2.15,0.81,0.842,-1.34,0.032,1,5,25,13.85,11.61,10.81,-1.522,-2.3194,0.5637,Declining,Low,3,31
8480245,Olle Lycksell,R,F,PHI,27.44,28.3,True,2.68,6.64,29.53,12.86,9.28,0.09464,0.23449,1.04315,0.45414,0.32773,1.0124,1.0124,10.83,10.79,0.997,14.29,11.34,negative regression,25.57,0.903,-101.07,-0.917,126.64,1.82,NR,0.808,0.661,0.964,-0.147,0.303,18,19,7,9.95,11.89,9.88,-0.035,0.491,0.4274,Volatile,Low,3,44
8478409,Anthony Richard,C,F,BOS,30.12,23.8,True,2.89,5.18,22.89,24.21,10.6,0.12184,0.21791,0.96393,1.0192,0.44638,0.9693,0.9693,11.56,10.41,0.9,,12.57,neutral,25.54,1.075,-101.1,-0.745,126.64,1.82,NR,1.406,1.15,0.0,-0.256,-1.15,9,15,1,10.61,12.36,7.13,-1.737,-3.9754,0.9223,Declining,Low,3,25
8477330,Dominik Kubalik,L,F,OTT,31.45,31.9,False,4.62,2.2,37.17,22.5,8.26,0.14506,0.06898,1.16625,0.7058,0.25905,0.9285,0.9285,12.12,12.12,1.0,12.09,12.49,neutral,25.51,0.8,-101.13,-1.02,126.64,1.82,NR,0.806,,,,,74,0,0,12.12,,,0.0,0.0,0.0,Stable,Low,1,74
8479533,Joona Koppanen,L,F,PIT,28.93,25.6,True,2.35,2.26,23.59,52.71,9.51,0.0919,0.08856,0.92297,2.06189,0.37184,0.9891,0.9891,12.16,13.99,1.15,0.0,12.02,positive regression,25.5,0.998,-101.14,-0.822,126.64,1.82,NR,0.475,1.141,0.473,0.666,-0.668,4,11,13,7.81,13.38,12.14,2.165,-0.6558,0.5741,Volatile,Low,3,28
8477034,Jaycob Megna,D,D,VGK,34.14,29.5,True,0.47,1.29,14.76,29.91,40.63,0.01591,0.04378,0.50042,1.01375,1.37712,0.8739,0.9369,16.53,14.87,0.9,0.0,5.01,positive regression,25.29,0.857,-95.79,-0.857,121.08,1.714,NR,1.128,0.562,0.425,-0.566,-0.137,44,8,4,17.52,16.1,10.62,-3.451,-0.7314,0.5635,Declining,Low,3,56
8481541,Samuel Bolduc,D,D,OTT,26.15,24.6,True,1.34,2.66,22.11,28.86,26.96,0.05425,0.10808,0.89805,1.17182,1.09474,1.054,1.054,12.87,11.59,0.9,,5.75,neutral,25.19,1.023,-95.89,-0.691,121.08,1.714,NR,1.062,0.0,,-1.062,,34,1,0,13.14,5.93,,-7.212,-4.8464,1.0,Declining,Low,2,35
8477244,Chad Ruhwedel,D,D,PIT/NYR,36.74,29.0,True,0.7,2.21,15.69,46.92,24.69,0.02416,0.07636,0.5409,1.61782,0.85133,0.7413,0.8706,12.86,14.15,1.1,0.0,5.32,positive regression,25.1,0.866,-95.98,-0.848,121.08,1.714,NR,0.868,1.0,,0.132,,52,5,0,12.7,14.1,,1.403,0.1524,0.0613,Rising,Low,2,57
8482222,Alexander Barabanov,L,F,SJS,32.63,26.6,True,3.24,4.96,35.15,14.78,8.0,0.12171,0.18628,1.32036,0.55525,0.30056,0.8925,0.8925,15.87,15.87,1.0,5.97,11.22,positive regression,24.95,0.937,-101.69,-0.883,126.64,1.82,NR,0.917,,,,,46,0,0,15.87,,,0.0,0.0,0.0,Stable,Low,1,46
8475752,Tyler Pitlick,C,F,MIN,35.25,34.4,True,1.96,1.26,21.36,57.23,12.66,0.05693,0.03663,0.62146,1.66489,0.36823,0.7663,0.7663,8.72,7.85,0.9,7.69,11.23,positive regression,24.88,0.724,-101.76,-1.096,126.64,1.82,NR,0.981,,0.942,,,34,0,32,10.2,,7.77,-1.213,0.7509,0.2026,Stable,Low,2,66
8476988,Matthew Benning,D,D,SJS,32.69,22.7,True,0.64,2.25,17.88,24.06,36.29,0.02825,0.09912,0.7883,1.06068,1.59961,0.9213,0.9607,16.05,14.44,0.9,,5.27,neutral,24.85,1.095,-96.23,-0.619,121.08,1.714,NR,1.35,0.907,1.05,-0.443,0.143,14,7,1,18.48,13.04,12.43,-3.024,0.342,0.564,Volatile,Low,3,22
8483424,Owen Beck,C,F,MTL,23.0,25.7,True,2.26,1.82,22.44,44.26,15.2,0.08812,0.071,0.87373,1.72313,0.59166,1.102,1.102,9.5,8.77,0.9234,9.09,12.02,positive regression,24.8,0.965,-101.84,-0.855,126.64,1.82,NR,,0.867,0.75,,-0.117,0,12,15,,9.98,9.19,-0.794,-0.3117,0.0594,Declining,Low,2,27
8480876,Curtis Douglas,C,F,SEA,26.91,31.4,True,2.06,2.86,23.45,47.46,9.23,0.06551,0.09111,0.74599,1.50958,0.29369,1.0206,1.0206,6.75,6.75,1.0,3.45,11.68,positive regression,24.66,0.784,-101.98,-1.036,126.64,1.82,NR,,,0.648,,,0,0,43,,,6.75,0.0,0.0,0.0,Stable,Low,1,43
8478451,Ethan Bear,D,D,NYI,29.6,22.5,True,1.21,3.49,23.36,15.94,29.33,0.05364,0.15517,1.03834,0.70833,1.30337,0.9944,0.9972,14.91,14.91,1.0,4.17,5.56,neutral,24.61,1.094,-96.47,-0.62,121.08,1.714,NR,1.006,,,,,24,0,0,14.91,,,0.0,0.0,0.0,Stable,Low,1,24
8483406,Taylor Ward,R,F,LAK,28.84,29.5,True,3.39,3.35,30.45,29.02,6.74,0.11492,0.11353,1.03213,0.9836,0.22831,0.9906,0.9906,9.59,8.63,0.9,7.89,12.18,positive regression,24.53,0.832,-102.11,-0.988,126.64,1.82,NR,,3.2,0.79,,-2.41,0,1,36,,14.87,9.47,-5.398,-7.9069,0.6442,Declining,Low,2,37
8478408,Travis Dermott,D,D,ARI,30.11,32.1,True,0.98,2.36,19.38,23.17,32.83,0.03036,0.07346,0.60317,0.7213,1.02206,0.9863,0.9932,15.6,14.04,0.9,0.0,5.48,positive regression,24.52,0.763,-96.56,-0.951,121.08,1.714,NR,1.0,0.421,,-0.579,,50,19,0,17.28,12.27,,-5.006,-1.414,0.2197,Declining,Low,2,69
8475855,Jesper Fast,R,F,CAR,35.17,31.7,False,2.73,4.59,27.25,26.54,7.87,0.08603,0.14497,0.86009,0.83764,0.2483,0.7703,0.7703,12.6,12.6,1.0,7.59,11.42,positive regression,24.49,0.773,-102.15,-1.047,126.64,1.82,NR,0.921,,,,,73,0,0,12.61,,,0.0,0.0,0.0,Stable,Low,1,73
8481065,Angus Crookshank,C,F,FLA,27.34,24.9,True,3.01,2.32,26.1,27.35,15.6,0.12063,0.09313,1.04647,1.09679,0.62544,1.0139,1.0139,9.49,8.8,0.9272,25.0,12.22,negative regression,24.34,0.976,-102.3,-0.844,126.64,1.82,NR,1.177,0.806,0.756,-0.371,-0.05,13,8,8,10.11,9.83,8.61,-0.753,-0.8551,0.2983,Declining,Low,3,29
8483448,Isaiah George,D,D,NYI,22.96,27.5,True,1.06,4.28,22.08,12.18,28.36,0.03868,0.15556,0.80292,0.44303,1.03142,1.128,1.128,15.35,13.81,0.9,0.0,5.48,positive regression,24.22,0.881,-96.86,-0.833,121.08,1.714,NR,,0.806,0.762,,-0.044,0,33,4,,15.65,13.37,-2.275,0.3305,0.1319,Stable,Low,2,37
8479546,Oskar Steen,C,F,BOS,28.9,24.4,True,1.96,1.18,19.66,54.13,13.41,0.08049,0.04849,0.80659,2.22061,0.5503,0.9896,0.9896,9.07,9.07,1.0,4.17,11.89,positive regression,24.17,0.991,-102.47,-0.829,126.64,1.82,NR,0.825,,,,,34,0,0,9.07,,,0.0,0.0,0.0,Stable,Low,1,34
8477962,Brendan Lemieux,L,F,CAR,30.88,24.0,True,2.76,2.34,22.68,48.63,4.84,0.11485,0.09765,0.945,2.02633,0.2016,0.9457,0.9457,8.01,8.01,1.0,10.34,12.39,positive regression,23.85,0.994,-102.79,-0.826,126.64,1.82,NR,0.927,,,,,32,0,0,8.01,,,0.0,0.0,0.0,Stable,Low,1,32
8482496,Nils Aman,C,F,VAN,26.98,31.4,True,2.28,4.79,18.54,26.71,11.06,0.07265,0.15246,0.5898,0.84963,0.35185,1.0194,1.0194,10.31,9.54,0.9255,0.0,12.4,positive regression,23.75,0.756,-102.89,-1.064,126.64,1.82,NR,0.7,0.832,0.45,0.132,-0.382,43,19,2,10.33,10.48,8.66,-0.838,-0.4729,0.3701,Declining,Low,3,64
8473449,Kyle Okposo,R,F,BUF/FLA,38.8,30.6,False,3.55,2.99,31.24,20.6,9.58,0.11624,0.09768,1.0223,0.67416,0.31341,0.6,0.6,13.35,13.35,1.0,10.53,11.97,neutral,23.74,0.777,-102.9,-1.043,126.64,1.82,NR,1.244,,,,,67,0,0,13.35,,,0.0,0.0,0.0,Stable,Low,1,67
8482153,Brendan Brisson,C,F,VGK,25.28,24.0,True,2.65,5.85,25.79,20.23,4.77,0.11054,0.24375,1.07441,0.84286,0.19862,1.0514,1.0514,11.14,10.34,0.9281,0.0,12.04,positive regression,23.66,0.986,-102.98,-0.834,126.64,1.82,NR,1.333,0.317,0.783,-1.016,0.466,15,9,3,12.34,9.87,10.59,-0.874,-1.023,0.5825,Declining,Low,3,27
8479439,Jacob MacDonald,D,D,WSH,33.93,24.4,True,3.04,2.0,30.73,26.88,13.05,0.1246,0.08221,1.26055,1.10273,0.53553,0.8832,0.9416,12.02,12.02,1.0,14.29,7.1,negative regression,23.63,0.97,-97.45,-0.744,121.08,1.714,NR,1.126,,,,,34,0,0,12.02,,,0.0,0.0,0.0,Stable,Low,1,34
8484386,Dmitri Simashev,D,D,UTA,21.99,26.8,True,0.93,1.99,29.52,16.4,31.53,0.03471,0.07451,1.10354,0.61311,1.17887,1.1512,1.1512,15.11,15.11,1.0,0.0,5.15,positive regression,23.59,0.882,-97.49,-0.832,121.08,1.714,NR,,,0.643,,,0,0,28,,,15.11,0.0,0.0,0.0,Stable,Low,1,28
8481058,Jesse Ylonen,R,F,MTL,27.33,29.1,False,2.85,2.69,26.65,21.16,15.96,0.09798,0.09254,0.91703,0.72811,0.54906,1.0141,1.0141,10.24,10.24,1.0,8.0,11.86,positive regression,23.54,0.81,-103.1,-1.01,126.64,1.82,NR,0.693,,,,,59,0,0,10.24,,,0.0,0.0,0.0,Stable,Low,1,59
8476960,Andreas Athanasiou,C,F,CHI,32.49,25.2,True,2.8,4.04,29.44,10.98,14.98,0.11082,0.16011,1.16603,0.43503,0.59343,0.8968,0.8968,12.25,11.03,0.9,12.5,11.45,neutral,23.52,0.931,-103.12,-0.889,126.64,1.82,NR,1.095,0.812,,-0.283,,28,8,0,13.1,10.03,,-3.071,-0.1525,0.2802,Declining,Low,2,36
8474709,Matt Martin,L,F,NYI,37.74,36.7,True,1.5,1.76,16.22,55.79,11.79,0.04077,0.04808,0.44214,1.52077,0.32147,0.6403,0.6403,8.99,8.29,0.9221,0.0,11.3,positive regression,23.36,0.637,-103.28,-1.183,126.64,1.82,NR,1.08,0.894,,-0.186,,57,32,0,9.31,8.55,,-0.764,-0.6842,0.0728,Declining,Low,2,89
8485493,David Tomasek,R,F,EDM,30.98,24.9,True,3.8,2.88,32.85,18.84,6.79,0.15289,0.11585,1.32058,0.75756,0.27296,0.9426,0.9426,10.76,10.76,1.0,10.0,12.35,positive regression,23.0,0.925,-103.64,-0.895,126.64,1.82,NR,,,0.864,,,0,0,22,,,10.76,0.0,0.0,0.0,Stable,Low,1,22
8479379,Givani Smith,R,F,SJS,28.93,28.0,True,1.67,2.07,19.41,52.05,8.93,0.05952,0.07407,0.69311,1.85902,0.31883,0.9891,0.9891,7.33,6.59,0.9,0.0,11.39,positive regression,22.89,0.818,-103.75,-1.002,126.64,1.82,NR,0.91,0.5,,-0.41,,36,13,0,7.81,6.33,,-1.483,-2.2475,0.1475,Declining,Low,2,49
8484509,Josh Samanski,C,F,EDM,24.87,25.5,True,2.31,3.08,13.5,30.58,15.66,0.09056,0.12096,0.52927,1.19925,0.61414,1.0599,1.0599,10.56,10.56,1.0,22.22,12.97,negative regression,22.87,0.897,-103.77,-0.923,126.64,1.82,NR,,,0.777,,,0,0,24,,,10.56,0.0,0.0,0.0,Stable,Low,1,24
8480070,Ian Mitchell,D,D,BOS,28.04,24.2,True,0.71,3.23,20.03,8.86,33.39,0.02926,0.13369,0.82798,0.36624,1.38033,1.0184,1.0184,15.48,15.75,1.0173,0.0,5.25,positive regression,22.73,0.94,-98.35,-0.774,121.08,1.714,NR,0.754,0.803,,0.049,,13,15,0,15.31,15.6,,0.292,0.135,0.1871,Stable,Low,2,28
8482241,Radim Zohorna,L,F,PIT,30.76,24.2,True,3.34,2.89,27.91,30.44,4.11,0.13799,0.1195,1.15402,1.25853,0.1701,0.9494,0.9494,9.77,9.77,1.0,10.53,12.35,neutral,22.73,0.94,-103.91,-0.88,126.64,1.82,NR,0.871,,,,,33,0,0,9.77,,,0.0,0.0,0.0,Stable,Low,1,33
8478028,Fredrik Olofsson,L,F,COL,30.68,28.7,False,2.36,3.43,23.27,22.1,13.91,0.0824,0.1195,0.81104,0.77023,0.48484,0.9519,0.9519,9.76,9.76,1.0,6.67,11.72,positive regression,22.65,0.789,-103.99,-1.031,126.64,1.82,NR,0.718,,,,,57,0,0,9.76,,,0.0,0.0,0.0,Stable,Low,1,57
8479346,Dillon Dube,C,F,STL,28.54,26.1,True,2.81,3.13,27.03,21.74,11.01,0.10788,0.12009,1.03713,0.83432,0.42263,0.9954,0.9954,11.16,11.16,1.0,7.14,11.84,positive regression,22.58,0.866,-104.06,-0.954,126.64,1.82,NR,0.735,,,,,43,0,0,11.16,,,0.0,0.0,0.0,Stable,Low,1,43
8479972,Mason Shaw,C,F,MIN,28.25,21.8,True,2.6,3.26,25.35,30.97,7.09,0.11937,0.14972,1.16552,1.42403,0.32602,1.0,1.0,8.19,8.19,1.0,4.76,12.02,positive regression,22.56,1.037,-104.08,-0.783,126.64,1.82,NR,0.802,,,,,20,0,0,8.19,,,0.0,0.0,0.0,Stable,Low,1,20
8477996,Juho Lammikko,C,F,NJD,31.01,25.5,True,1.48,2.74,17.45,39.37,13.91,0.05805,0.10747,0.68428,1.54376,0.54567,0.9417,0.9417,9.88,9.88,1.0,0.0,11.92,positive regression,22.43,0.88,-104.21,-0.94,126.64,1.82,NR,,,0.756,,,0,0,24,,,9.88,0.0,0.0,0.0,Stable,Low,1,24
8483455,Isaac Howard,L,F,EDM,22.84,27.1,True,3.6,3.81,38.3,8.77,5.71,0.1331,0.14061,1.41538,0.32409,0.21086,1.106,1.106,10.31,10.31,1.0,5.56,11.74,positive regression,22.41,0.828,-104.23,-0.992,126.64,1.82,NR,,,0.588,,,0,0,29,,,10.31,0.0,0.0,0.0,Stable,Low,1,29
8478841,Colton White,D,D,CBJ,29.75,25.2,True,0.61,4.69,16.86,25.26,18.67,0.02441,0.18632,0.6695,1.00268,0.74143,0.992,0.996,12.26,12.26,1.0,0.0,5.39,positive regression,22.39,0.889,-98.69,-0.825,121.08,1.714,NR,,,0.796,,,0,0,23,,,12.26,0.0,0.0,0.0,Stable,Low,1,23
8475795,Dylan McIlrath,D,D,WSH,34.79,26.9,True,0.43,2.18,11.75,50.15,18.23,0.01602,0.08122,0.4373,1.86605,0.6785,0.8407,0.9204,10.5,10.05,0.9569,0.0,5.35,positive regression,22.31,0.83,-98.77,-0.884,121.08,1.714,NR,1.267,1.0,0.7,-0.267,-0.3,3,17,13,10.3,11.66,9.31,-0.494,-1.4344,0.2519,Volatile,Low,3,33
8476442,Matt Nieto,L,F,PIT,34.24,30.1,True,2.05,2.77,23.06,26.58,14.22,0.06789,0.09208,0.76564,0.88234,0.47196,0.8178,0.8178,12.03,12.62,1.0487,3.23,11.42,positive regression,22.0,0.73,-104.64,-1.09,126.64,1.82,NR,0.655,0.764,,0.109,,22,32,0,11.61,12.25,,0.639,0.36,0.2363,Rising,Low,2,54
8477482,Zachary Sanford,L,F,ARI/CHI,32.23,23.4,True,1.65,4.75,19.9,18.27,13.66,0.07048,0.20277,0.84928,0.77947,0.58264,0.9049,0.9049,10.84,10.84,1.0,0.0,11.53,positive regression,21.85,0.932,-104.79,-0.888,126.64,1.82,NR,0.829,,,,,29,0,0,10.84,,,0.0,0.0,0.0,Stable,Low,1,29
8477149,Scott Sabourin,R,F,TBL,34.51,26.9,True,1.29,3.19,10.98,48.14,8.78,0.04804,0.11853,0.40747,1.78716,0.32592,0.804,0.804,8.11,7.5,0.9251,9.09,12.34,positive regression,21.73,0.807,-104.91,-1.013,126.64,1.82,NR,0.933,0.75,1.004,-0.183,0.254,3,1,26,9.28,10.45,7.95,-0.663,0.7688,0.3264,Volatile,Low,3,30
8474145,Robert Bortuzzo,D,D,STL/NYI,37.88,27.3,True,0.31,1.33,8.43,27.27,35.4,0.01134,0.04865,0.30861,0.9983,1.29628,0.684,0.842,12.46,11.22,0.9,0.0,5.29,positive regression,21.72,0.795,-99.36,-0.919,121.08,1.714,NR,1.004,1.029,,0.025,,27,17,0,13.73,10.95,,-2.778,1.2532,0.0276,Stable,Low,2,44
8478476,Kyle Capobianco,D,D,DAL,29.47,28.6,True,1.45,3.24,17.57,12.4,24.95,0.05077,0.11341,0.61501,0.43403,0.87349,0.9965,0.9982,12.12,12.8,1.0567,11.11,6.05,negative regression,21.61,0.756,-99.47,-0.958,121.08,1.714,NR,,0.2,0.698,,0.498,0,1,33,,11.38,12.13,0.75,2.3999,0.7456,Rising,Low,2,34
8481564,Ryan Johnson,D,D,BUF,25.53,27.4,True,0.67,4.08,21.54,7.79,26.56,0.02437,0.14893,0.78694,0.28469,0.97011,1.0673,1.0673,13.68,12.32,0.9,,4.94,neutral,21.53,0.787,-99.55,-0.927,121.08,1.714,NR,0.756,0.683,0.483,-0.073,-0.2,41,3,3,13.87,17.67,9.0,-2.434,-0.0246,0.4912,Declining,Low,3,47
8476952,Dominic Toninato,C,F,CHI,32.9,24.6,True,1.77,3.79,18.49,32.09,8.79,0.07204,0.15432,0.75284,1.30636,0.35788,0.8841,0.8841,9.43,8.95,0.9496,0.0,11.98,positive regression,21.49,0.875,-105.15,-0.945,126.64,1.82,NR,1.21,0.55,0.681,-0.66,0.131,15,5,8,10.19,8.26,9.15,-0.519,-1.3293,0.2686,Declining,Low,3,28
8479536,Axel Jonsson-Fjallby,L,F,WPG,28.98,22.9,True,2.64,3.46,22.59,26.24,6.62,0.1154,0.15105,0.98741,1.1473,0.28925,0.9883,0.9883,8.11,8.11,1.0,8.7,12.3,positive regression,21.42,0.936,-105.22,-0.884,126.64,1.82,NR,0.785,,,,,26,0,0,8.11,,,0.0,0.0,0.0,Stable,Low,1,26
8471218,Blake Wheeler,R,F,NYR,40.42,28.1,True,3.06,3.89,26.18,10.21,9.65,0.10878,0.13839,0.93075,0.36294,0.34295,0.6,0.6,12.72,12.72,1.0,10.84,12.19,neutral,21.3,0.757,-105.34,-1.063,126.64,1.82,NR,1.213,,,,,54,0,0,12.72,,,0.0,0.0,0.0,Stable,Low,1,54
8479367,William Lockwood,R,F,FLA,28.62,22.9,True,1.74,2.08,19.69,45.44,7.45,0.07627,0.09107,0.86063,1.98624,0.32561,0.9941,0.9941,8.2,8.2,1.0,0.0,11.74,positive regression,21.26,0.929,-105.38,-0.891,126.64,1.82,NR,0.69,,,,,26,0,0,8.2,,,0.0,0.0,0.0,Stable,Low,1,26
8479718,Alex Barre-Boulet,C,F,SJS,29.7,25.9,True,3.43,3.11,26.21,19.51,4.79,0.13259,0.12038,1.0131,0.75392,0.18494,0.9775,0.9775,10.9,9.81,0.9,,12.7,neutral,21.04,0.813,-105.6,-1.007,126.64,1.82,NR,0.872,0.3,1.05,-0.572,0.75,36,2,2,11.19,10.16,8.4,-1.394,1.4114,0.8919,Volatile,Low,3,40
8484314,Jiri Smejkal,L,F,OTT,30.24,21.8,True,1.97,2.36,14.85,32.69,13.33,0.0904,0.10835,0.68283,1.50278,0.61298,0.9656,0.9656,9.48,9.48,1.0,10.0,12.53,positive regression,20.9,0.961,-105.74,-0.859,126.64,1.82,NR,0.797,,,,,20,0,0,9.48,,,0.0,0.0,0.0,Stable,Low,1,20
8475164,Jakob Silfverberg,R,F,ANA,36.3,33.2,False,2.83,3.78,30.34,5.45,10.57,0.08519,0.1138,0.91409,0.16429,0.31863,0.713,0.713,13.05,13.05,1.0,6.86,10.96,positive regression,20.66,0.623,-105.98,-1.197,126.64,1.82,NR,0.779,,,,,81,0,0,13.05,,,0.0,0.0,0.0,Stable,Low,1,81
8480825,Patrick Giles,R,F,SJS,27.08,23.2,True,2.31,2.42,21.76,27.2,10.54,0.09981,0.10453,0.9386,1.17295,0.45448,1.0178,1.0178,9.17,8.83,0.9636,0.0,12.2,positive regression,20.66,0.891,-105.98,-0.929,126.64,1.82,NR,,0.641,1.033,,0.392,0,17,3,,9.23,8.87,-0.364,2.8247,0.1703,Stable,Low,2,20
8483395,Arshdeep Bains,L,F,VAN,26.06,31.5,True,2.07,3.23,19.95,28.69,8.28,0.06573,0.10263,0.63348,0.91083,0.26292,1.0359,1.0359,9.81,8.83,0.9,5.56,11.99,positive regression,20.62,0.655,-106.02,-1.165,126.64,1.82,NR,0.338,0.696,0.616,0.358,-0.08,8,13,28,11.81,10.5,9.21,-1.3,1.15,0.3456,Volatile,Low,3,49
8474884,Mike Hoffman,C,F,SJS,37.19,30.4,False,3.08,4.19,22.61,9.25,8.39,0.10132,0.13789,0.74443,0.30442,0.27631,0.6683,0.6683,13.73,13.73,1.0,14.08,12.95,neutral,20.62,0.679,-106.02,-1.141,126.64,1.82,NR,0.988,,,,,66,0,0,13.73,,,0.0,0.0,0.0,Stable,Low,1,66
8480008,Adam Ruzicka,C,F,CGY/ARI,27.73,25.9,True,2.69,4.28,23.8,8.34,10.15,0.1038,0.16555,0.91979,0.32223,0.39246,1.008,1.008,10.03,10.03,1.0,8.57,12.13,positive regression,20.59,0.796,-106.05,-1.024,126.64,1.82,NR,0.668,,,,,42,0,0,10.03,,,0.0,0.0,0.0,Stable,Low,1,42
8474618,Marco Scandella,D,D,STL,36.94,30.2,False,0.81,2.4,15.11,28.17,20.41,0.0269,0.07942,0.50048,0.93301,0.67606,0.7311,0.8655,12.47,12.47,1.0,4.76,5.56,neutral,20.26,0.671,-100.82,-1.043,121.08,1.714,NR,0.776,,,,,65,0,0,12.47,,,0.0,0.0,0.0,Stable,Low,1,65
8484305,Zach Metsa,D,D,BUF,28.29,31.4,True,1.35,3.44,19.07,4.84,23.83,0.04298,0.10948,0.60661,0.15391,0.75786,1.0147,1.0147,10.97,10.97,1.0,8.33,5.92,negative regression,20.03,0.637,-101.05,-1.077,121.08,1.714,NR,,,0.592,,,0,0,43,,,10.97,0.0,0.0,0.0,Stable,Low,1,43
8483397,Marc McLaughlin,C,F,NJD,27.52,23.9,True,2.55,1.9,16.18,32.77,8.77,0.107,0.07965,0.67756,1.37256,0.36733,1.0112,1.0112,8.94,8.05,0.9,,13.05,neutral,20.01,0.838,-106.63,-0.982,126.64,1.82,NR,3.45,1.082,0.214,-2.368,-0.868,1,14,7,12.65,9.21,8.2,-2.228,-7.3974,0.4266,Declining,Low,3,22
8475780,Chris Wagner,R,F,COL,35.69,27.4,True,1.94,1.02,22.09,40.15,8.72,0.07074,0.03726,0.80519,1.46341,0.31769,0.7438,0.7438,7.19,6.86,0.9542,3.45,11.38,positive regression,19.81,0.722,-106.83,-1.098,126.64,1.82,NR,1.05,0.796,,-0.254,,13,28,0,7.45,7.09,,-0.359,-1.7167,0.0781,Stable,Low,2,41
8474040,Sam Gagner,C,F,EDM,37.48,23.2,True,3.03,3.06,26.1,10.05,9.11,0.13028,0.13182,1.12268,0.43213,0.3919,0.6535,0.6535,10.21,10.21,1.0,10.42,12.28,neutral,19.77,0.85,-106.87,-0.97,126.64,1.82,NR,1.216,,,,,28,0,0,10.21,,,0.0,0.0,0.0,Stable,Low,1,28
8471274,Alex Goligoski,D,D,MIN,41.51,24.8,True,0.45,4.1,13.82,14.61,21.89,0.01815,0.16573,0.55856,0.59045,0.88452,0.6,0.7625,14.81,14.81,1.0,0.0,5.04,positive regression,19.71,0.796,-101.37,-0.918,121.08,1.714,NR,1.099,,,,,36,0,0,14.81,,,0.0,0.0,0.0,Stable,Low,1,36
8480007,Jonas Rondbjerg,R,F,VGK,27.84,26.2,True,2.52,3.05,32.24,8.36,9.79,0.09615,0.11625,1.22815,0.31845,0.37298,1.0064,1.0064,10.75,11.12,1.0342,0.0,11.16,positive regression,19.56,0.745,-107.08,-1.075,126.64,1.82,NR,0.682,0.281,0.6,-0.401,0.319,20,13,4,11.28,9.63,12.08,0.401,-0.3255,0.7294,Volatile,Low,3,37
8481543,Nikita Alexandrov,C,F,STL,26.38,22.3,True,1.77,3.09,18.71,28.91,7.51,0.07922,0.13864,0.83834,1.29551,0.33674,1.0302,1.0302,8.53,8.53,1.0,0.0,11.92,positive regression,19.39,0.869,-107.25,-0.951,126.64,1.82,NR,0.587,,,,,23,0,0,8.53,,,0.0,0.0,0.0,Stable,Low,1,23
8470604,Jeff Carter,C,F,PIT,42.08,31.5,False,3.02,1.44,24.12,21.84,8.7,0.09579,0.04571,0.76557,0.69331,0.27635,0.6,0.6,12.57,12.57,1.0,12.22,12.52,neutral,19.23,0.61,-107.41,-1.21,126.64,1.82,NR,0.967,,,,,72,0,0,12.57,,,0.0,0.0,0.0,Stable,Low,1,72
8477073,Kurtis MacDermid,L,F,OTT,32.86,38.1,True,1.19,1.3,11.12,48.98,9.55,0.03127,0.03406,0.29168,1.28482,0.25041,0.8853,0.8853,4.92,4.63,0.9412,0.0,12.12,positive regression,19.14,0.502,-107.5,-1.318,126.64,1.82,NR,0.63,0.515,0.411,-0.115,-0.104,45,23,19,4.83,5.78,4.2,-0.316,-0.9797,0.1869,Stable,Low,3,87
8481572,Ville Heinola,D,D,VGK,25.92,24.1,True,0.79,2.03,22.94,17.09,21.85,0.03298,0.08418,0.95337,0.7101,0.90798,1.0588,1.0588,14.17,14.08,0.9943,0.0,5.29,positive regression,19.13,0.795,-101.95,-0.919,121.08,1.714,NR,,0.583,0.66,,0.077,0,18,5,,14.19,14.1,-0.088,0.3416,0.3265,Volatile,Low,2,23
8477846,Ryan Carpenter,C,F,SJS,36.04,29.6,False,2.3,2.82,21.17,16.72,10.77,0.0775,0.09508,0.7147,0.56446,0.36363,0.726,0.726,11.1,11.1,1.0,8.62,11.88,positive regression,19.11,0.645,-107.53,-1.175,126.64,1.82,NR,0.798,,,,,62,0,0,11.1,,,0.0,0.0,0.0,Stable,Low,1,62
8470610,Zach Parise,L,F,COL,42.51,23.6,True,2.71,2.7,23.75,10.1,11.45,0.11468,0.11442,1.0054,0.42756,0.48471,0.6,0.6,12.97,12.97,1.0,10.0,12.19,positive regression,19.06,0.807,-107.58,-1.013,126.64,1.82,NR,1.258,,,,,30,0,0,12.97,,,0.0,0.0,0.0,Stable,Low,1,30
8483930,Ivan Ivan,C,F,BOS,24.45,30.8,True,3.17,3.03,24.17,10.14,6.29,0.10294,0.09826,0.78446,0.32902,0.20405,1.0691,1.0691,9.47,8.52,0.9,0.0,12.7,positive regression,18.74,0.608,-107.9,-1.212,126.64,1.82,NR,,0.629,0.339,,-0.29,0,40,9,,10.04,7.45,-2.585,-1.03,0.2,Declining,Low,2,49
8480021,Jack Studnicka,C,F,PHI,27.95,28.1,True,1.91,0.84,23.6,31.96,10.09,0.06816,0.02986,0.84112,1.13882,0.35941,1.0048,1.0048,8.88,7.99,0.9,0.0,11.39,positive regression,18.54,0.661,-108.1,-1.159,126.64,1.82,NR,0.73,,0.437,,,22,0,19,11.45,,7.1,-2.178,-0.0643,0.0082,Declining,Low,2,41
8478078,Rourke Chartier,C,F,OTT,30.83,24.9,True,2.55,1.62,27.06,21.01,7.38,0.10242,0.06492,1.08526,0.84247,0.29588,0.9473,0.9473,10.77,10.77,1.0,5.0,11.58,positive regression,18.38,0.737,-108.26,-1.083,126.64,1.82,NR,0.588,,,,,37,0,0,10.77,,,0.0,0.0,0.0,Stable,Low,1,37
8478477,Mitchell Stephens,C,F,MTL,29.99,29.3,True,2.4,2.45,21.79,20.55,6.32,0.08202,0.08364,0.7435,0.70117,0.21569,0.9731,0.9731,9.16,9.32,1.0175,5.26,12.13,positive regression,18.08,0.617,-108.56,-1.203,126.64,1.82,NR,0.52,0.509,,-0.011,,23,28,0,9.05,9.23,,0.175,-0.1345,0.4005,Volatile,Low,2,51
8479547,Matthew Phillips,R,F,WSH/PIT,28.82,23.8,True,1.97,3.75,18.86,7.9,11.49,0.08268,0.15764,0.79193,0.33194,0.48239,0.9909,0.9909,10.18,10.18,1.0,4.76,12.02,positive regression,18.0,0.756,-108.64,-1.064,126.64,1.82,NR,0.581,,,,,31,0,0,10.18,,,0.0,0.0,0.0,Stable,Low,1,31
8480468,James Hamblin,L,F,ANA,27.77,23.8,True,2.23,1.91,17.12,12.31,15.95,0.09362,0.08004,0.71882,0.51703,0.67,1.0074,1.0074,7.92,7.92,1.0,11.11,12.53,neutral,17.93,0.753,-108.71,-1.067,126.64,1.82,NR,0.592,,,,,31,0,0,7.92,,,0.0,0.0,0.0,Stable,Low,1,31
8471686,Marc Staal,D,D,PHI,40.05,24.6,True,0.54,2.05,9.54,17.41,24.55,0.02208,0.08331,0.38827,0.70893,0.99951,0.6,0.7867,13.81,13.81,1.0,5.0,5.64,neutral,17.66,0.719,-103.42,-0.995,121.08,1.714,NR,0.931,,,,,35,0,0,13.81,,,0.0,0.0,0.0,Stable,Low,1,35
8481422,Jake Lucchini,C,F,NSH,31.74,26.2,True,2.13,2.74,18.3,16.63,9.16,0.08098,0.10423,0.69723,0.63341,0.34883,0.9198,0.9198,9.77,11.24,1.15,0.0,12.26,positive regression,17.63,0.672,-109.01,-1.148,126.64,1.82,NR,0.528,0.233,,-0.295,,40,3,0,9.6,11.49,,1.891,-2.079,0.5031,Volatile,Low,2,43
8483503,Owen Pickering,D,D,PIT,23.01,25.5,True,0.97,2.47,15.81,13.3,19.71,0.03812,0.09674,0.62006,0.5215,0.77294,1.1268,1.1268,14.36,12.93,0.9,0.0,5.72,positive regression,17.57,0.689,-103.51,-1.025,121.08,1.714,NR,,0.66,0.263,,-0.397,0,25,4,,14.81,12.1,-2.719,-1.3709,0.1832,Declining,Low,2,29
8476919,Chris Tierney,C,F,NJD,32.59,27.8,True,2.13,4.22,14.6,10.56,6.07,0.07683,0.15222,0.52621,0.38056,0.2189,0.8937,0.8937,9.03,9.03,1.0,15.38,12.89,negative regression,17.03,0.614,-109.61,-1.206,126.64,1.82,NR,0.617,,,,,52,0,0,9.03,,,0.0,0.0,0.0,Stable,Low,1,52
8474009,Nick Bonino,C,F,NYR,38.79,26.4,True,1.13,1.84,12.29,4.42,26.42,0.04259,0.06959,0.46497,0.16714,0.99931,0.6,0.6,12.25,12.25,1.0,3.23,11.59,positive regression,16.99,0.642,-109.65,-1.178,126.64,1.82,NR,0.932,,,,,45,0,0,12.25,,,0.0,0.0,0.0,Stable,Low,1,45
8478585,Derek Ryan,C,F,EDM,40.09,40.1,True,1.62,2.79,15.58,17.59,10.56,0.04044,0.0695,0.38838,0.43839,0.26314,0.6,0.6,9.85,9.09,0.9221,5.0,11.67,positive regression,16.98,0.423,-109.66,-1.397,126.64,1.82,D,0.713,0.69,,-0.023,,70,36,0,10.19,9.36,,-0.837,0.2306,0.1407,Stable,Low,2,106
8471699,Andrew Cogliano,C,F,COL,39.64,32.1,False,1.9,3.53,16.55,8.99,10.25,0.05924,0.11015,0.51625,0.28026,0.31975,0.6,0.6,10.61,10.61,1.0,9.84,12.08,positive regression,16.96,0.529,-109.68,-1.291,126.64,1.82,NR,0.817,,,,,75,0,0,10.61,,,0.0,0.0,0.0,Stable,Low,1,75
8480828,Michael Callahan,D,D,TBL,27.36,23.8,True,0.98,1.07,14.4,12.53,23.46,0.04111,0.04511,0.60472,0.52608,0.98535,1.0305,1.0305,13.83,12.78,0.9236,0.0,5.81,positive regression,16.45,0.691,-104.63,-1.023,121.08,1.714,NR,,0.538,0.84,,0.302,0,17,5,,14.14,12.99,-1.153,1.5965,0.3165,Volatile,Low,2,22
8475958,Michael Sgarbossa,C,F,WSH,34.52,23.4,True,2.82,3.01,18.13,11.03,3.06,0.12023,0.12825,0.77366,0.47068,0.13069,0.8035,0.8035,10.75,9.67,0.9,100.0,13.16,negative regression,16.14,0.689,-110.5,-1.131,126.64,1.82,NR,0.832,1.4,,0.568,,25,3,0,10.97,9.34,,-1.632,4.4444,0.3858,Volatile,Low,2,28
8475413,Justin Dowling,C,F,NYR,36.34,32.0,True,1.56,2.18,14.83,20.46,8.84,0.04883,0.06813,0.46343,0.63944,0.27629,0.711,0.711,10.1,9.09,0.9,0.0,12.01,positive regression,15.81,0.494,-110.83,-1.326,126.64,1.82,NR,1.5,0.663,0.55,-0.837,-0.113,2,52,2,10.53,10.22,7.19,-1.667,-1.9813,0.4019,Declining,Low,3,56
8479942,Dominik Shine,R,F,DET,33.79,25.9,True,2.29,1.34,15.03,21.01,6.75,0.08863,0.05171,0.58073,0.81217,0.2607,0.8407,0.8407,7.42,6.68,0.9,23.08,12.9,negative regression,15.41,0.596,-111.23,-1.224,126.64,1.82,NR,,0.722,0.714,,-0.008,0,9,18,,8.64,6.93,-1.709,1.1633,0.202,Stable,Low,2,27
8478512,Austin Czarnik,C,F,DET,34.14,24.4,True,1.36,1.48,16.35,12.19,9.51,0.05591,0.06055,0.67069,0.49996,0.39026,0.8229,0.8229,8.44,8.44,1.0,0.0,11.53,positive regression,13.16,0.54,-113.48,-1.28,126.64,1.82,NR,0.426,,,,,34,0,0,8.44,,,0.0,0.0,0.0,Stable,Low,1,34
8477930,Pierre-Edouard Bellemare,L,F,SEA,41.91,25.5,True,1.85,1.64,14.94,8.35,8.39,0.07246,0.06419,0.58599,0.32735,0.32892,0.6,0.6,9.84,9.84,1.0,11.11,12.44,neutral,13.0,0.51,-113.64,-1.31,126.64,1.82,NR,0.74,,,,,40,0,0,9.84,,,0.0,0.0,0.0,Stable,Low,1,40
8478400,Colin White,C,F,NJD,30.0,24.0,True,1.3,1.08,14.19,16.94,8.93,0.05425,0.04513,0.59124,0.7059,0.37192,0.973,0.973,9.25,8.32,0.9,0.0,11.83,positive regression,12.87,0.536,-113.77,-1.284,126.64,1.82,NR,0.393,0.3,,-0.093,,28,3,0,9.52,7.31,,-2.217,-0.0115,0.0286,Declining,Low,2,31
