playerId,playerName,position,positionGroup,seasonId,teams,changedTeams,gamesPlayed,goals,assists,shots,hits,blockedShots,takeaways,giveaways,toiPerGame,shootingPct,goalsPer60,assistsPer60,shotsPer60,hitsPer60,blocksPer60,age,shootsCatches,currentTeam
8477932,Aaron Ekblad,D,D,20232024,FLA,False,51,4,14,98,85,59,14,26,20.863,4.082,0.226,0.789,5.526,4.793,3.327,30.98,R,FLA
8477932,Aaron Ekblad,D,D,20242025,FLA,False,56,3,30,106,90,64,23,57,23.512,2.83,0.137,1.367,4.83,4.101,2.916,30.98,R,FLA
8477932,Aaron Ekblad,D,D,20252026,FLA,False,72,4,22,97,84,103,20,68,22.478,4.124,0.148,0.816,3.596,3.114,3.819,30.98,R,FLA
8482691,Aatu Räty,C,F,20242025,VAN,False,33,7,4,34,80,7,2,8,10.657,20.588,1.194,0.682,5.801,13.649,1.194,24.22,L,VAN
8482691,Aatu Räty,C,F,20252026,VAN,False,66,4,10,65,165,16,10,29,12.021,6.154,0.303,0.756,4.916,12.478,1.21,24.22,L,VAN
8480871,Adam Boqvist,D,D,20232024,CBJ,False,35,1,9,45,11,42,7,16,18.283,2.222,0.094,0.844,4.219,1.031,3.938,26.46,R,
8480871,Adam Boqvist,D,D,20242025,FLA/NYI,True,35,4,10,40,13,19,4,21,14.072,10.0,0.487,1.218,4.873,1.584,2.315,26.46,R,
8480871,Adam Boqvist,D,D,20252026,NYI,False,28,0,4,17,11,23,5,11,13.096,0.0,0.0,0.655,2.782,1.8,3.763,26.46,R,
8481726,Adam Edstrom,C,F,20232024,NYR,False,11,2,0,7,30,2,1,4,8.411,28.571,1.297,0.0,4.54,19.455,1.297,26.31,L,NSH
8481726,Adam Edstrom,C,F,20242025,NYR,False,51,5,4,40,94,34,7,19,9.274,12.5,0.634,0.507,5.074,11.925,4.313,26.31,L,NSH
8481726,Adam Edstrom,C,F,20252026,NYR,False,35,3,2,31,65,22,5,18,9.461,9.677,0.544,0.362,5.617,11.778,3.986,26.31,L,NSH
8477454,Adam Erne,L,F,20232024,EDM,False,24,1,1,13,68,5,4,4,7.819,7.692,0.32,0.32,4.157,21.742,1.599,31.79,L,
8477454,Adam Erne,L,F,20252026,DAL,False,45,6,2,43,142,20,9,17,10.007,13.953,0.799,0.266,5.729,18.92,2.665,31.79,L,
8484166,Adam Fantilli,C,F,20232024,CBJ,False,49,12,15,115,63,25,18,15,15.71,10.435,0.935,1.169,8.963,4.91,1.949,22.31,L,CBJ
8484166,Adam Fantilli,C,F,20242025,CBJ,False,82,31,23,191,113,56,23,89,17.478,16.23,1.298,0.963,7.996,4.731,2.344,22.31,L,CBJ
8484166,Adam Fantilli,C,F,20252026,CBJ,False,82,24,35,214,139,51,25,94,18.902,11.215,0.929,1.355,8.284,5.381,1.974,22.31,L,CBJ
8479323,Adam Fox,D,D,20232024,NYR,False,72,17,56,137,44,123,47,33,23.444,12.409,0.604,1.991,4.87,1.564,4.372,28.96,R,NYR
8479323,Adam Fox,D,D,20242025,NYR,False,74,10,51,135,40,108,40,76,23.249,7.407,0.349,1.779,4.708,1.395,3.767,28.96,R,NYR
8479323,Adam Fox,D,D,20252026,NYR,False,55,9,44,91,24,74,36,65,23.629,9.89,0.416,2.031,4.201,1.108,3.416,28.96,R,NYR
8478874,Adam Gaudette,R,F,20232024,STL,False,2,0,0,0,4,1,1,0,9.8,0.0,0.0,0.0,0.0,12.245,3.061,30.33,R,SJS
8478874,Adam Gaudette,R,F,20242025,OTT,False,81,19,7,90,68,28,8,38,10.422,21.111,1.35,0.498,6.397,4.833,1.99,30.33,R,SJS
8478874,Adam Gaudette,R,F,20252026,SJS,False,66,17,8,96,53,33,13,26,11.474,17.708,1.347,0.634,7.606,4.199,2.615,30.33,R,SJS
8474641,Adam Henrique,C,F,20232024,ANA/EDM,True,82,24,27,140,99,78,30,18,16.849,17.143,1.042,1.173,6.08,4.299,3.387,36.99,L,
8474641,Adam Henrique,C,F,20242025,EDM,False,81,12,15,104,58,85,19,57,14.644,11.538,0.607,0.759,5.261,2.934,4.3,36.99,L,
8474641,Adam Henrique,C,F,20252026,EDM,False,65,3,12,91,34,75,14,36,13.236,3.297,0.209,0.837,6.346,2.371,5.23,36.99,L,
8483609,Adam Klapka,R,F,20232024,CGY,False,6,1,0,4,21,3,1,1,6.761,25.0,1.479,0.0,5.916,31.06,4.437,26.38,R,CGY
8483609,Adam Klapka,R,F,20242025,CGY,False,31,6,4,44,108,25,6,11,9.652,13.636,1.203,0.802,8.823,21.657,5.013,26.38,R,CGY
8483609,Adam Klapka,R,F,20252026,CGY,False,79,6,12,80,295,51,14,36,10.634,7.5,0.429,0.857,5.714,21.069,3.642,26.38,R,CGY
8476457,Adam Larsson,D,D,20232024,SEA,False,81,4,14,130,162,151,22,18,22.945,3.077,0.129,0.452,4.197,5.23,4.875,34.22,R,SEA
8476457,Adam Larsson,D,D,20242025,SEA,False,82,7,21,112,104,148,33,55,21.186,6.25,0.242,0.725,3.868,3.592,5.112,34.22,R,SEA
8476457,Adam Larsson,D,D,20252026,SEA,False,82,7,18,106,110,163,16,53,21.373,6.604,0.24,0.616,3.629,3.766,5.58,34.22,R,SEA
8476392,Adam Lowry,C,F,20232024,WPG,False,81,12,23,119,181,65,38,17,16.104,10.084,0.552,1.058,5.474,8.326,2.99,33.85,L,WPG
8476392,Adam Lowry,C,F,20242025,WPG,False,73,16,18,99,140,60,20,44,15.428,16.162,0.852,0.959,5.274,7.458,3.196,33.85,L,WPG
8476392,Adam Lowry,C,F,20252026,WPG,False,70,5,16,71,150,48,18,36,14.971,7.042,0.286,0.916,4.065,8.588,2.748,33.85,L,WPG
8476917,Adam Pelech,D,D,20232024,NYI,False,58,1,15,71,64,111,14,31,20.282,1.408,0.051,0.765,3.621,3.264,5.662,32.46,L,NYI
8476917,Adam Pelech,D,D,20242025,NYI,False,60,0,21,109,73,87,36,58,21.114,0.0,0.0,0.995,5.162,3.457,4.12,32.46,L,NYI
8476917,Adam Pelech,D,D,20252026,NYI,False,82,4,12,122,66,124,31,70,20.891,3.279,0.14,0.42,4.273,2.312,4.343,32.46,L,NYI
8480008,Adam Ruzicka,C,F,20232024,CGY/ARI,True,42,3,6,35,11,16,6,11,10.027,8.571,0.427,0.855,4.987,1.567,2.28,27.73,L,
8482482,Adam Wilsby,D,D,20242025,NSH,False,23,1,4,33,18,17,10,24,18.099,3.03,0.144,0.577,4.756,2.594,2.45,26.49,L,NSH
8482482,Adam Wilsby,D,D,20252026,NSH,False,58,1,15,59,28,47,15,47,17.008,1.695,0.061,0.912,3.589,1.703,2.859,26.49,L,NSH
8477960,Adrian Kempe,R,F,20232024,LAK,False,77,28,47,246,112,32,31,24,18.934,11.382,1.152,1.934,10.124,4.609,1.317,30.39,L,LAK
8477960,Adrian Kempe,R,F,20242025,LAK,False,81,35,38,237,100,36,13,78,19.155,14.768,1.353,1.469,9.165,3.867,1.392,30.39,L,LAK
8477960,Adrian Kempe,R,F,20252026,LAK,False,81,36,37,226,127,39,24,67,19.306,15.929,1.381,1.42,8.671,4.873,1.496,30.39,L,LAK
8480851,Akil Thomas,C,F,20232024,LAK,False,7,3,1,9,8,3,2,0,8.729,33.333,2.946,0.982,8.838,7.856,2.946,27.08,R,VAN
8480851,Akil Thomas,C,F,20242025,LAK,False,25,1,2,20,42,12,1,5,9.914,5.0,0.242,0.484,4.842,10.167,2.905,27.08,R,VAN
8481607,Albert Johansson,D,D,20242025,DET,False,61,3,6,48,70,83,15,54,16.361,6.25,0.18,0.361,2.886,4.208,4.99,26.08,L,DET
8481607,Albert Johansson,D,D,20252026,DET,False,82,3,8,61,56,93,23,57,15.94,4.918,0.138,0.367,2.8,2.571,4.269,26.08,L,DET
8474166,Alec Martinez,D,D,20232024,VGK,False,55,4,13,72,29,165,12,25,19.044,5.556,0.229,0.745,4.124,1.661,9.452,39.52,L,
8474166,Alec Martinez,D,D,20242025,CHI,False,44,5,7,38,24,81,9,41,18.728,13.158,0.364,0.51,2.767,1.748,5.898,39.52,L,
8480831,Alec Regula,D,D,20252026,EDM,False,29,0,3,18,15,44,7,28,14.469,0.0,0.0,0.429,2.574,2.145,6.292,26.49,R,EDM
8477493,Aleksander Barkov,C,F,20232024,FLA,False,73,23,57,193,104,50,61,31,19.637,11.917,0.963,2.386,8.078,4.353,2.093,31.42,L,FLA
8477493,Aleksander Barkov,C,F,20242025,FLA,False,67,20,51,149,87,54,34,52,20.258,13.423,0.884,2.254,6.587,3.846,2.387,31.42,L,FLA
8479718,Alex Barre-Boulet,C,F,20232024,TBL,False,36,6,3,46,26,8,14,9,11.189,13.043,0.894,0.447,6.852,3.873,1.192,29.7,L,SJS
8479718,Alex Barre-Boulet,C,F,20242025,MTL,False,2,0,0,0,3,0,1,0,10.158,0.0,0.0,0.0,0.0,8.86,0.0,29.7,L,SJS
8479718,Alex Barre-Boulet,C,F,20252026,COL,False,2,0,1,0,3,0,0,0,8.4,0.0,0.0,3.571,0.0,10.714,0.0,29.7,L,SJS
8479337,Alex DeBrincat,R,F,20232024,DET,False,82,27,40,237,66,35,49,39,17.892,11.392,1.104,1.636,9.692,2.699,1.431,29.12,R,DET
8479337,Alex DeBrincat,R,F,20242025,DET,False,82,39,31,244,33,38,29,71,17.871,15.984,1.597,1.269,9.99,1.351,1.556,29.12,R,DET
8479337,Alex DeBrincat,R,F,20252026,DET,False,82,41,44,287,38,39,43,87,18.5,14.286,1.622,1.74,11.351,1.503,1.543,29.12,R,DET
8471274,Alex Goligoski,D,D,20232024,MIN,False,36,0,10,32,27,41,3,12,14.808,0.0,0.0,1.126,3.602,3.039,4.615,41.51,L,
8480113,Alex Iafallo,L,F,20232024,WPG,False,82,11,16,120,43,67,28,20,15.313,9.167,0.526,0.765,5.734,2.055,3.201,33.11,L,WPG
8480113,Alex Iafallo,L,F,20242025,WPG,False,82,15,16,109,53,61,26,30,13.283,13.761,0.826,0.881,6.004,2.92,3.36,33.11,L,WPG
8480113,Alex Iafallo,L,F,20252026,WPG,False,79,13,16,114,120,56,11,28,15.59,11.404,0.633,0.779,5.554,5.846,2.728,33.11,L,WPG
8473986,Alex Killorn,L,F,20232024,ANA,False,63,18,18,145,72,25,29,33,18.732,12.414,0.915,0.915,7.372,3.661,1.271,37.38,L,ANA
8473986,Alex Killorn,L,F,20242025,ANA,False,82,19,18,134,77,23,11,62,17.276,14.179,0.805,0.762,5.675,3.261,0.974,37.38,L,ANA
8473986,Alex Killorn,L,F,20252026,ANA,False,82,15,18,148,70,30,21,64,16.705,10.135,0.657,0.788,6.483,3.066,1.314,37.38,L,ANA
8482155,Alex Laferriere,R,F,20232024,LAK,False,81,12,11,147,113,27,21,26,13.22,8.163,0.672,0.616,8.237,6.332,1.513,25.26,R,LAK
8482155,Alex Laferriere,R,F,20242025,LAK,False,77,19,23,193,124,43,14,48,16.532,9.845,0.896,1.084,9.097,5.845,2.027,25.26,R,LAK
8482155,Alex Laferriere,R,F,20252026,LAK,False,82,21,23,209,255,49,22,85,18.31,10.048,0.839,0.919,8.352,10.19,1.958,25.26,R,LAK
8481618,Alex Newhook,C,F,20232024,MTL,False,55,15,19,85,36,31,21,30,16.926,17.647,0.967,1.225,5.478,2.32,1.998,26.01,L,MTL
8481618,Alex Newhook,C,F,20242025,MTL,False,82,15,11,118,89,32,15,38,15.132,12.712,0.725,0.532,5.706,4.304,1.547,26.01,L,MTL
8481618,Alex Newhook,C,F,20252026,MTL,False,42,13,12,61,48,17,2,13,14.485,21.311,1.282,1.183,6.016,4.734,1.677,26.01,L,MTL
8471214,Alex Ovechkin,L,F,20232024,WSH,False,79,31,34,272,162,27,26,35,19.221,11.397,1.225,1.343,10.748,6.401,1.067,41.38,R,WSH
8471214,Alex Ovechkin,L,F,20242025,WSH,False,65,44,29,237,110,13,12,47,17.724,18.565,2.292,1.51,12.343,5.729,0.677,41.38,R,WSH
8471214,Alex Ovechkin,L,F,20252026,WSH,False,82,32,32,244,134,16,9,62,17.448,13.115,1.342,1.342,10.232,5.619,0.671,41.38,R,WSH
8474565,Alex Pietrangelo,D,D,20232024,VGK,False,64,4,29,141,46,160,50,40,23.566,2.837,0.159,1.154,5.609,1.83,6.365,37.04,R,VGK
8474565,Alex Pietrangelo,D,D,20242025,VGK,False,71,4,29,123,41,139,25,106,22.402,3.252,0.151,1.094,4.64,1.547,5.243,37.04,R,VGK
8482634,Alex Steeves,C,F,20232024,TOR,False,1,0,0,1,6,0,1,0,10.233,0.0,0.0,0.0,5.863,35.18,0.0,27.15,L,BOS
8482634,Alex Steeves,C,F,20242025,TOR,False,7,1,1,7,19,1,0,0,9.89,14.286,0.867,0.867,6.067,16.467,0.867,27.15,L,BOS
8482634,Alex Steeves,C,F,20252026,BOS,False,43,9,7,55,144,27,9,23,11.928,16.364,1.053,0.819,6.434,16.845,3.158,27.15,L,BOS
8477949,Alex Tuch,R,F,20232024,BUF,False,75,22,37,192,72,82,82,31,19.504,11.458,0.902,1.518,7.875,2.953,3.363,30.73,R,WSH
8477949,Alex Tuch,R,F,20242025,BUF,False,82,36,31,196,73,113,49,76,19.254,18.367,1.368,1.178,7.449,2.774,4.294,30.73,R,WSH
8477949,Alex Tuch,R,F,20252026,BUF,False,79,33,33,195,82,90,39,60,18.994,16.923,1.32,1.32,7.797,3.279,3.599,30.73,R,WSH
8481532,Alex Turcotte,C,F,20232024,LAK,False,20,1,3,14,7,10,6,1,9.28,7.143,0.323,0.97,4.526,2.263,3.233,25.93,L,LAK
8481532,Alex Turcotte,C,F,20242025,LAK,False,68,9,16,79,46,30,9,39,11.737,11.392,0.677,1.203,5.939,3.458,2.255,25.93,L,LAK
8481532,Alex Turcotte,C,F,20252026,LAK,False,62,3,11,67,51,33,14,27,10.826,4.478,0.268,0.983,5.989,4.559,2.95,25.93,L,LAK
8481568,Alex Vlasic,D,D,20232024,CHI,False,76,2,14,71,56,148,60,47,21.479,2.817,0.074,0.515,2.61,2.058,5.44,25.66,L,CHI
8481568,Alex Vlasic,D,D,20242025,CHI,False,82,4,26,103,59,157,53,97,23.263,3.883,0.126,0.818,3.24,1.856,4.938,25.66,L,CHI
8481568,Alex Vlasic,D,D,20252026,CHI,False,81,2,19,86,29,119,28,92,21.133,2.326,0.07,0.666,3.014,1.016,4.171,25.66,L,CHI
8480823,Alexander Alexeyev,D,D,20232024,WSH,False,39,1,2,20,48,59,4,12,13.696,5.0,0.112,0.225,2.247,5.392,6.627,27.21,L,PIT
8480823,Alexander Alexeyev,D,D,20242025,WSH,False,8,0,0,7,9,14,2,7,16.071,0.0,0.0,0.0,3.267,4.2,6.534,27.21,L,PIT
8482222,Alexander Barabanov,L,F,20232024,SJS,False,46,4,9,67,27,15,18,15,15.872,5.97,0.329,0.74,5.506,2.219,1.233,32.63,L,
8482125,Alexander Holtz,R,F,20232024,NJD,False,82,16,12,122,44,17,10,21,11.635,13.115,1.006,0.755,7.672,2.767,1.069,25.02,R,VGK
8482125,Alexander Holtz,R,F,20242025,VGK,False,53,4,8,69,39,15,3,35,11.585,5.797,0.391,0.782,6.743,3.811,1.466,25.02,R,VGK
8482125,Alexander Holtz,R,F,20252026,VGK,False,28,3,6,30,29,11,1,20,11.481,10.0,0.56,1.12,5.599,5.413,2.053,25.02,R,VGK
8477021,Alexander Kerfoot,C,F,20232024,ARI,False,82,13,32,103,73,76,42,27,17.434,12.621,0.546,1.343,4.323,3.064,3.19,32.48,L,NSH
8477021,Alexander Kerfoot,C,F,20242025,UTA,False,81,11,17,101,59,67,30,78,15.253,10.891,0.534,0.826,4.905,2.865,3.254,32.48,L,NSH
8477021,Alexander Kerfoot,C,F,20252026,UTA,False,34,7,6,28,30,27,6,26,12.786,25.0,0.966,0.828,3.865,4.141,3.727,32.48,L,NSH
8482100,Alexander Nikishin,D,D,20252026,CAR,False,81,11,22,122,132,94,26,87,18.184,9.016,0.448,0.896,4.97,5.377,3.829,25.33,L,CAR
8479423,Alexander Nylander,L,F,20232024,PIT/CBJ,True,28,11,4,72,12,12,6,9,16.249,15.278,1.451,0.528,9.495,1.583,1.583,28.92,R,
8479423,Alexander Nylander,L,F,20242025,TOR,False,5,0,0,4,0,0,1,3,9.887,0.0,0.0,0.0,4.855,0.0,0.0,28.92,R,
8475755,Alexander Petrovic,D,D,20232024,DAL,False,1,0,0,2,2,0,0,0,12.867,0.0,0.0,0.0,9.326,9.326,0.0,34.92,R,FLA
8475755,Alexander Petrovic,D,D,20242025,DAL,False,5,0,0,5,10,6,1,5,14.107,0.0,0.0,0.0,4.253,8.506,5.104,34.92,R,FLA
8475755,Alexander Petrovic,D,D,20252026,DAL,False,54,2,8,57,88,77,9,45,15.353,3.509,0.145,0.579,4.125,6.369,5.573,34.92,R,FLA
8481014,Alexander Romanov,D,D,20232024,NYI,False,81,7,15,117,157,171,25,53,20.84,5.983,0.249,0.533,4.159,5.58,6.078,27.07,L,NYI
8481014,Alexander Romanov,D,D,20242025,NYI,False,64,4,16,100,147,165,24,81,22.307,4.0,0.168,0.672,4.203,6.178,6.934,27.07,L,NYI
8481014,Alexander Romanov,D,D,20252026,NYI,False,15,0,1,17,31,31,4,18,19.446,0.0,0.0,0.206,3.497,6.377,6.377,27.07,L,NYI
8477505,Alexander Wennberg,C,F,20232024,SEA/NYR,True,79,10,20,90,46,75,46,22,17.989,11.111,0.422,0.844,3.8,1.942,3.166,32.36,L,SJS
8477505,Alexander Wennberg,C,F,20242025,SJS,False,77,10,25,82,30,80,38,41,18.857,12.195,0.413,1.033,3.388,1.24,3.306,32.36,L,SJS
8477505,Alexander Wennberg,C,F,20252026,SJS,False,80,18,37,93,28,93,35,54,20.456,19.355,0.66,1.357,3.41,1.027,3.41,32.36,L,SJS
8478851,Alexandre Carrier,D,D,20232024,NSH,False,73,4,16,77,60,137,16,22,18.8,5.195,0.175,0.7,3.366,2.623,5.99,30.32,R,MTL
8478851,Alexandre Carrier,D,D,20242025,NSH/MTL,True,79,3,22,82,75,169,22,64,20.587,3.659,0.111,0.812,3.025,2.767,6.235,30.32,R,MTL
8478851,Alexandre Carrier,D,D,20252026,MTL,False,73,7,15,56,35,155,28,50,19.083,12.5,0.301,0.646,2.412,1.507,6.676,30.32,R,MTL
8480074,Alexandre Texier,L,F,20232024,CBJ,False,78,12,18,109,57,36,21,16,15.181,11.009,0.608,0.912,5.523,2.888,1.824,27.39,L,MTL
8480074,Alexandre Texier,L,F,20242025,STL,False,31,6,5,50,20,11,5,13,12.488,12.0,0.93,0.775,7.749,3.1,1.705,27.39,L,MTL
8480074,Alexandre Texier,L,F,20252026,STL/MTL,True,51,8,13,74,65,15,6,23,13.654,10.811,0.689,1.12,6.376,5.601,1.292,27.39,L,MTL
8480281,Alexey Toropchenko,R,F,20232024,STL,False,82,14,7,114,165,55,21,13,12.522,12.281,0.818,0.409,6.661,9.642,3.214,27.61,L,STL
8480281,Alexey Toropchenko,R,F,20242025,STL,False,80,4,14,90,223,53,6,24,12.492,4.444,0.24,0.841,5.403,13.389,3.182,27.61,L,STL
8480281,Alexey Toropchenko,R,F,20252026,STL,False,65,4,7,68,132,56,8,30,11.991,5.882,0.308,0.539,5.235,10.161,4.311,27.61,L,STL
8482109,Alexis Lafrenière,L,F,20232024,NYR,False,82,28,29,217,73,21,45,27,17.267,12.903,1.187,1.229,9.196,3.093,0.89,25.31,L,NYR
8482109,Alexis Lafrenière,L,F,20242025,NYR,False,82,17,28,153,119,27,25,46,17.005,11.111,0.731,1.205,6.583,5.12,1.162,25.31,L,NYR
8482109,Alexis Lafrenière,L,F,20252026,NYR,False,82,24,33,164,84,42,25,51,17.598,14.634,0.998,1.372,6.819,3.493,1.746,25.31,L,NYR
8481656,Aliaksei Protas,L,F,20232024,WSH,False,78,6,23,113,34,49,44,33,13.746,5.31,0.336,1.287,6.324,1.903,2.742,26.07,L,WSH
8481656,Aliaksei Protas,L,F,20242025,WSH,False,76,30,36,142,20,33,19,56,16.456,21.127,1.439,1.727,6.812,0.959,1.583,26.07,L,WSH
8481656,Aliaksei Protas,L,F,20252026,WSH,False,76,25,27,159,33,42,26,86,18.236,15.723,1.082,1.169,6.883,1.429,1.818,26.07,L,WSH
8475314,Anders Lee,L,F,20232024,NYI,False,81,20,17,185,176,54,27,19,15.567,10.811,0.952,0.809,8.803,8.375,2.57,36.58,L,UTA
8475314,Anders Lee,L,F,20242025,NYI,False,82,29,25,233,121,39,12,67,17.06,12.446,1.244,1.072,9.993,5.19,1.673,36.58,L,UTA
8475314,Anders Lee,L,F,20252026,NYI,False,82,19,23,199,91,37,10,60,15.638,9.548,0.889,1.076,9.311,4.258,1.731,36.58,L,UTA
8477444,Andre Burakovsky,L,F,20232024,SEA,False,49,7,9,92,13,14,24,11,14.565,7.609,0.588,0.757,7.735,1.093,1.177,31.98,L,OTT
8477444,Andre Burakovsky,L,F,20242025,SEA,False,79,10,27,115,33,27,18,38,14.422,8.696,0.527,1.422,6.056,1.738,1.422,31.98,L,OTT
8477444,Andre Burakovsky,L,F,20252026,CHI,False,75,11,22,87,18,35,30,61,16.41,12.644,0.536,1.073,4.241,0.878,1.706,31.98,L,OTT
8481732,Andre Lee,L,F,20242025,LAK,False,19,1,2,18,36,10,4,8,9.171,5.556,0.344,0.689,6.198,12.396,3.443,26.52,L,LAK
8481732,Andre Lee,L,F,20252026,LAK,False,7,1,1,5,17,3,3,2,10.283,20.0,0.834,0.834,4.168,14.17,2.501,26.52,L,LAK
8476960,Andreas Athanasiou,C,F,20232024,CHI,False,28,2,7,44,11,21,19,7,13.098,4.545,0.327,1.145,7.198,1.8,3.436,32.49,L,
8476960,Andreas Athanasiou,C,F,20242025,CHI,False,8,1,0,8,6,6,2,2,10.027,12.5,0.748,0.0,5.984,4.488,4.488,32.49,L,
8477971,Andreas Englund,D,D,20232024,LAK,False,82,1,9,41,189,87,8,22,13.222,2.439,0.055,0.498,2.269,10.459,4.815,31.03,L,CGY
8477971,Andreas Englund,D,D,20242025,LAK/NSH,True,35,1,2,17,78,40,6,23,13.261,5.882,0.129,0.259,2.198,10.083,5.171,31.03,L,CGY
8477971,Andreas Englund,D,D,20252026,NSH,False,3,0,0,2,4,1,0,2,8.817,0.0,0.0,0.0,4.537,9.073,2.268,31.03,L,CGY
8483808,Andrei Kuzmenko,L,F,20232024,VAN/CGY,True,72,22,24,121,14,17,27,24,14.884,18.182,1.232,1.344,6.775,0.784,0.952,30.99,R,PIT
8483808,Andrei Kuzmenko,L,F,20242025,CGY/PHI/LAK,True,66,11,26,83,19,22,22,57,15.63,13.253,0.64,1.512,4.828,1.105,1.28,30.99,R,PIT
8483808,Andrei Kuzmenko,L,F,20252026,LAK,False,52,13,12,69,18,14,10,49,14.916,18.841,1.006,0.928,5.338,1.392,1.083,30.99,R,PIT
8480830,Andrei Svechnikov,R,F,20232024,CAR,False,59,19,33,144,142,22,25,43,16.98,13.194,1.138,1.976,8.624,8.505,1.318,26.85,L,CAR
8480830,Andrei Svechnikov,R,F,20242025,CAR,False,72,20,28,180,148,22,17,99,17.114,11.111,0.974,1.363,8.765,7.207,1.071,26.85,L,CAR
8480830,Andrei Svechnikov,R,F,20252026,CAR,False,79,31,39,203,148,16,23,92,16.985,15.271,1.386,1.744,9.077,6.618,0.715,26.85,L,CAR
8471699,Andrew Cogliano,C,F,20232024,COL,False,75,6,13,61,33,40,13,14,10.61,9.836,0.452,0.98,4.599,2.488,3.016,39.64,L,
8477429,Andrew Copp,C,F,20232024,DET,False,79,13,20,109,33,51,26,31,16.274,11.927,0.607,0.933,5.087,1.54,2.38,32.57,L,DET
8477429,Andrew Copp,C,F,20242025,DET,False,56,10,13,68,9,35,18,37,14.702,14.706,0.729,0.947,4.956,0.656,2.551,32.57,L,DET
8477429,Andrew Copp,C,F,20252026,DET,False,79,9,34,115,44,64,22,75,16.573,7.826,0.412,1.558,5.27,2.016,2.933,32.57,L,DET
8478233,Andrew Mangiapane,L,F,20232024,CGY,False,75,14,26,122,89,33,24,29,15.995,11.475,0.7,1.3,6.102,4.451,1.651,30.83,L,CHI
8478233,Andrew Mangiapane,L,F,20242025,WSH,False,81,14,14,95,74,30,11,49,13.026,14.737,0.796,0.796,5.402,4.208,1.706,30.83,L,CHI
8478233,Andrew Mangiapane,L,F,20252026,EDM/CHI,True,62,8,8,58,65,28,8,36,12.484,13.793,0.62,0.62,4.496,5.039,2.171,30.83,L,CHI
8479369,Andrew Peeke,D,D,20232024,CBJ/BOS,True,38,1,9,37,88,78,5,14,16.399,2.703,0.096,0.867,3.562,8.473,7.51,28.88,R,UTA
8479369,Andrew Peeke,D,D,20242025,BOS,False,76,1,16,80,105,126,15,98,18.607,1.25,0.042,0.679,3.394,4.455,5.346,28.88,R,UTA
8479369,Andrew Peeke,D,D,20252026,BOS,False,77,5,9,82,105,135,10,59,19.385,6.098,0.201,0.362,3.296,4.221,5.427,28.88,R,UTA
8481065,Angus Crookshank,C,F,20232024,OTT,False,13,2,1,20,20,8,2,3,10.113,10.0,0.913,0.456,9.128,9.128,3.651,27.34,L,FLA
8481065,Angus Crookshank,C,F,20242025,OTT,False,8,0,1,9,11,4,0,6,9.833,0.0,0.0,0.763,6.865,8.39,3.051,27.34,L,FLA
8481065,Angus Crookshank,C,F,20252026,NJD,False,8,1,0,4,5,7,0,2,8.606,25.0,0.871,0.0,3.486,4.357,6.1,27.34,L,FLA
8478463,Anthony Beauvillier,R,F,20232024,VAN/CHI/NSH,True,60,5,12,105,53,35,31,10,13.581,4.762,0.368,0.884,7.731,3.903,2.577,29.65,L,WSH
8478463,Anthony Beauvillier,R,F,20242025,PIT/WSH,True,81,15,10,149,139,36,15,29,12.874,10.067,0.863,0.575,8.573,7.998,2.071,29.65,L,WSH
8478463,Anthony Beauvillier,R,F,20252026,WSH,False,82,15,13,155,93,48,21,44,15.797,9.677,0.695,0.602,7.18,4.308,2.223,29.65,L,WSH
8478519,Anthony Cirelli,C,F,20232024,TBL,False,79,20,25,129,64,75,48,24,18.519,15.504,0.82,1.025,5.29,2.625,3.076,29.55,L,TBL
8478519,Anthony Cirelli,C,F,20242025,TBL,False,80,27,32,160,25,72,21,66,18.69,16.875,1.083,1.284,6.421,1.003,2.889,29.55,L,TBL
8478519,Anthony Cirelli,C,F,20252026,TBL,False,71,23,29,125,50,47,25,50,17.315,18.4,1.123,1.415,6.101,2.44,2.294,29.55,L,TBL
8477407,Anthony Duclair,L,F,20232024,SJS/TBL,True,73,24,18,129,49,35,36,17,15.774,18.605,1.251,0.938,6.722,2.553,1.824,31.44,L,NYI
8477407,Anthony Duclair,L,F,20242025,NYI,False,44,7,4,60,26,21,9,43,15.042,11.667,0.635,0.363,5.439,2.357,1.904,31.44,L,NYI
8477407,Anthony Duclair,L,F,20252026,NYI,False,62,12,15,74,9,42,9,27,13.205,16.216,0.879,1.099,5.423,0.66,3.078,31.44,L,NYI
8477511,Anthony Mantha,R,F,20232024,WSH/VGK,True,74,23,21,113,55,31,23,22,14.224,20.354,1.311,1.197,6.441,3.135,1.767,32.38,L,NJD
8477511,Anthony Mantha,R,F,20242025,CGY,False,13,4,3,15,16,8,3,7,13.903,26.667,1.328,0.996,4.98,5.312,2.656,32.38,L,NJD
8477511,Anthony Mantha,R,F,20252026,PIT,False,81,33,31,152,52,40,20,82,15.187,21.711,1.61,1.512,7.414,2.536,1.951,32.38,L,NJD
8478409,Anthony Richard,C,F,20232024,BOS,False,9,1,2,6,25,5,3,2,10.607,16.667,0.629,1.257,3.771,15.713,3.143,30.12,L,
8478409,Anthony Richard,C,F,20242025,PHI,False,15,2,4,19,8,8,3,6,12.363,10.526,0.647,1.294,6.147,2.588,2.588,30.12,L,
8478409,Anthony Richard,C,F,20252026,PHI,False,1,0,0,0,0,0,0,0,7.133,0.0,0.0,0.0,0.0,0.0,0.0,30.12,L,
8478421,Anthony-John (AJ) Greer,L,F,20232024,CGY,False,59,6,6,57,100,24,18,16,8.832,10.526,0.691,0.691,6.563,11.514,2.763,30.13,L,ANA
8478421,Anthony-John (AJ) Greer,L,F,20242025,FLA,False,81,6,11,86,222,30,8,43,9.593,6.977,0.463,0.849,6.641,17.142,2.317,30.13,L,ANA
8478421,Anthony-John (AJ) Greer,L,F,20252026,FLA,False,78,17,15,104,203,29,9,52,12.429,16.346,1.052,0.928,6.437,12.564,1.795,30.13,L,ANA
8482113,Anton Lundell,C,F,20232024,FLA,False,78,13,22,166,61,40,32,31,15.376,7.831,0.65,1.101,8.305,3.052,2.001,25.33,L,FLA
8482113,Anton Lundell,C,F,20242025,FLA,False,79,17,28,158,110,54,27,60,16.712,10.759,0.773,1.272,7.18,4.999,2.454,25.33,L,FLA
8482113,Anton Lundell,C,F,20252026,FLA,False,64,18,26,138,75,35,14,64,19.152,13.043,0.881,1.273,6.755,3.671,1.713,25.33,L,FLA
8471685,Anze Kopitar,C,F,20232024,LAK,False,81,26,44,133,37,65,49,37,19.658,19.549,0.98,1.658,5.012,1.394,2.449,39.44,L,
8471685,Anze Kopitar,C,F,20242025,LAK,False,81,21,46,98,31,67,30,65,18.956,21.429,0.821,1.798,3.83,1.211,2.618,39.44,L,
8471685,Anze Kopitar,C,F,20252026,LAK,False,67,12,26,101,33,61,23,58,19.121,11.881,0.562,1.218,4.73,1.546,2.857,39.44,L,
8482964,Arber Xhekaj,D,D,20232024,MTL,False,44,3,7,61,125,49,4,28,15.927,4.918,0.257,0.599,5.223,10.702,4.195,26.0,L,MTL
8482964,Arber Xhekaj,D,D,20242025,MTL,False,70,1,5,69,180,63,16,59,14.624,1.449,0.059,0.293,4.044,10.55,3.693,26.0,L,MTL
8482964,Arber Xhekaj,D,D,20252026,MTL,False,65,1,3,40,178,43,2,35,11.423,2.5,0.081,0.242,3.232,14.384,3.475,26.0,L,MTL
8481721,Arseny Gritsyuk,R,F,20252026,NJD,False,66,13,18,149,58,18,24,46,15.174,8.725,0.779,1.078,8.927,3.475,1.078,25.88,L,NJD
8483395,Arshdeep Bains,L,F,20232024,VAN,False,8,0,0,4,7,2,1,1,11.806,0.0,0.0,0.0,2.541,4.447,1.271,26.06,L,VAN
8483395,Arshdeep Bains,L,F,20242025,VAN,False,13,1,0,8,17,7,1,4,10.504,12.5,0.439,0.0,3.515,7.47,3.076,26.06,L,VAN
8483395,Arshdeep Bains,L,F,20252026,VAN,False,28,1,4,18,24,5,6,11,9.206,5.556,0.233,0.931,4.19,5.586,1.164,26.06,L,VAN
8482245,Artem Zub,D,D,20232024,OTT,False,69,5,20,85,139,122,14,31,21.018,5.882,0.207,0.827,3.517,5.751,5.047,31.33,R,OTT
8482245,Artem Zub,D,D,20242025,OTT,False,56,2,11,57,58,118,19,50,20.633,3.509,0.104,0.571,2.96,3.012,6.127,31.33,R,OTT
8482245,Artem Zub,D,D,20252026,OTT,False,81,5,25,92,66,120,26,78,20.792,5.435,0.178,0.891,3.278,2.351,4.275,31.33,R,OTT
8478550,Artemi Panarin,L,F,20232024,NYR,False,82,49,71,303,18,15,34,72,20.119,16.172,1.782,2.582,11.02,0.655,0.546,35.26,R,LAK
8478550,Artemi Panarin,L,F,20242025,NYR,False,80,37,52,237,18,11,25,97,19.683,15.612,1.41,1.981,9.031,0.686,0.419,35.26,R,LAK
8478550,Artemi Panarin,L,F,20252026,NYR/LAK,True,78,28,56,224,11,16,25,105,20.842,12.5,1.033,2.067,8.267,0.406,0.591,35.26,R,LAK
8481560,Arthur Kaliyev,R,F,20232024,LAK,False,51,7,8,101,33,14,11,15,11.802,6.931,0.698,0.797,10.068,3.29,1.396,25.6,L,
8481560,Arthur Kaliyev,R,F,20242025,NYR,False,14,3,1,21,7,2,0,4,11.211,14.286,1.147,0.382,8.028,2.676,0.765,25.6,L,
8481560,Arthur Kaliyev,R,F,20252026,OTT,False,2,0,1,4,0,0,0,2,10.608,0.0,0.0,2.828,11.312,0.0,0.0,25.6,L,
8484938,Arttu Hyry,R,F,20242025,DAL,False,5,0,1,5,4,3,1,1,9.083,0.0,0.0,1.321,6.606,5.285,3.963,25.82,R,DAL
8484938,Arttu Hyry,R,F,20252026,DAL,False,20,3,2,24,32,6,4,12,11.776,12.5,0.764,0.51,6.114,8.152,1.529,25.82,R,DAL
8477476,Artturi Lehkonen,L,F,20232024,COL,False,45,16,18,103,49,18,20,15,18.471,15.534,1.155,1.299,7.435,3.537,1.299,31.58,L,COL
8477476,Artturi Lehkonen,L,F,20242025,COL,False,69,27,18,148,33,39,12,55,20.382,18.243,1.152,0.768,6.314,1.408,1.664,31.58,L,COL
8477476,Artturi Lehkonen,L,F,20252026,COL,False,70,21,27,153,45,33,13,45,18.481,13.725,0.974,1.252,7.096,2.087,1.531,31.58,L,COL
8484783,Artyom Levshunov,D,D,20242025,CHI,False,18,0,6,21,19,20,4,26,20.316,0.0,0.0,0.984,3.446,3.117,3.281,21.26,R,CHI
8484783,Artyom Levshunov,D,D,20252026,CHI,False,68,2,22,84,98,75,16,88,19.579,2.381,0.09,0.991,3.786,4.416,3.38,21.26,R,CHI
8478512,Austin Czarnik,C,F,20232024,DET,False,34,0,1,24,19,16,4,3,8.439,0.0,0.0,0.209,5.019,3.973,3.346,34.14,R,
8475766,Austin Watson,L,F,20232024,TBL,False,33,2,2,17,85,20,3,0,7.265,11.765,0.501,0.501,4.255,21.273,5.005,35.05,R,
8475766,Austin Watson,L,F,20242025,DET,False,13,3,0,13,36,2,1,5,7.854,23.077,1.763,0.0,7.639,21.155,1.175,35.05,R,
8479318,Auston Matthews,C,F,20232024,TOR,False,81,69,38,369,89,93,85,54,20.966,18.699,2.438,1.343,13.037,3.144,3.286,29.38,L,TOR
8479318,Auston Matthews,C,F,20242025,TOR,False,67,33,45,261,45,89,29,62,20.472,12.644,1.444,1.968,11.417,1.968,3.893,29.38,L,TOR
8479318,Auston Matthews,C,F,20252026,TOR,False,60,27,26,227,42,81,30,51,20.804,11.894,1.298,1.25,10.911,2.019,3.893,29.38,L,TOR
8479536,Axel Jonsson-Fjallby,L,F,20232024,WPG,False,26,2,3,23,30,7,3,3,8.113,8.696,0.569,0.853,6.542,8.533,1.991,28.98,L,
8484223,Axel Sandin-Pellikka,D,D,20252026,DET,False,68,7,14,68,17,54,8,60,16.211,10.294,0.381,0.762,3.701,0.925,2.939,21.9,R,DET
8476624,Barclay Goodrow,C,F,20232024,NYR,False,80,4,8,61,170,86,29,17,12.564,6.557,0.239,0.478,3.641,10.148,5.134,33.93,L,SJS
8476624,Barclay Goodrow,C,F,20242025,SJS,False,77,5,3,73,150,60,26,54,13.784,6.849,0.283,0.17,4.127,8.48,3.392,33.93,L,SJS
8476624,Barclay Goodrow,C,F,20252026,SJS,False,82,5,7,66,141,60,11,37,11.348,7.576,0.322,0.451,4.256,9.092,3.869,33.93,L,SJS
8480849,Barrett Hayton,C,F,20232024,ARI,False,33,3,7,66,17,15,9,8,17.014,4.545,0.321,0.748,7.053,1.817,1.603,26.65,L,UTA
8480849,Barrett Hayton,C,F,20242025,UTA,False,82,20,26,155,31,44,16,46,16.101,12.903,0.909,1.182,7.044,1.409,2.0,26.65,L,UTA
8480849,Barrett Hayton,C,F,20252026,UTA,False,67,10,15,119,34,29,13,40,15.123,8.403,0.592,0.888,7.047,2.013,1.717,26.65,L,UTA
8479359,Beck Malenstyn,L,F,20232024,WSH,False,81,6,15,98,241,93,30,20,14.244,6.122,0.312,0.78,5.096,12.533,4.836,28.99,L,BUF
8479359,Beck Malenstyn,L,F,20242025,BUF,False,76,4,6,67,191,63,10,39,10.531,5.97,0.3,0.45,5.023,14.319,4.723,28.99,L,BUF
8479359,Beck Malenstyn,L,F,20252026,BUF,False,81,7,7,72,282,75,12,35,11.244,9.722,0.461,0.461,4.743,18.578,4.941,28.99,L,BUF
8484762,Beckett Sennecke,R,F,20252026,ANA,False,82,23,37,197,97,24,26,96,17.445,11.675,0.965,1.552,8.263,4.069,1.007,21.01,R,ANA
8475279,Ben Chiarot,D,D,20232024,DET,False,77,5,15,107,163,167,18,33,19.778,4.673,0.197,0.591,4.216,6.422,6.58,35.74,L,DET
8475279,Ben Chiarot,D,D,20242025,DET,False,81,4,9,109,127,142,26,86,21.232,3.67,0.14,0.314,3.803,4.431,4.954,35.74,L,DET
8475279,Ben Chiarot,D,D,20252026,DET,False,82,5,10,103,170,160,25,74,20.837,4.854,0.176,0.351,3.617,5.97,5.619,35.74,L,DET
8477018,Ben Hutton,D,D,20232024,VGK,False,41,2,8,67,17,54,11,14,16.258,2.985,0.18,0.72,6.031,1.53,4.861,33.79,L,
8477018,Ben Hutton,D,D,20242025,VGK,False,11,0,2,11,10,19,0,4,13.233,0.0,0.0,0.824,4.534,4.122,7.832,33.79,L,
8477018,Ben Hutton,D,D,20252026,VGK,False,55,6,9,71,28,55,19,42,14.586,8.451,0.449,0.673,5.31,2.094,4.114,33.79,L,
8480259,Ben Jones,C,F,20242025,MIN,False,26,0,0,24,51,11,2,9,8.382,0.0,0.0,0.0,6.608,14.041,3.028,27.93,L,CGY
8480259,Ben Jones,C,F,20252026,MIN,False,28,1,2,26,58,11,1,9,8.832,3.846,0.243,0.485,6.308,14.072,2.669,27.93,L,CGY
8485414,Ben Kindel,C,F,20252026,PIT,False,77,17,18,151,30,58,25,83,15.063,11.258,0.879,0.931,7.811,1.552,3.0,19.79,R,PIT
8483570,Ben Meyers,C,F,20232024,COL/ANA,True,23,1,2,12,34,3,3,3,10.109,8.333,0.258,0.516,3.097,8.774,0.774,28.21,L,SEA
8483570,Ben Meyers,C,F,20242025,SEA,False,8,0,0,4,9,1,1,1,8.352,0.0,0.0,0.0,3.592,8.082,0.898,28.21,L,SEA
8483570,Ben Meyers,C,F,20252026,SEA,False,52,7,8,61,66,14,11,29,11.938,11.475,0.677,0.773,5.896,6.379,1.353,28.21,L,SEA
8484800,Berkly Catton,C,F,20252026,SEA,False,66,7,10,78,8,30,16,40,12.936,8.974,0.492,0.703,5.482,0.562,2.108,21.05,L,SEA
8476399,Blake Coleman,L,F,20232024,CGY,False,78,30,24,191,128,57,43,34,17.133,15.707,1.347,1.078,8.575,5.747,2.559,35.18,L,MIN
8476399,Blake Coleman,L,F,20242025,CGY,False,82,15,24,194,176,66,31,78,17.685,7.732,0.621,0.993,8.027,7.282,2.731,35.18,L,MIN
8476399,Blake Coleman,L,F,20252026,CGY,False,69,20,15,176,152,48,27,62,17.329,11.364,1.004,0.753,8.832,7.627,2.409,35.18,L,MIN
8481481,Blake Lizotte,C,F,20232024,LAK,False,62,7,8,76,64,28,11,13,11.821,9.211,0.573,0.655,6.222,5.239,2.292,29.14,L,PIT
8481481,Blake Lizotte,C,F,20242025,PIT,False,59,11,9,51,60,29,10,36,12.723,21.569,0.879,0.719,4.076,4.796,2.318,29.14,L,PIT
8481481,Blake Lizotte,C,F,20252026,PIT,False,55,7,12,49,49,35,12,32,13.875,14.286,0.55,0.943,3.853,3.853,2.752,29.14,L,PIT
8471218,Blake Wheeler,R,F,20232024,NYR,False,54,9,12,83,31,31,16,21,12.718,10.843,0.786,1.048,7.251,2.708,2.708,40.42,R,
8480870,Bo Groulx,C,F,20232024,ANA,False,45,0,2,32,101,30,10,10,12.189,0.0,0.0,0.219,3.5,11.048,3.282,26.99,L,TOR
8480870,Bo Groulx,C,F,20252026,TOR,False,13,3,2,15,34,6,0,11,15.692,20.0,0.882,0.588,4.412,10.0,1.765,26.99,L,TOR
8477500,Bo Horvat,C,F,20232024,NYI,False,81,33,35,248,61,42,35,44,19.694,13.306,1.241,1.316,9.328,2.294,1.58,31.83,L,NYI
8477500,Bo Horvat,C,F,20242025,NYI,False,81,28,29,243,100,40,22,91,20.173,11.523,1.028,1.065,8.923,3.672,1.469,31.83,L,NYI
8477500,Bo Horvat,C,F,20252026,NYI,False,68,31,26,226,51,38,19,69,20.763,13.717,1.317,1.105,9.604,2.167,1.615,31.83,L,NYI
8481553,Bobby Brink,R,F,20232024,PHI,False,57,11,12,81,36,24,10,12,13.793,13.58,0.839,0.916,6.182,2.747,1.832,25.57,R,MIN
8481553,Bobby Brink,R,F,20242025,PHI,False,79,12,29,105,98,30,21,58,14.831,11.429,0.615,1.485,5.377,5.019,1.536,25.57,R,MIN
8481553,Bobby Brink,R,F,20252026,PHI/MIN,True,68,15,15,104,80,39,12,44,15.159,14.423,0.873,0.873,6.053,4.657,2.27,25.57,R,MIN
8482259,Bobby McMann,C,F,20232024,TOR,False,56,15,9,118,117,18,21,12,11.559,12.712,1.39,0.834,10.938,10.845,1.668,30.63,L,SEA
8482259,Bobby McMann,C,F,20242025,TOR,False,74,20,14,169,136,23,16,33,14.497,11.834,1.119,0.783,9.452,7.606,1.286,30.63,L,SEA
8482259,Bobby McMann,C,F,20252026,TOR/SEA,True,78,29,17,183,165,27,18,44,15.931,15.847,1.4,0.821,8.836,7.967,1.304,30.63,L,SEA
8478147,Bokondji Imama,L,F,20232024,OTT,False,6,0,0,1,22,1,0,1,5.586,0.0,0.0,0.0,1.79,39.384,1.79,30.5,L,FLA
8478147,Bokondji Imama,L,F,20242025,PIT,False,16,1,0,10,45,7,0,3,5.666,10.0,0.662,0.0,6.618,29.783,4.633,30.5,L,FLA
8478147,Bokondji Imama,L,F,20252026,PIT,False,2,0,0,2,3,0,0,2,7.642,0.0,0.0,0.0,7.851,11.777,0.0,30.5,L,FLA
8476432,Boone Jenner,C,F,20232024,CBJ,False,58,22,13,155,119,74,24,19,20.096,14.194,1.132,0.669,7.979,6.126,3.809,33.63,L,WSH
8476432,Boone Jenner,C,F,20242025,CBJ,False,26,7,12,70,43,18,4,24,17.986,10.0,0.898,1.54,8.981,5.517,2.309,33.63,L,WSH
8476432,Boone Jenner,C,F,20252026,CBJ,False,67,13,25,132,147,66,14,53,16.079,9.848,0.724,1.392,7.352,8.187,3.676,33.63,L,WSH
8479383,Boris Katchouk,L,F,20232024,CHI/OTT,True,59,7,6,70,82,14,24,19,11.479,10.0,0.62,0.532,6.201,7.265,1.24,28.62,L,
8479383,Boris Katchouk,L,F,20252026,TBL,False,3,0,0,0,5,2,0,0,12.189,0.0,0.0,0.0,0.0,8.204,3.282,28.62,L,
8481524,Bowen Byram,D,D,20232024,COL/BUF,True,73,11,18,84,94,104,20,33,20.342,13.095,0.444,0.727,3.394,3.798,4.202,25.64,L,CHI
8481524,Bowen Byram,D,D,20242025,BUF,False,82,7,31,94,75,117,15,84,22.697,7.447,0.226,0.999,3.03,2.418,3.772,25.64,L,CHI
8481524,Bowen Byram,D,D,20252026,BUF,False,82,11,31,109,50,93,22,84,22.341,10.092,0.36,1.015,3.57,1.638,3.046,25.64,L,CHI
8483471,Brad Lambert,C,F,20232024,WPG,False,1,0,1,2,0,1,0,0,13.85,0.0,0.0,4.332,8.664,0.0,4.332,23.12,R,WPG
8483471,Brad Lambert,C,F,20242025,WPG,False,5,0,1,1,5,4,0,1,11.607,0.0,0.0,1.034,1.034,5.169,4.135,23.12,R,WPG
8483471,Brad Lambert,C,F,20252026,WPG,False,25,3,3,27,22,6,2,16,10.806,11.111,0.666,0.666,5.997,4.886,1.333,23.12,R,WPG
8473419,Brad Marchand,L,F,20232024,BOS,False,82,29,38,207,115,35,48,80,19.102,14.01,1.111,1.456,7.929,4.405,1.341,38.73,L,FLA
8473419,Brad Marchand,L,F,20242025,BOS/FLA,True,71,23,28,194,81,34,21,86,18.324,11.856,1.061,1.291,8.947,3.736,1.568,38.73,L,FLA
8473419,Brad Marchand,L,F,20252026,FLA,False,52,27,27,138,36,16,15,56,17.735,19.565,1.757,1.757,8.978,2.342,1.041,38.73,L,FLA
8482073,Braden Schneider,D,D,20232024,NYR,False,82,5,14,95,167,133,25,39,15.898,5.263,0.23,0.644,4.372,7.686,6.121,25.37,R,NYR
8482073,Braden Schneider,D,D,20242025,NYR,False,80,6,15,95,146,145,19,96,17.867,6.316,0.252,0.63,3.988,6.129,6.087,25.37,R,NYR
8482073,Braden Schneider,D,D,20252026,NYR,False,82,2,16,102,163,140,22,96,20.442,1.961,0.072,0.573,3.651,5.834,5.011,25.37,R,NYR
8476869,Brady Skjei,D,D,20232024,CAR,False,80,13,34,185,69,90,44,36,21.278,7.027,0.458,1.198,6.521,2.432,3.172,32.85,L,NSH
8476869,Brady Skjei,D,D,20242025,NSH,False,82,10,23,156,52,93,32,101,21.891,6.41,0.334,0.769,5.214,1.738,3.109,32.85,L,NSH
8476869,Brady Skjei,D,D,20252026,NSH,False,82,3,23,111,70,84,30,113,22.61,2.703,0.097,0.744,3.592,2.265,2.718,32.85,L,NSH
8480801,Brady Tkachuk,L,F,20232024,OTT,False,81,37,37,357,294,34,48,49,19.142,10.364,1.432,1.432,13.815,11.377,1.316,27.38,L,FLA
8480801,Brady Tkachuk,L,F,20242025,OTT,False,72,29,26,296,228,33,19,48,18.238,9.797,1.325,1.188,13.525,10.418,1.508,27.38,L,FLA
8480801,Brady Tkachuk,L,F,20252026,OTT,False,60,22,37,221,162,19,14,40,16.96,9.955,1.297,2.182,13.031,9.552,1.12,27.38,L,FLA
8483890,Braeden Bowman,R,F,20252026,VGK,False,54,8,18,75,19,24,16,22,14.131,10.667,0.629,1.415,5.897,1.494,1.887,23.6,R,VGK
8478443,Brandon Carlo,D,D,20232024,BOS,False,76,4,10,79,140,140,23,35,19.904,5.063,0.159,0.397,3.133,5.553,5.553,30.18,R,STL
8478443,Brandon Carlo,D,D,20242025,BOS/TOR,True,83,1,11,77,90,157,21,107,18.9,1.299,0.038,0.421,2.945,3.442,6.005,30.18,R,STL
8478443,Brandon Carlo,D,D,20252026,TOR,False,55,0,7,66,65,98,7,53,19.365,0.0,0.0,0.394,3.718,3.662,5.521,30.18,R,STL
8479520,Brandon Duhaime,L,F,20232024,MIN/COL,True,80,5,8,92,208,37,24,17,10.86,5.435,0.345,0.552,6.354,14.365,2.555,29.7,L,TOR
8479520,Brandon Duhaime,L,F,20242025,WSH,False,82,9,12,83,165,65,12,38,13.344,10.843,0.494,0.658,4.551,9.048,3.564,29.7,L,TOR
8479520,Brandon Duhaime,L,F,20252026,WSH,False,82,4,5,64,159,57,7,29,11.069,6.25,0.264,0.331,4.231,10.511,3.768,29.7,L,TOR
8479542,Brandon Hagel,L,F,20232024,TBL,False,82,26,49,184,55,45,54,39,19.256,14.13,0.988,1.862,6.992,2.09,1.71,28.43,L,TBL
8479542,Brandon Hagel,L,F,20242025,TBL,False,82,35,55,228,59,60,30,96,20.743,15.351,1.235,1.94,8.043,2.081,2.116,28.43,L,TBL
8479542,Brandon Hagel,L,F,20252026,TBL,False,71,36,38,214,42,38,35,75,19.76,16.822,1.54,1.625,9.152,1.796,1.625,28.43,L,TBL
8477986,Brandon Montour,D,D,20232024,FLA,False,66,8,25,168,104,67,18,40,23.447,4.762,0.31,0.969,6.514,4.032,2.598,32.81,R,SEA
8477986,Brandon Montour,D,D,20242025,SEA,False,81,18,23,231,84,100,25,97,22.976,7.792,0.58,0.742,7.447,2.708,3.224,32.81,R,SEA
8477986,Brandon Montour,D,D,20252026,SEA,False,64,11,21,174,75,78,32,92,22.56,6.322,0.457,0.873,7.231,3.117,3.241,32.81,R,SEA
8476438,Brandon Saad,L,F,20232024,STL,False,82,26,16,144,17,16,33,17,15.503,18.056,1.227,0.755,6.796,0.802,0.755,34.26,L,
8476438,Brandon Saad,L,F,20242025,STL/VGK,True,72,13,17,127,12,21,21,55,14.819,10.236,0.731,0.956,7.142,0.675,1.181,34.26,L,
8476438,Brandon Saad,L,F,20252026,VGK,False,49,3,6,78,11,18,11,30,13.385,3.846,0.274,0.549,7.136,1.006,1.647,34.26,L,
8479293,Brandon Tanev,L,F,20232024,SEA,False,66,7,9,73,148,62,31,13,14.587,9.589,0.436,0.561,4.55,9.224,3.864,35.09,L,UTA
8479293,Brandon Tanev,L,F,20242025,SEA/WPG,True,79,10,12,99,168,105,23,52,13.227,10.101,0.574,0.689,5.685,9.647,6.029,35.09,L,UTA
8479293,Brandon Tanev,L,F,20252026,UTA,False,56,0,3,42,155,34,7,35,9.358,0.0,0.0,0.343,4.809,17.746,3.893,35.09,L,UTA
8482730,Brandt Clarke,D,D,20232024,LAK,False,16,2,4,31,6,21,1,2,13.651,6.452,0.549,1.099,8.516,1.648,5.769,23.98,R,LAK
8482730,Brandt Clarke,D,D,20242025,LAK,False,78,5,28,131,23,121,24,63,16.279,3.817,0.236,1.323,6.19,1.087,5.718,23.98,R,LAK
8482730,Brandt Clarke,D,D,20252026,LAK,False,82,8,32,159,30,185,26,93,19.802,5.031,0.296,1.182,5.875,1.109,6.836,23.98,R,LAK
8475188,Brayden McNabb,D,D,20232024,VGK,False,82,4,22,86,149,207,31,24,19.354,4.651,0.151,0.832,3.251,5.633,7.826,36.03,L,VGK
8475188,Brayden McNabb,D,D,20242025,VGK,False,82,5,15,97,131,167,21,79,20.113,5.155,0.182,0.546,3.529,4.766,6.075,36.03,L,VGK
8475188,Brayden McNabb,D,D,20252026,VGK,False,63,5,7,81,110,142,16,50,20.523,6.173,0.232,0.325,3.759,5.105,6.59,36.03,L,VGK
8481167,Brayden Pachal,D,D,20232024,VGK/CGY,True,50,2,5,52,130,68,5,23,14.677,3.846,0.164,0.409,4.252,10.629,5.56,27.44,R,CGY
8481167,Brayden Pachal,D,D,20242025,CGY,False,76,3,9,61,159,83,16,64,14.24,4.918,0.166,0.499,3.382,8.815,4.602,27.44,R,CGY
8481167,Brayden Pachal,D,D,20252026,CGY,False,39,1,6,28,89,40,7,31,13.876,3.571,0.111,0.665,3.104,9.868,4.435,27.44,R,CGY
8478010,Brayden Point,C,F,20232024,TBL,False,81,46,44,227,16,44,36,35,20.039,20.264,1.7,1.626,8.391,0.591,1.626,30.89,R,TBL
8478010,Brayden Point,C,F,20242025,TBL,False,77,42,40,189,26,45,17,45,19.479,22.222,1.68,1.6,7.561,1.04,1.8,30.89,R,TBL
8478010,Brayden Point,C,F,20252026,TBL,False,63,18,32,129,8,23,13,41,18.258,13.953,0.939,1.669,6.729,0.417,1.2,30.89,R,TBL
8475170,Brayden Schenn,C,F,20232024,STL,False,82,20,26,170,169,51,59,38,17.781,11.765,0.823,1.07,6.996,6.955,2.099,35.45,L,NYI
8475170,Brayden Schenn,C,F,20242025,STL,False,82,18,32,145,194,55,13,56,17.561,12.414,0.75,1.333,6.042,8.083,2.292,35.45,L,NYI
8475170,Brayden Schenn,C,F,20252026,STL/NYI,True,80,18,21,119,180,41,18,50,16.769,15.126,0.805,0.939,5.322,8.051,1.834,35.45,L,NYI
8482153,Brendan Brisson,C,F,20232024,VGK,False,15,2,6,20,13,4,5,4,12.337,10.0,0.648,1.945,6.485,4.215,1.297,25.28,L,
8482153,Brendan Brisson,C,F,20242025,VGK,False,9,0,0,7,9,0,1,1,9.867,0.0,0.0,0.0,4.73,6.081,0.0,25.28,L,
8482153,Brendan Brisson,C,F,20252026,NYR,False,3,0,1,2,1,1,1,1,10.589,0.0,0.0,1.889,3.778,1.889,1.889,25.28,L,
8475848,Brendan Gallagher,R,F,20232024,MTL,False,77,16,15,154,63,35,28,27,13.791,10.39,0.904,0.848,8.701,3.56,1.978,34.74,R,VAN
8475848,Brendan Gallagher,R,F,20242025,MTL,False,82,21,17,148,92,38,16,62,13.914,14.189,1.104,0.894,7.783,4.838,1.998,34.74,R,VAN
8475848,Brendan Gallagher,R,F,20252026,MTL,False,77,7,16,121,98,20,11,37,12.351,5.785,0.442,1.009,7.634,6.183,1.262,34.74,R,VAN
8476867,Brendan Gaunce,C,F,20232024,CBJ,False,24,2,2,24,49,8,10,2,11.745,8.333,0.426,0.426,5.109,10.43,1.703,32.86,L,BOS
8476867,Brendan Gaunce,C,F,20242025,MIN,False,12,0,1,11,18,7,2,7,9.694,0.0,0.0,0.516,5.674,9.284,3.61,32.86,L,BOS
8476867,Brendan Gaunce,C,F,20252026,CBJ,False,25,2,4,29,44,21,6,7,11.903,6.897,0.403,0.807,5.847,8.872,4.234,32.86,L,BOS
8477962,Brendan Lemieux,L,F,20232024,CAR,False,32,3,2,29,71,6,3,5,8.007,10.345,0.703,0.468,6.791,16.626,1.405,30.88,L,
8474090,Brendan Smith,D,D,20232024,NJD,False,63,5,10,60,117,101,16,29,16.101,8.333,0.296,0.592,3.549,6.921,5.974,37.98,L,
8474090,Brendan Smith,D,D,20242025,DAL,False,32,1,5,27,41,23,7,28,13.209,3.704,0.142,0.71,3.833,5.82,3.265,37.98,L,
8474090,Brendan Smith,D,D,20252026,CBJ,False,15,0,2,10,12,11,5,15,11.078,0.0,0.0,0.722,3.611,4.333,3.972,37.98,L,
8475455,Brenden Dillon,D,D,20232024,WPG,False,77,8,12,79,241,111,6,28,18.741,10.127,0.333,0.499,3.285,10.02,4.615,36.22,L,NJD
8475455,Brenden Dillon,D,D,20242025,NJD,False,82,2,14,48,191,108,8,74,18.576,4.167,0.079,0.551,1.891,7.523,4.254,36.22,L,NJD
8475455,Brenden Dillon,D,D,20252026,NJD,False,82,3,12,55,202,103,10,56,17.998,5.455,0.122,0.488,2.236,8.212,4.187,36.22,L,NJD
8482747,Brennan Othmann,L,F,20232024,NYR,False,3,0,0,6,6,1,0,0,9.083,0.0,0.0,0.0,13.211,13.211,2.202,24.07,L,CGY
8482747,Brennan Othmann,L,F,20242025,NYR,False,22,0,2,20,43,7,1,6,9.971,0.0,0.0,0.547,5.47,11.761,1.915,24.07,L,CGY
8482747,Brennan Othmann,L,F,20252026,NYR/CGY,True,19,2,1,15,44,8,2,5,10.002,13.333,0.631,0.316,4.736,13.892,2.526,24.07,L,CGY
8470613,Brent Burns,D,D,20232024,CAR,False,82,10,33,185,41,87,35,56,21.501,5.405,0.34,1.123,6.296,1.395,2.961,41.9,R,COL
8470613,Brent Burns,D,D,20242025,CAR,False,82,6,23,174,11,98,36,104,20.956,3.448,0.209,0.803,6.075,0.384,3.422,41.9,R,COL
8470613,Brent Burns,D,D,20252026,COL,False,82,12,23,172,20,91,18,102,18.876,6.977,0.465,0.892,6.667,0.775,3.528,41.9,R,COL
8482132,Brett Berard,L,F,20242025,NYR,False,35,6,4,59,53,20,7,18,10.715,10.169,0.96,0.64,9.439,8.479,3.2,24.4,L,MTL
8482132,Brett Berard,L,F,20252026,NYR,False,13,0,0,10,17,9,1,9,10.542,0.0,0.0,0.0,4.378,7.443,3.94,24.4,L,MTL
8479353,Brett Howden,C,F,20232024,VGK,False,72,8,11,76,86,51,30,21,13.227,10.526,0.504,0.693,4.788,5.418,3.213,28.85,L,VGK
8479353,Brett Howden,C,F,20242025,VGK,False,80,23,17,125,121,56,22,42,14.863,18.4,1.161,0.858,6.308,6.106,2.826,28.85,L,VGK
8479353,Brett Howden,C,F,20252026,VGK,False,58,12,10,66,100,19,13,47,14.893,18.182,0.834,0.695,4.584,6.946,1.32,28.85,L,VGK
8476967,Brett Kulak,D,D,20232024,EDM,False,82,3,13,94,77,88,16,37,15.384,3.191,0.143,0.618,4.471,3.662,4.186,33.07,L,COL
8476967,Brett Kulak,D,D,20242025,EDM,False,82,7,18,135,28,118,23,81,20.535,5.185,0.249,0.641,4.81,0.998,4.205,33.07,L,COL
8476967,Brett Kulak,D,D,20252026,EDM/PIT/COL,True,83,1,11,95,19,108,14,64,18.961,1.053,0.038,0.419,3.622,0.724,4.118,33.07,L,COL
8481517,Brett Leason,R,F,20232024,ANA,False,68,11,11,91,80,65,20,16,13.009,12.088,0.746,0.746,6.172,5.426,4.409,27.76,R,SJS
8481517,Brett Leason,R,F,20242025,ANA,False,62,5,12,79,64,44,7,30,12.981,6.329,0.373,0.895,5.89,4.771,3.28,27.76,R,SJS
8481517,Brett Leason,R,F,20252026,WSH,False,6,0,0,1,10,0,0,1,8.581,0.0,0.0,0.0,1.165,11.654,0.0,27.76,R,SJS
8477488,Brett Pesce,D,D,20232024,CAR,False,70,3,10,107,25,113,35,18,20.289,2.804,0.127,0.422,4.52,1.056,4.774,32.21,R,NJD
8477488,Brett Pesce,D,D,20242025,NJD,False,72,3,14,99,24,138,25,62,21.32,3.03,0.117,0.547,3.87,0.938,5.394,32.21,R,NJD
8477488,Brett Pesce,D,D,20252026,NJD,False,37,1,6,45,11,80,16,23,20.305,2.222,0.08,0.479,3.594,0.878,6.389,32.21,R,NJD
8475208,Brian Dumoulin,D,D,20232024,SEA,False,80,6,10,69,72,79,18,25,17.016,8.696,0.264,0.441,3.041,3.173,3.482,35.41,L,LAK
8475208,Brian Dumoulin,D,D,20242025,ANA/NJD,True,80,3,19,69,74,109,28,53,19.544,4.348,0.115,0.729,2.648,2.84,4.183,35.41,L,LAK
8475208,Brian Dumoulin,D,D,20252026,LAK,False,82,2,15,61,36,89,21,94,17.751,3.279,0.082,0.618,2.514,1.484,3.669,35.41,L,LAK
8478444,Brock Boeser,R,F,20232024,VAN,False,81,40,33,204,56,29,28,21,18.602,19.608,1.593,1.314,8.123,2.23,1.155,29.93,R,VAN
8478444,Brock Boeser,R,F,20242025,VAN,False,75,25,25,145,76,34,18,37,18.161,17.241,1.101,1.101,6.387,3.348,1.498,29.93,R,VAN
8478444,Brock Boeser,R,F,20252026,VAN,False,75,22,26,166,54,26,16,57,19.053,13.253,0.924,1.092,6.97,2.267,1.092,29.93,R,VAN
8482122,Brock Faber,D,D,20232024,MIN,False,82,8,39,136,65,150,15,35,24.974,5.882,0.234,1.143,3.985,1.904,4.395,24.45,R,MIN
8482122,Brock Faber,D,D,20242025,MIN,False,78,10,19,124,36,115,29,109,25.525,8.065,0.301,0.573,3.737,1.085,3.466,24.45,R,MIN
8482122,Brock Faber,D,D,20252026,MIN,False,80,15,36,173,33,148,36,92,24.677,8.671,0.456,1.094,5.258,1.003,4.498,24.45,R,MIN
8476934,Brock McGinn,L,F,20232024,ANA,False,24,1,2,24,37,11,4,4,11.078,4.167,0.226,0.451,5.416,8.35,2.482,33.0,L,
8476934,Brock McGinn,L,F,20242025,ANA,False,26,4,4,30,61,28,7,8,11.708,13.333,0.788,0.788,5.913,12.023,5.519,33.0,L,
8475754,Brock Nelson,C,F,20232024,NYI,False,82,34,35,250,38,47,39,45,18.084,13.6,1.376,1.416,10.115,1.538,1.902,35.3,L,COL
8475754,Brock Nelson,C,F,20242025,NYI/COL,True,80,26,30,193,35,43,40,50,18.913,13.472,1.031,1.19,7.653,1.388,1.705,35.3,L,COL
8475754,Brock Nelson,C,F,20252026,COL,False,81,33,32,186,38,65,21,67,19.653,17.742,1.244,1.206,7.011,1.432,2.45,35.3,L,COL
8475810,Bryan Rust,R,F,20232024,PIT,False,62,28,28,196,47,51,29,34,19.578,14.286,1.384,1.384,9.688,2.323,2.521,34.73,R,PIT
8475810,Bryan Rust,R,F,20242025,PIT,False,71,31,34,191,62,54,17,64,19.751,16.23,1.326,1.455,8.172,2.653,2.31,34.73,R,PIT
8475810,Bryan Rust,R,F,20252026,PIT,False,72,29,36,183,35,71,13,78,19.944,15.847,1.212,1.504,7.646,1.462,2.967,34.73,R,PIT
8473504,Cal Clutterbuck,R,F,20232024,NYI,False,82,7,12,59,273,55,26,22,11.879,11.864,0.431,0.739,3.634,16.816,3.388,39.21,R,
8479985,Cale Fleury,D,D,20232024,SEA,False,1,0,0,1,3,0,0,0,13.5,0.0,0.0,0.0,4.444,13.333,0.0,28.2,R,SEA
8479985,Cale Fleury,D,D,20242025,SEA,False,14,0,1,16,30,28,5,10,12.867,0.0,0.0,0.333,5.329,9.992,9.326,28.2,R,SEA
8479985,Cale Fleury,D,D,20252026,SEA,False,23,1,2,22,50,34,4,20,16.296,4.545,0.16,0.32,3.522,8.004,5.443,28.2,R,SEA
8480069,Cale Makar,D,D,20232024,COL,False,77,21,69,231,37,148,70,42,24.77,9.091,0.661,2.171,7.267,1.164,4.656,28.26,R,COL
8480069,Cale Makar,D,D,20242025,COL,False,80,30,62,246,51,128,60,113,25.716,12.195,0.875,1.808,7.175,1.487,3.733,28.26,R,COL
8480069,Cale Makar,D,D,20252026,COL,False,75,20,59,199,35,118,40,86,24.848,10.05,0.644,1.9,6.407,1.127,3.799,28.26,R,COL
8478452,Caleb Jones,D,D,20232024,COL,False,25,0,5,19,34,26,6,7,12.208,0.0,0.0,0.983,3.735,6.684,5.111,29.66,L,PIT
8478452,Caleb Jones,D,D,20242025,LAK,False,6,0,0,6,10,5,1,3,12.569,0.0,0.0,0.0,4.774,7.956,3.978,29.66,L,PIT
8478452,Caleb Jones,D,D,20252026,PIT,False,7,0,1,5,10,15,1,4,17.171,0.0,0.0,0.499,2.496,4.992,7.488,29.66,L,PIT
8480884,Calen Addison,D,D,20232024,MIN/SJS,True,72,1,16,93,48,83,18,14,17.265,1.075,0.048,0.772,4.489,2.317,4.006,26.81,R,
8475714,Calle Jarnkrok,C,F,20232024,TOR,False,52,10,11,92,55,13,16,11,15.258,10.87,0.756,0.832,6.957,4.159,0.983,35.35,R,
8475714,Calle Jarnkrok,C,F,20242025,TOR,False,19,1,6,9,15,9,1,4,13.229,11.111,0.239,1.432,2.148,3.581,2.148,35.35,R,
8475714,Calle Jarnkrok,C,F,20252026,TOR,False,56,6,2,45,33,11,4,19,11.839,13.333,0.543,0.181,4.072,2.986,0.995,35.35,R,
8484221,Calum Ritchie,C,F,20242025,COL,False,7,1,0,11,6,2,1,4,12.781,9.091,0.671,0.0,7.377,4.024,1.341,22.03,R,NYI
8484221,Calum Ritchie,C,F,20252026,NYI,False,65,13,17,79,17,34,9,54,13.466,16.456,0.891,1.165,5.415,1.165,2.331,22.03,R,NYI
8475177,Calvin de Haan,D,D,20232024,TBL,False,59,3,7,56,96,82,11,23,16.625,5.357,0.184,0.428,3.426,5.872,5.016,35.74,L,
8475177,Calvin de Haan,D,D,20242025,COL/NYR,True,47,0,8,51,71,63,7,35,14.974,0.0,0.0,0.682,4.348,6.053,5.371,35.74,L,
8474715,Cam Atkinson,R,F,20232024,PHI,False,70,13,15,175,35,46,17,20,15.945,7.429,0.699,0.806,9.407,1.881,2.473,37.66,R,
8474715,Cam Atkinson,R,F,20242025,TBL,False,39,4,5,47,15,10,3,12,8.993,8.511,0.684,0.855,8.04,2.566,1.711,37.66,R,
8475764,Cam Fowler,D,D,20232024,ANA,False,81,5,34,109,41,119,27,44,24.423,4.587,0.152,1.031,3.306,1.244,3.609,35.16,L,STL
8475764,Cam Fowler,D,D,20242025,ANA/STL,True,68,9,31,88,8,87,16,63,21.543,10.227,0.369,1.27,3.604,0.328,3.563,35.16,L,STL
8475764,Cam Fowler,D,D,20252026,STL,False,82,4,26,91,9,72,19,63,21.079,4.396,0.139,0.903,3.159,0.312,2.499,35.16,L,STL
8481546,Cam York,D,D,20232024,PHI,False,82,10,20,134,76,174,18,32,22.619,7.463,0.323,0.647,4.335,2.459,5.629,26.07,L,PHI
8481546,Cam York,D,D,20242025,PHI,False,66,4,13,65,60,126,25,90,20.783,6.154,0.175,0.569,2.843,2.625,5.511,26.07,L,PHI
8481546,Cam York,D,D,20252026,PHI,False,74,4,22,89,24,145,20,67,22.536,4.494,0.144,0.792,3.202,0.863,5.217,26.07,L,PHI
8479336,Carl Grundstrom,R,F,20232024,LAK,False,50,8,4,95,115,16,10,13,10.937,8.421,0.878,0.439,10.423,12.618,1.756,29.17,L,PHI
8479336,Carl Grundstrom,R,F,20242025,SJS,False,56,3,6,88,172,18,5,35,9.596,3.409,0.335,0.67,9.826,19.204,2.01,29.17,L,PHI
8479336,Carl Grundstrom,R,F,20252026,PHI,False,47,9,4,56,139,23,7,21,11.851,16.071,0.969,0.431,6.032,14.973,2.478,29.17,L,PHI
8477369,Carson Soucy,D,D,20232024,VAN,False,40,2,4,29,65,64,8,14,17.485,6.897,0.172,0.343,2.488,5.576,5.49,32.52,L,
8477369,Carson Soucy,D,D,20242025,VAN/NYR,True,75,4,9,81,115,106,17,78,17.915,4.938,0.179,0.402,3.617,5.135,4.733,32.52,L,
8477369,Carson Soucy,D,D,20252026,NYR/NYI,True,76,5,7,62,105,91,20,77,16.519,8.065,0.239,0.335,2.963,5.018,4.349,32.52,L,
8477409,Carter Verhaeghe,C,F,20232024,FLA,False,76,34,38,246,63,20,39,39,17.962,13.821,1.494,1.67,10.812,2.769,0.879,31.47,L,FLA
8477409,Carter Verhaeghe,C,F,20242025,FLA,False,81,20,33,242,95,28,23,81,17.869,8.264,0.829,1.368,10.032,3.938,1.161,31.47,L,FLA
8477409,Carter Verhaeghe,C,F,20252026,FLA,False,77,25,30,187,68,22,29,66,17.613,13.369,1.106,1.327,8.273,3.008,0.973,31.47,L,FLA
8475231,Casey Cizikas,C,F,20232024,NYI,False,70,10,13,82,135,71,25,25,13.941,12.195,0.615,0.799,5.042,8.3,4.365,35.93,L,NYI
8475231,Casey Cizikas,C,F,20242025,NYI,False,82,7,10,97,202,66,18,42,13.041,7.216,0.393,0.561,5.442,11.334,3.703,35.93,L,NYI
8475231,Casey Cizikas,C,F,20252026,NYI,False,81,10,8,80,153,57,10,49,11.768,12.5,0.629,0.504,5.036,9.631,3.588,35.93,L,NYI
8479999,Casey Mittelstadt,C,F,20232024,BUF/COL,True,80,18,39,127,25,31,45,42,17.73,14.173,0.761,1.65,5.372,1.058,1.311,28.19,L,BOS
8479999,Casey Mittelstadt,C,F,20242025,COL/BOS,True,81,15,25,105,30,33,19,80,17.064,14.286,0.651,1.085,4.558,1.302,1.433,28.19,L,BOS
8479999,Casey Mittelstadt,C,F,20252026,BOS,False,71,15,27,80,23,21,12,74,15.162,18.75,0.836,1.505,4.459,1.282,1.17,28.19,L,BOS
8477244,Chad Ruhwedel,D,D,20232024,PIT/NYR,True,52,1,3,35,90,44,13,6,12.7,2.857,0.091,0.273,3.18,8.177,3.998,36.74,R,
8477244,Chad Ruhwedel,D,D,20242025,NYR,False,5,0,1,1,8,5,1,4,14.103,0.0,0.0,0.851,0.851,6.807,4.254,36.74,R,
8476905,Chandler Stephenson,C,F,20232024,VGK,False,75,16,35,97,43,40,41,18,18.484,16.495,0.692,1.515,4.198,1.861,1.731,32.78,L,SEA
8476905,Chandler Stephenson,C,F,20242025,SEA,False,78,13,38,73,33,50,30,58,19.509,17.808,0.513,1.498,2.878,1.301,1.971,32.78,L,SEA
8476905,Chandler Stephenson,C,F,20252026,SEA,False,80,16,33,93,20,56,32,67,19.382,17.204,0.619,1.277,3.599,0.774,2.167,32.78,L,SEA
8480426,Charle-Edouard D'Astous,D,D,20252026,TBL,False,70,6,23,80,96,74,21,64,18.752,7.5,0.274,1.051,3.657,4.388,3.382,28.78,L,TBL
8475745,Charlie Coyle,C,F,20232024,BOS,False,82,25,35,147,131,60,53,36,18.066,17.007,1.013,1.418,5.954,5.306,2.43,34.92,R,CBJ
8475745,Charlie Coyle,C,F,20242025,BOS/COL,True,83,17,18,115,108,61,42,54,16.989,14.783,0.723,0.766,4.893,4.595,2.596,34.92,R,CBJ
8475745,Charlie Coyle,C,F,20252026,CBJ,False,82,20,38,144,111,53,34,53,18.099,13.889,0.809,1.536,5.822,4.488,2.143,34.92,R,CBJ
8479325,Charlie McAvoy,D,D,20232024,BOS,False,74,12,35,133,159,159,29,57,24.846,9.023,0.392,1.142,4.34,5.189,5.189,29.11,R,BOS
8479325,Charlie McAvoy,D,D,20242025,BOS,False,50,7,16,98,89,81,26,72,23.67,7.143,0.355,0.811,4.968,4.512,4.106,29.11,R,BOS
8479325,Charlie McAvoy,D,D,20252026,BOS,False,69,11,50,111,79,129,29,88,24.39,9.91,0.392,1.783,3.957,2.817,4.599,29.11,R,BOS
8475184,Chris Kreider,L,F,20232024,NYR,False,82,39,36,246,99,20,23,29,18.784,15.854,1.519,1.402,9.583,3.856,0.779,35.76,L,ANA
8475184,Chris Kreider,L,F,20242025,NYR,False,68,22,8,152,79,26,9,39,16.754,14.474,1.159,0.421,8.005,4.161,1.369,35.76,L,ANA
8475184,Chris Kreider,L,F,20252026,ANA,False,75,22,28,139,69,20,17,68,17.049,15.827,1.032,1.314,6.522,3.238,0.938,35.76,L,ANA
8475690,Chris Tanev,D,D,20232024,CGY/DAL,True,75,2,17,56,45,207,25,38,19.684,3.571,0.081,0.691,2.276,1.829,8.413,37.12,R,TOR
8475690,Chris Tanev,D,D,20242025,TOR,False,75,3,15,43,20,189,10,80,19.749,6.977,0.122,0.608,1.742,0.81,7.656,37.12,R,TOR
8475690,Chris Tanev,D,D,20252026,TOR,False,11,0,2,8,2,15,5,8,17.973,0.0,0.0,0.607,2.428,0.607,4.552,37.12,R,TOR
8476919,Chris Tierney,C,F,20232024,NJD,False,52,4,8,26,20,12,14,9,9.025,15.385,0.511,1.023,3.324,2.557,1.534,32.59,L,
8475780,Chris Wagner,R,F,20232024,COL,False,13,1,1,16,30,5,1,2,7.454,6.25,0.619,0.619,9.907,18.575,3.096,35.69,R,
8475780,Chris Wagner,R,F,20242025,COL,False,28,1,0,29,57,13,1,4,7.095,3.448,0.302,0.0,8.759,17.215,3.926,35.69,R,
8477989,Christian Dvorak,C,F,20232024,MTL,False,30,5,4,35,16,19,12,14,15.531,14.286,0.644,0.515,4.507,2.06,2.447,31.0,L,PHI
8477989,Christian Dvorak,C,F,20242025,MTL,False,82,12,21,104,44,74,18,66,15.244,11.538,0.576,1.008,4.992,2.112,3.552,31.0,L,PHI
8477989,Christian Dvorak,C,F,20252026,PHI,False,80,18,33,151,38,52,20,62,18.459,11.921,0.731,1.341,6.135,1.544,2.113,31.0,L,PHI
8478432,Christian Fischer,R,F,20232024,DET,False,79,5,14,86,138,32,11,21,11.407,5.814,0.333,0.932,5.726,9.188,2.131,29.8,R,
8478432,Christian Fischer,R,F,20242025,DET/CBJ,True,46,1,6,31,93,19,4,15,11.114,3.226,0.117,0.704,3.638,10.915,2.23,29.8,R,
8473512,Claude Giroux,R,F,20232024,OTT,False,82,21,43,183,40,30,53,46,20.092,11.475,0.765,1.566,6.664,1.457,1.093,39.06,R,OTT
8473512,Claude Giroux,R,F,20242025,OTT,False,81,15,35,138,64,41,19,66,18.205,10.87,0.61,1.424,5.615,2.604,1.668,39.06,R,OTT
8473512,Claude Giroux,R,F,20252026,OTT,False,82,14,35,138,65,27,24,52,16.302,10.145,0.628,1.571,6.194,2.917,1.212,39.06,R,OTT
8479343,Clayton Keller,R,F,20232024,ARI,False,78,33,43,228,20,30,43,47,19.246,14.474,1.319,1.719,9.113,0.799,1.199,28.51,L,UTA
8479343,Clayton Keller,R,F,20242025,UTA,False,81,30,60,218,11,30,27,79,19.118,13.761,1.162,2.325,8.447,0.426,1.162,28.51,L,UTA
8479343,Clayton Keller,R,F,20252026,UTA,False,82,26,62,225,8,32,26,105,19.086,11.556,0.997,2.377,8.626,0.307,1.227,28.51,L,UTA
8476879,Cody Ceci,D,D,20232024,EDM,False,79,5,20,97,91,106,25,20,20.023,5.155,0.19,0.759,3.679,3.452,4.021,33.11,R,LAK
8476879,Cody Ceci,D,D,20242025,SJS/DAL,True,85,4,20,90,76,155,23,77,21.212,4.444,0.133,0.666,2.995,2.529,5.158,33.11,R,LAK
8476879,Cody Ceci,D,D,20252026,LAK,False,82,1,8,59,37,114,13,61,17.566,1.695,0.042,0.333,2.458,1.541,4.749,33.11,R,LAK
8479996,Cody Glass,C,F,20232024,NSH,False,41,6,7,82,31,20,15,18,13.432,7.317,0.654,0.763,8.934,3.377,2.179,27.84,R,NJD
8479996,Cody Glass,C,F,20242025,PIT/NJD,True,65,6,16,91,53,38,12,32,13.656,6.593,0.406,1.082,6.151,3.583,2.569,27.84,R,NJD
8479996,Cody Glass,C,F,20252026,NJD,False,70,19,7,104,42,39,8,35,13.614,18.269,1.196,0.441,6.548,2.644,2.455,27.84,R,NJD
8481540,Cole Caufield,R,F,20232024,MTL,False,82,28,37,314,56,22,33,41,19.421,8.917,1.055,1.394,11.83,2.11,0.829,26.08,R,MTL
8481540,Cole Caufield,R,F,20242025,MTL,False,82,37,33,240,66,31,23,56,18.076,15.417,1.498,1.336,9.715,2.672,1.255,26.08,R,MTL
8481540,Cole Caufield,R,F,20252026,MTL,False,81,51,37,258,50,21,22,56,18.184,19.767,2.078,1.507,10.51,2.037,0.855,26.08,R,MTL
8480252,Cole Guttman,C,F,20232024,CHI,False,27,4,4,50,11,14,14,10,12.62,8.0,0.704,0.704,8.804,1.937,2.465,27.83,R,LAK
8481043,Cole Koepke,L,F,20232024,TBL,False,9,0,2,9,23,1,2,1,6.702,0.0,0.0,1.989,8.953,22.879,0.995,28.71,L,WPG
8481043,Cole Koepke,L,F,20242025,BOS,False,73,10,7,85,177,26,8,33,11.246,11.765,0.731,0.512,6.212,12.936,1.9,28.71,L,WPG
8481043,Cole Koepke,L,F,20252026,WPG,False,66,8,9,86,186,19,14,30,10.459,9.302,0.695,0.782,7.475,16.167,1.651,28.71,L,WPG
8482149,Cole Perfetti,C,F,20232024,WPG,False,71,19,19,142,26,23,18,12,13.588,13.38,1.182,1.182,8.831,1.617,1.43,25.08,L,WPG
8482149,Cole Perfetti,C,F,20242025,WPG,False,82,18,32,143,71,45,20,55,15.187,12.587,0.867,1.542,6.89,3.421,2.168,25.08,L,WPG
8482149,Cole Perfetti,C,F,20252026,WPG,False,68,12,20,136,54,33,21,55,15.624,8.824,0.678,1.129,7.68,3.05,1.864,25.08,L,WPG
8481133,Cole Reinhardt,L,F,20242025,OTT,False,17,1,1,13,37,2,1,7,8.202,7.692,0.43,0.43,5.594,15.922,0.861,27.0,L,FLA
8481133,Cole Reinhardt,L,F,20252026,VGK/FLA,True,59,9,6,49,129,16,5,28,10.649,18.367,0.859,0.573,4.679,12.319,1.528,27.0,L,FLA
8481655,Cole Schwindt,R,F,20232024,CGY,False,4,0,0,1,5,1,0,1,6.792,0.0,0.0,0.0,2.208,11.042,2.208,25.77,R,FLA
8481655,Cole Schwindt,R,F,20242025,VGK,False,42,1,7,32,41,17,6,21,9.256,3.125,0.154,1.08,4.939,6.328,2.624,25.77,R,FLA
8481655,Cole Schwindt,R,F,20252026,FLA,False,29,5,2,25,39,11,3,8,10.038,20.0,1.031,0.412,5.153,8.038,2.267,25.77,R,FLA
8482705,Cole Sillinger,C,F,20232024,CBJ,False,77,13,19,157,119,74,31,21,16.119,8.28,0.628,0.918,7.59,5.753,3.577,23.72,L,CBJ
8482705,Cole Sillinger,C,F,20242025,CBJ,False,66,11,22,129,74,36,21,50,16.914,8.527,0.591,1.182,6.933,3.977,1.935,23.72,L,CBJ
8482705,Cole Sillinger,C,F,20252026,CBJ,False,81,8,25,136,112,44,31,58,15.221,5.882,0.389,1.217,6.619,5.451,2.141,23.72,L,CBJ
8482062,Cole Smith,R,F,20232024,NSH,False,80,9,14,112,235,32,36,26,13.689,8.036,0.493,0.767,6.136,12.875,1.753,31.26,L,CHI
8482062,Cole Smith,R,F,20242025,NSH,False,71,4,8,69,163,29,18,41,13.606,5.797,0.248,0.497,4.286,10.124,1.801,31.26,L,CHI
8482062,Cole Smith,R,F,20252026,NSH/VGK,True,63,8,4,69,173,18,14,21,13.282,11.594,0.574,0.287,4.948,12.405,1.291,31.26,L,CHI
8476278,Colin Blackwell,C,F,20232024,CHI,False,44,8,4,88,45,22,21,14,14.492,9.091,0.753,0.376,8.28,4.234,2.07,33.85,R,DAL
8476278,Colin Blackwell,C,F,20242025,DAL,False,63,6,11,63,84,23,15,34,11.563,9.524,0.494,0.906,5.189,6.919,1.894,33.85,R,DAL
8476278,Colin Blackwell,C,F,20252026,DAL,False,70,4,11,61,112,37,17,31,11.893,6.557,0.288,0.793,4.396,8.072,2.667,33.85,R,DAL
8476525,Colin Miller,D,D,20232024,NJD/WPG,True,46,4,5,69,91,37,14,17,15.705,5.797,0.332,0.415,5.731,7.558,3.073,34.26,R,
8476525,Colin Miller,D,D,20242025,WPG,False,60,4,11,68,84,50,12,53,14.518,5.882,0.276,0.758,4.684,5.786,3.444,34.26,R,
8476525,Colin Miller,D,D,20252026,WPG,False,18,0,2,20,29,13,4,13,14.275,0.0,0.0,0.467,4.67,6.772,3.036,34.26,R,
8478400,Colin White,C,F,20232024,PIT/MTL,True,28,0,0,16,22,12,9,9,9.523,0.0,0.0,0.0,3.6,4.95,2.7,30.0,R,NJD
8478400,Colin White,C,F,20242025,SJS,False,3,0,0,1,2,1,0,1,7.306,0.0,0.0,0.0,2.737,5.475,2.737,30.0,R,NJD
8484911,Collin Graf,R,F,20232024,SJS,False,7,0,2,7,5,7,5,1,16.595,0.0,0.0,1.033,3.616,2.583,3.616,24.36,R,SJS
8484911,Collin Graf,R,F,20242025,SJS,False,33,5,6,40,20,15,7,15,15.86,12.5,0.573,0.688,4.586,2.293,1.72,24.36,R,SJS
8484911,Collin Graf,R,F,20252026,SJS,False,81,21,25,118,88,48,34,55,16.443,17.797,0.946,1.126,5.316,3.964,2.162,24.36,R,SJS
8482703,Colton Dach,C,F,20242025,CHI,False,25,2,5,27,86,12,13,12,12.128,7.407,0.396,0.989,5.343,17.018,2.375,24.08,L,EDM
8482703,Colton Dach,C,F,20252026,CHI/EDM,True,61,5,8,58,219,29,14,31,11.478,8.621,0.428,0.686,4.97,18.767,2.485,24.08,L,EDM
8476892,Colton Parayko,D,D,20232024,STL,False,82,10,16,154,113,218,73,48,23.861,6.494,0.307,0.491,4.722,3.465,6.685,33.73,R,STL
8476892,Colton Parayko,D,D,20242025,STL,False,64,16,20,125,92,149,27,86,23.753,12.8,0.631,0.789,4.934,3.631,5.881,33.73,R,STL
8476892,Colton Parayko,D,D,20252026,STL,False,77,4,14,105,95,172,35,92,22.196,3.81,0.14,0.491,3.686,3.335,6.038,33.73,R,STL
8476925,Colton Sissons,C,F,20232024,NSH,False,81,15,20,131,137,57,33,31,16.574,11.45,0.67,0.894,5.855,6.123,2.547,33.24,R,TOR
8476925,Colton Sissons,C,F,20242025,NSH,False,72,7,14,80,100,67,20,32,14.359,8.75,0.406,0.812,4.643,5.804,3.888,33.24,R,TOR
8476925,Colton Sissons,C,F,20252026,VGK,False,66,6,5,74,93,46,12,30,12.497,8.108,0.436,0.364,5.383,6.765,3.346,33.24,R,TOR
8478841,Colton White,D,D,20252026,NJD,False,23,0,4,14,23,16,4,21,12.256,0.0,0.0,0.851,2.98,4.896,3.406,29.75,L,CBJ
8484144,Connor Bedard,C,F,20232024,CHI,False,68,22,39,206,54,27,47,57,19.783,10.68,0.981,1.739,9.188,2.408,1.204,21.54,R,CHI
8484144,Connor Bedard,C,F,20242025,CHI,False,82,23,44,195,47,37,26,90,20.286,11.795,0.83,1.587,7.034,1.695,1.335,21.54,R,CHI
8484144,Connor Bedard,C,F,20252026,CHI,False,69,30,45,226,31,27,27,86,20.867,13.274,1.25,1.875,9.418,1.292,1.125,21.54,R,CHI
8477015,Connor Brown,R,F,20232024,EDM,False,71,4,8,108,32,24,46,21,12.8,3.704,0.264,0.528,7.13,2.113,1.585,33.05,R,NJD
8477015,Connor Brown,R,F,20242025,EDM,False,82,13,17,123,19,37,26,55,14.01,10.569,0.679,0.888,6.424,0.992,1.932,33.05,R,NJD
8477015,Connor Brown,R,F,20252026,NJD,False,75,18,25,116,25,37,21,59,17.551,15.517,0.82,1.14,5.287,1.14,1.687,33.05,R,NJD
8477365,Connor Clifton,D,D,20232024,BUF,False,79,4,14,77,204,117,27,24,16.556,5.195,0.183,0.642,3.532,9.358,5.367,31.77,R,BOS
8477365,Connor Clifton,D,D,20242025,BUF,False,73,1,15,63,208,116,26,67,16.049,1.587,0.051,0.768,3.226,10.652,5.941,31.77,R,BOS
8477365,Connor Clifton,D,D,20252026,PIT,False,50,2,4,35,180,84,13,40,16.766,5.714,0.143,0.286,2.505,12.883,6.012,31.77,R,BOS
8480980,Connor Dewar,C,F,20232024,MIN/TOR,True,74,11,8,77,123,38,21,6,11.65,14.286,0.766,0.557,5.359,8.56,2.645,27.6,L,PIT
8480980,Connor Dewar,C,F,20242025,TOR/PIT,True,48,4,6,55,129,37,6,36,11.558,7.273,0.433,0.649,5.948,13.951,4.002,27.6,L,PIT
8480980,Connor Dewar,C,F,20252026,PIT,False,78,14,16,110,144,46,9,33,13.924,12.727,0.773,0.884,6.077,7.955,2.541,27.6,L,PIT
8478402,Connor McDavid,C,F,20232024,EDM,False,76,32,100,263,118,39,68,84,21.359,12.167,1.183,3.696,9.721,4.362,1.442,30.05,L,EDM
8478402,Connor McDavid,C,F,20242025,EDM,False,67,26,74,196,40,18,32,74,22.031,13.265,1.057,3.008,7.967,1.626,0.732,30.05,L,EDM
8478402,Connor McDavid,C,F,20252026,EDM,False,82,48,90,306,40,30,32,134,22.985,15.686,1.528,2.865,9.741,1.273,0.955,30.05,L,EDM
8481580,Connor McMichael,L,F,20232024,WSH,False,80,18,15,135,45,39,39,26,15.987,13.333,0.844,0.704,6.333,2.111,1.83,26.05,L,STL
8481580,Connor McMichael,L,F,20242025,WSH,False,82,26,31,177,39,36,20,68,16.809,14.689,1.132,1.349,7.705,1.698,1.567,26.05,L,STL
8481580,Connor McMichael,L,F,20252026,WSH,False,78,14,32,142,45,45,29,56,16.906,9.859,0.637,1.456,6.461,2.048,2.048,26.05,L,STL
8476473,Connor Murphy,D,D,20232024,CHI,False,46,2,6,51,116,113,12,26,19.832,3.922,0.132,0.395,3.354,7.629,7.432,33.85,R,EDM
8476473,Connor Murphy,D,D,20242025,CHI,False,68,2,17,84,117,160,17,64,20.615,2.381,0.086,0.728,3.595,5.008,6.848,33.85,R,EDM
8476473,Connor Murphy,D,D,20252026,CHI/EDM,True,80,5,12,70,90,138,17,65,17.54,7.143,0.214,0.513,2.993,3.848,5.901,33.85,R,EDM
8482074,Connor Zary,C,F,20232024,CGY,False,63,14,20,90,29,29,16,27,15.274,15.556,0.873,1.247,5.612,1.808,1.808,25.35,L,CGY
8482074,Connor Zary,C,F,20242025,CGY,False,54,13,14,111,26,26,10,40,16.074,11.712,0.899,0.968,7.673,1.797,1.797,25.35,L,CGY
8482074,Connor Zary,C,F,20252026,CGY,False,74,12,13,110,45,17,14,44,14.369,10.909,0.677,0.734,6.207,2.539,0.959,25.35,L,CGY
8478856,Conor Garland,R,F,20232024,VAN,False,82,20,27,200,53,34,51,9,14.538,10.0,1.007,1.359,10.066,2.668,1.711,30.89,R,CBJ
8478856,Conor Garland,R,F,20242025,VAN,False,81,19,31,171,49,58,20,63,18.655,11.111,0.754,1.231,6.79,1.946,2.303,30.89,R,CBJ
8478856,Conor Garland,R,F,20252026,VAN/CBJ,True,71,12,21,137,45,32,28,75,17.192,8.759,0.59,1.032,6.734,2.212,1.573,30.89,R,CBJ
8483447,Conor Geekie,C,F,20242025,TBL,False,52,8,6,60,97,25,8,29,12.325,13.333,0.749,0.562,5.617,9.081,2.34,22.74,L,TBL
8483447,Conor Geekie,C,F,20252026,TBL,False,14,1,2,10,33,6,3,10,9.893,10.0,0.433,0.866,4.332,14.296,2.599,22.74,L,TBL
8477839,Conor Sheary,L,F,20232024,TBL,False,57,4,11,50,19,35,20,6,11.102,8.0,0.379,1.043,4.741,1.801,3.319,34.65,L,BUF
8477839,Conor Sheary,L,F,20242025,TBL,False,5,0,0,3,2,1,0,0,11.333,0.0,0.0,0.0,3.177,2.118,1.059,34.65,L,BUF
8477839,Conor Sheary,L,F,20252026,NYR,False,62,7,11,81,22,36,18,42,14.098,8.642,0.481,0.755,5.56,1.51,2.471,34.65,L,BUF
8479982,Conor Timmins,D,D,20232024,TOR,False,25,1,9,25,34,28,11,18,16.021,4.0,0.15,1.348,3.745,5.093,4.194,28.37,R,BUF
8479982,Conor Timmins,D,D,20242025,TOR/PIT,True,68,3,12,69,55,90,11,59,16.922,4.348,0.156,0.626,3.598,2.868,4.693,28.37,R,BUF
8479982,Conor Timmins,D,D,20252026,BUF,False,39,0,8,44,29,81,8,45,18.762,0.0,0.0,0.656,3.608,2.378,6.642,28.37,R,BUF
8470621,Corey Perry,R,F,20232024,CHI/EDM,True,54,12,10,82,43,17,15,20,13.382,14.634,0.996,0.83,6.808,3.57,1.412,41.71,R,LAK
8470621,Corey Perry,R,F,20242025,EDM,False,81,19,11,100,36,26,13,44,11.937,19.0,1.179,0.683,6.205,2.234,1.613,41.71,R,LAK
8470621,Corey Perry,R,F,20252026,LAK/TBL,True,72,17,20,113,30,20,6,49,13.671,15.044,1.036,1.219,6.888,1.829,1.219,41.71,R,LAK
8475225,Craig Smith,C,F,20232024,DAL,False,75,11,9,112,51,30,22,23,10.217,9.821,0.861,0.705,8.77,3.993,2.349,37.41,R,
8475225,Craig Smith,C,F,20242025,CHI/DET,True,59,9,9,90,56,31,16,38,11.339,10.0,0.807,0.807,8.072,5.022,2.78,37.41,R,
8480876,Curtis Douglas,C,F,20252026,TBL/VAN,True,43,1,3,29,64,12,6,18,6.75,3.448,0.207,0.62,5.995,13.23,2.481,26.91,L,SEA
8477508,Curtis Lazar,C,F,20232024,NJD,False,71,7,18,74,179,64,18,16,12.39,9.459,0.477,1.228,5.047,12.209,4.365,32.0,R,
8477508,Curtis Lazar,C,F,20242025,NJD,False,48,2,3,27,107,17,3,11,10.567,7.407,0.237,0.355,3.194,12.657,2.011,32.0,R,
8477508,Curtis Lazar,C,F,20252026,EDM,False,45,4,2,30,95,20,3,9,8.92,13.333,0.598,0.299,4.484,14.2,2.99,32.0,R,
8483445,Cutter Gauthier,L,F,20232024,ANA,False,1,0,1,3,0,0,0,0,15.4,0.0,0.0,3.896,11.688,0.0,0.0,23.04,L,ANA
8483445,Cutter Gauthier,L,F,20242025,ANA,False,82,20,24,190,68,51,22,81,14.155,10.526,1.034,1.241,9.822,3.515,2.636,23.04,L,ANA
8483445,Cutter Gauthier,L,F,20252026,ANA,False,76,41,28,285,64,20,19,74,17.253,14.386,1.876,1.281,13.041,2.929,0.915,23.04,L,ANA
8482094,Daemon Hunt,D,D,20232024,MIN,False,12,0,1,7,8,17,1,3,11.504,0.0,0.0,0.435,3.042,3.477,7.389,24.72,L,MIN
8482094,Daemon Hunt,D,D,20242025,MIN,False,1,0,0,2,0,2,1,0,8.017,0.0,0.0,0.0,14.968,0.0,14.968,24.72,L,MIN
8482094,Daemon Hunt,D,D,20252026,MIN,False,32,0,6,19,21,43,2,14,12.429,0.0,0.0,0.905,2.866,3.168,6.487,24.72,L,MIN
8478057,Dakota Joshua,C,F,20232024,VAN,False,63,18,14,84,244,40,29,24,14.385,21.429,1.192,0.927,5.561,16.154,2.648,30.72,L,TOR
8478057,Dakota Joshua,C,F,20242025,VAN,False,57,7,7,52,193,29,12,36,12.961,13.462,0.569,0.569,4.223,15.675,2.355,30.72,L,TOR
8478057,Dakota Joshua,C,F,20252026,TOR,False,55,10,8,52,195,32,9,20,12.248,19.231,0.891,0.713,4.632,17.368,2.85,30.72,L,TOR
8477541,Dakota Mermis,D,D,20232024,MIN,False,47,3,5,42,45,59,7,12,14.087,7.143,0.272,0.453,3.806,4.078,5.347,33.07,L,TOR
8477541,Dakota Mermis,D,D,20242025,UTA/TOR,True,4,0,1,6,3,4,0,5,15.204,0.0,0.0,0.987,5.919,2.96,3.946,33.07,L,TOR
8477541,Dakota Mermis,D,D,20252026,TOR,False,11,1,0,5,8,9,2,8,13.027,20.0,0.419,0.0,2.094,3.35,3.768,33.07,L,TOR
8484164,Dalibor Dvorsky,R,F,20242025,STL,False,2,0,0,2,0,0,0,1,9.408,0.0,0.0,0.0,6.378,0.0,0.0,21.63,L,STL
8484164,Dalibor Dvorsky,R,F,20252026,STL,False,71,12,9,93,77,24,9,45,14.339,12.903,0.707,0.53,5.481,4.538,1.414,21.63,L,STL
8476923,Damon Severson,D,D,20232024,CBJ,False,67,9,19,88,45,83,36,33,21.148,10.227,0.381,0.805,3.726,1.906,3.515,32.49,R,CBJ
8476923,Damon Severson,D,D,20242025,CBJ,False,70,6,19,91,43,104,28,85,19.054,6.593,0.27,0.855,4.094,1.934,4.678,32.49,R,CBJ
8476923,Damon Severson,D,D,20252026,CBJ,False,71,8,24,93,39,86,28,82,21.073,8.602,0.321,0.962,3.729,1.564,3.449,32.49,R,CBJ
8478466,Daniel Sprong,R,F,20232024,DET,False,76,18,25,160,32,15,16,26,12.0,11.25,1.184,1.645,10.526,2.105,0.987,29.88,R,
8478466,Daniel Sprong,R,F,20242025,VAN/SEA/NJD,True,30,2,5,55,32,4,4,14,12.197,3.636,0.328,0.82,9.019,5.247,0.656,29.88,R,
8484388,Daniil But,L,F,20252026,UTA,False,29,3,4,43,16,18,4,18,12.47,6.977,0.498,0.664,7.134,2.655,2.986,21.96,R,UTA
8482624,Daniil Miromanov,D,D,20232024,VGK/CGY,True,24,3,4,46,7,34,9,14,20.722,6.522,0.362,0.483,5.55,0.845,4.102,29.56,R,
8482624,Daniil Miromanov,D,D,20242025,CGY,False,44,2,7,52,19,55,11,42,17.68,3.846,0.154,0.54,4.011,1.465,4.242,29.56,R,
8482624,Daniil Miromanov,D,D,20252026,CGY,False,1,0,0,0,0,2,0,1,17.817,0.0,0.0,0.0,0.0,0.0,6.735,29.56,R,
8483525,Danila Yurov,R,F,20252026,MIN,False,73,12,15,80,62,43,16,45,13.297,15.0,0.742,0.927,4.945,3.832,2.658,23.11,L,MIN
8479371,Dante Fabbro,D,D,20232024,NSH,False,56,3,10,65,45,88,10,40,16.351,4.615,0.197,0.655,4.259,2.949,5.766,28.62,R,CBJ
8479371,Dante Fabbro,D,D,20242025,NSH/CBJ,True,68,9,17,89,67,143,24,78,20.896,10.112,0.38,0.718,3.758,2.829,6.038,28.62,R,CBJ
8479371,Dante Fabbro,D,D,20252026,CBJ,False,74,5,6,68,65,120,20,59,16.566,7.353,0.245,0.294,3.328,3.181,5.873,28.62,R,CBJ
8478046,Danton Heinen,L,F,20232024,BOS,False,74,17,19,119,83,46,33,24,14.465,14.286,0.953,1.065,6.67,4.652,2.578,31.58,L,CBJ
8478046,Danton Heinen,L,F,20242025,VAN/PIT,True,79,9,20,81,81,37,19,48,13.443,11.111,0.508,1.13,4.576,4.576,2.09,31.58,L,CBJ
8478046,Danton Heinen,L,F,20252026,PIT/CBJ,True,46,6,6,44,54,24,9,21,11.34,13.636,0.69,0.69,5.061,6.211,2.761,31.58,L,CBJ
8477498,Darnell Nurse,D,D,20232024,EDM,False,81,10,22,181,168,172,19,57,21.894,5.525,0.338,0.744,6.124,5.684,5.819,31.99,L,SJS
8477498,Darnell Nurse,D,D,20242025,EDM,False,76,5,28,188,161,136,16,69,22.371,2.66,0.176,0.988,6.635,5.682,4.799,31.99,L,SJS
8477498,Darnell Nurse,D,D,20252026,EDM,False,82,7,17,164,137,167,19,88,20.971,4.268,0.244,0.593,5.722,4.78,5.827,31.99,L,SJS
8478178,Darren Raddysh,D,D,20232024,TBL,False,82,6,27,101,75,105,14,28,19.106,5.941,0.23,1.034,3.868,2.872,4.021,30.93,R,TOR
8478178,Darren Raddysh,D,D,20242025,TBL,False,73,6,31,108,38,68,10,55,17.3,5.556,0.285,1.473,5.131,1.805,3.231,30.93,R,TOR
8478178,Darren Raddysh,D,D,20252026,TBL,False,73,22,48,212,67,69,14,73,22.692,10.377,0.797,1.739,7.679,2.427,2.499,30.93,R,TOR
8481019,David Gustafsson,C,F,20232024,WPG,False,39,3,4,27,30,23,8,4,9.259,11.111,0.498,0.665,4.486,4.985,3.822,26.81,L,PIT
8481019,David Gustafsson,C,F,20242025,WPG,False,36,2,4,30,19,18,2,7,8.981,6.667,0.371,0.742,5.567,3.526,3.34,26.81,L,PIT
8483460,David Jiricek,D,D,20232024,CBJ,False,43,1,9,38,23,45,10,20,14.598,2.632,0.096,0.86,3.632,2.198,4.301,23.18,R,PHI
8483460,David Jiricek,D,D,20242025,CBJ/MIN,True,12,1,2,9,12,7,3,15,12.118,11.111,0.413,0.825,3.713,4.951,2.888,23.18,R,PHI
8483460,David Jiricek,D,D,20252026,MIN/PHI,True,26,0,0,16,8,19,3,26,12.015,0.0,0.0,0.0,3.073,1.537,3.649,23.18,R,PHI
8480144,David Kampf,C,F,20232024,TOR,False,78,8,11,79,84,29,26,16,13.487,10.127,0.456,0.627,4.506,4.791,1.654,32.06,L,
8480144,David Kampf,C,F,20242025,TOR,False,59,5,8,45,50,26,17,30,12.393,11.111,0.41,0.656,3.693,4.103,2.134,32.06,L,
8480144,David Kampf,C,F,20252026,VAN/WSH,True,40,2,4,36,45,26,6,18,14.728,5.556,0.204,0.407,3.666,4.583,2.648,32.06,L,
8477956,David Pastrnak,R,F,20232024,BOS,False,82,47,63,382,70,19,54,98,19.93,12.304,1.726,2.313,14.025,2.57,0.698,30.69,R,BOS
8477956,David Pastrnak,R,F,20242025,BOS,False,82,43,63,319,58,24,40,118,20.186,13.48,1.559,2.284,11.563,2.102,0.87,30.69,R,BOS
8477956,David Pastrnak,R,F,20252026,BOS,False,77,29,71,261,86,32,32,134,20.656,11.111,1.094,2.678,9.846,3.244,1.207,30.69,R,BOS
8474102,David Perron,L,F,20232024,DET,False,76,17,30,151,111,27,31,12,15.629,11.258,0.859,1.515,7.628,5.607,1.364,38.68,R,
8474102,David Perron,L,F,20242025,OTT,False,43,9,7,71,72,9,13,25,14.02,12.676,0.896,0.697,7.066,7.166,0.896,38.68,R,
8474102,David Perron,L,F,20252026,OTT/DET,True,65,13,15,93,90,23,14,35,13.57,13.978,0.884,1.02,6.326,6.122,1.565,38.68,R,
8475233,David Savard,D,D,20232024,MTL,False,60,6,18,54,69,163,12,46,20.241,11.111,0.296,0.889,2.668,3.409,8.053,36.28,R,
8475233,David Savard,D,D,20242025,MTL,False,75,1,14,48,56,180,18,51,16.589,2.083,0.048,0.675,2.315,2.701,8.68,36.28,R,
8485493,David Tomasek,R,F,20252026,EDM,False,22,3,2,30,17,6,3,12,10.758,10.0,0.761,0.507,7.605,4.31,1.521,30.98,R,
8482110,Dawson Mercer,C,F,20232024,NJD,False,82,20,13,134,30,43,40,37,17.217,14.925,0.85,0.552,5.695,1.275,1.827,25.27,R,NJD
8482110,Dawson Mercer,C,F,20242025,NJD,False,82,19,17,141,41,60,18,56,17.884,13.475,0.777,0.696,5.769,1.677,2.455,25.27,R,NJD
8482110,Dawson Mercer,C,F,20252026,NJD,False,82,20,22,158,33,47,27,75,18.227,12.658,0.803,0.883,6.343,1.325,1.887,25.27,R,NJD
8483398,Declan Carlile,D,D,20232024,TBL,False,1,0,0,0,1,2,0,0,11.45,0.0,0.0,0.0,0.0,5.24,10.48,26.71,L,PIT
8483398,Declan Carlile,D,D,20242025,TBL,False,3,1,0,3,1,2,0,3,13.006,33.333,1.538,0.0,4.613,1.538,3.076,26.71,L,PIT
8483398,Declan Carlile,D,D,20252026,TBL,False,42,1,2,33,51,38,6,22,14.778,3.03,0.097,0.193,3.19,4.93,3.673,26.71,L,PIT
8480990,Declan Chisholm,D,D,20232024,WPG/MIN,True,31,3,6,29,12,38,5,13,16.529,10.345,0.351,0.703,3.396,1.405,4.45,27.06,L,NJD
8480990,Declan Chisholm,D,D,20242025,MIN,False,66,2,10,69,33,69,27,83,16.993,2.899,0.107,0.535,3.691,1.765,3.691,27.06,L,NJD
8480990,Declan Chisholm,D,D,20252026,WSH,False,26,1,6,20,11,22,5,28,13.726,5.0,0.168,1.009,3.363,1.849,3.699,27.06,L,NJD
8479395,Dennis Cholowski,D,D,20242025,NYI/NJD,True,39,3,7,30,5,33,8,38,13.071,10.0,0.353,0.824,3.531,0.589,3.884,28.96,L,NYR
8479395,Dennis Cholowski,D,D,20252026,NJD,False,17,0,2,12,3,17,5,18,14.672,0.0,0.0,0.481,2.887,0.722,4.089,28.96,L,NYR
8478502,Dennis Gilbert,D,D,20232024,CGY,False,34,1,6,23,59,49,5,10,12.283,4.348,0.144,0.862,3.304,8.477,7.04,30.26,L,BUF
8478502,Dennis Gilbert,D,D,20242025,BUF/OTT,True,29,0,6,9,63,36,6,13,10.478,0.0,0.0,1.185,1.777,12.44,7.108,30.26,L,BUF
8478502,Dennis Gilbert,D,D,20252026,OTT,False,8,0,1,2,10,12,0,6,12.688,0.0,0.0,0.591,1.182,5.911,7.093,30.26,L,BUF
8483485,Denton Mateychuk,D,D,20242025,CBJ,False,45,4,9,44,26,63,19,35,18.035,9.091,0.296,0.665,3.253,1.922,4.658,22.56,L,CBJ
8483485,Denton Mateychuk,D,D,20252026,CBJ,False,75,13,18,88,26,92,15,80,19.186,14.773,0.542,0.751,3.669,1.084,3.836,22.56,L,CBJ
8484142,Denver Barkey,C,F,20252026,PHI,False,43,5,12,43,43,19,8,27,13.407,11.628,0.52,1.249,4.475,4.475,1.977,21.77,L,PHI
8475762,Derek Forbort,D,D,20232024,BOS,False,35,0,4,22,68,65,6,11,17.794,0.0,0.0,0.385,2.119,6.551,6.262,34.91,L,
8475762,Derek Forbort,D,D,20242025,VAN,False,54,2,9,39,65,77,8,55,17.102,5.128,0.13,0.585,2.534,4.223,5.003,34.91,L,
8475762,Derek Forbort,D,D,20252026,VAN,False,2,0,0,1,2,4,0,5,13.933,0.0,0.0,0.0,2.153,4.306,8.613,34.91,L,
8478585,Derek Ryan,C,F,20232024,EDM,False,70,5,7,52,59,28,35,19,10.193,9.615,0.42,0.589,4.373,4.961,2.355,40.09,R,
8478585,Derek Ryan,C,F,20242025,EDM,False,36,1,5,20,25,21,9,11,9.356,5.0,0.178,0.891,3.563,4.453,3.741,40.09,R,
8476913,Devin Shore,C,F,20232024,SEA,False,21,1,3,15,27,9,5,1,8.007,6.667,0.357,1.07,5.352,9.634,3.211,32.54,L,
8476913,Devin Shore,C,F,20242025,MIN,False,55,1,4,41,76,37,7,14,8.652,2.439,0.126,0.504,5.17,9.583,4.665,32.54,L,
8478038,Devon Toews,D,D,20232024,COL,False,82,12,38,159,74,110,57,46,23.429,7.547,0.375,1.187,4.966,2.311,3.435,32.95,L,COL
8478038,Devon Toews,D,D,20242025,COL,False,76,10,34,138,40,103,35,81,24.589,7.246,0.321,1.092,4.431,1.284,3.307,32.95,L,COL
8478038,Devon Toews,D,D,20252026,COL,False,68,3,21,115,26,83,29,64,22.369,2.609,0.118,0.828,4.536,1.026,3.274,32.95,L,COL
8479346,Dillon Dube,C,F,20232024,CGY,False,43,3,4,42,35,18,5,10,11.164,7.143,0.375,0.5,5.249,4.375,2.25,28.54,L,STL
8484386,Dmitri Simashev,D,D,20252026,UTA,False,28,0,1,26,14,28,1,30,15.108,0.0,0.0,0.142,3.688,1.986,3.971,21.99,L,UTA
8481716,Dmitri Voronkov,L,F,20232024,CBJ,False,75,18,16,142,83,48,15,16,13.457,12.676,1.07,0.951,8.442,4.934,2.854,26.39,L,CBJ
8481716,Dmitri Voronkov,L,F,20242025,CBJ,False,73,23,24,154,71,47,11,58,16.787,14.935,1.126,1.175,7.54,3.476,2.301,26.39,L,CBJ
8481716,Dmitri Voronkov,L,F,20252026,CBJ,False,63,17,15,110,105,27,9,41,13.94,15.455,1.161,1.025,7.515,7.174,1.845,26.39,L,CBJ
8475179,Dmitry Kulikov,D,D,20232024,FLA,False,76,1,19,74,145,84,22,47,16.514,1.351,0.048,0.908,3.538,6.932,4.016,36.26,L,FLA
8475179,Dmitry Kulikov,D,D,20242025,FLA,False,70,4,9,64,114,71,32,78,19.268,6.25,0.178,0.4,2.847,5.071,3.158,36.26,L,FLA
8475179,Dmitry Kulikov,D,D,20252026,FLA,False,19,0,0,15,22,16,4,18,18.032,0.0,0.0,0.0,2.627,3.853,2.802,36.26,L,FLA
8475200,Dmitry Orlov,D,D,20232024,CAR,False,82,6,20,129,116,60,26,36,17.315,4.651,0.254,0.845,5.451,4.902,2.536,35.53,L,SJS
8475200,Dmitry Orlov,D,D,20242025,CAR,False,76,6,22,117,101,60,21,98,19.996,5.128,0.237,0.869,4.619,3.988,2.369,35.53,L,SJS
8475200,Dmitry Orlov,D,D,20252026,SJS,False,82,3,34,91,123,77,22,105,21.196,3.297,0.104,1.174,3.141,4.246,2.658,35.53,L,SJS
8483752,Dominic James,C,F,20252026,TBL,False,43,7,8,56,58,13,14,41,12.237,12.5,0.798,0.912,6.386,6.614,1.482,24.58,L,TBL
8476952,Dominic Toninato,C,F,20232024,WPG,False,15,1,4,12,26,9,3,4,10.191,8.333,0.393,1.57,4.71,10.205,3.533,32.9,L,CHI
8476952,Dominic Toninato,C,F,20242025,WPG,False,5,0,0,2,7,3,0,2,8.263,0.0,0.0,0.0,2.905,10.166,4.357,32.9,L,CHI
8476952,Dominic Toninato,C,F,20252026,CHI,False,8,0,1,8,12,1,2,2,9.154,0.0,0.0,0.819,6.555,9.832,0.819,32.9,L,CHI
8477330,Dominik Kubalik,L,F,20232024,OTT,False,74,11,4,91,55,20,18,20,12.122,12.088,0.736,0.268,6.087,3.679,1.338,31.45,L,
8479942,Dominik Shine,R,F,20242025,DET,False,9,0,1,5,16,3,3,5,8.644,0.0,0.0,0.771,3.856,12.34,2.314,33.79,R,DET
8479942,Dominik Shine,R,F,20252026,DET,False,18,3,0,13,14,6,6,8,6.935,23.077,1.442,0.0,6.248,6.729,2.884,33.79,R,DET
8482131,Donovan Sebrango,D,D,20242025,OTT,False,2,0,0,0,0,0,0,0,10.308,0.0,0.0,0.0,0.0,0.0,0.0,25.05,L,FLA
8482131,Donovan Sebrango,D,D,20252026,OTT/FLA,True,42,0,8,33,77,32,5,27,15.104,0.0,0.0,0.757,3.121,7.283,3.027,25.05,L,FLA
8476462,Dougie Hamilton,D,D,20232024,NJD,False,20,5,11,61,18,24,5,14,20.975,8.197,0.715,1.573,8.725,2.574,3.433,33.63,R,NJD
8476462,Dougie Hamilton,D,D,20242025,NJD,False,64,9,31,186,74,85,20,94,19.856,4.839,0.425,1.464,8.782,3.494,4.013,33.63,R,NJD
8476462,Dougie Hamilton,D,D,20252026,NJD,False,77,12,27,203,87,77,14,119,21.54,5.911,0.434,0.977,7.344,3.147,2.786,33.63,R,NJD
8480208,Drake Batherson,R,F,20232024,OTT,False,82,28,38,196,98,33,46,40,18.173,14.286,1.127,1.53,7.892,3.946,1.329,28.77,R,OTT
8480208,Drake Batherson,R,F,20242025,OTT,False,82,26,42,192,149,30,23,52,18.142,13.542,1.049,1.694,7.744,6.01,1.21,28.77,R,OTT
8480208,Drake Batherson,R,F,20252026,OTT,False,79,33,38,167,122,22,22,63,17.352,19.76,1.444,1.663,7.31,5.34,0.963,28.77,R,OTT
8474563,Drew Doughty,D,D,20232024,LAK,False,82,15,35,135,109,142,20,45,25.793,11.111,0.426,0.993,3.83,3.092,4.028,37.15,R,LAK
8474563,Drew Doughty,D,D,20242025,LAK,False,30,4,13,46,26,45,7,48,24.137,8.696,0.331,1.077,3.812,2.154,3.729,37.15,R,LAK
8474563,Drew Doughty,D,D,20252026,LAK,False,72,5,18,101,52,76,18,82,23.086,4.95,0.18,0.65,3.646,1.877,2.743,37.15,R,LAK
8481563,Drew Helleson,D,D,20242025,ANA,False,56,4,9,63,99,73,17,47,16.351,6.349,0.262,0.59,4.128,6.487,4.783,25.85,R,ANA
8481563,Drew Helleson,D,D,20252026,ANA,False,60,2,13,39,63,79,25,43,16.965,5.128,0.118,0.766,2.299,3.714,4.657,25.85,R,ANA
8482055,Drew O'Connor,L,F,20232024,PIT,False,79,16,17,160,53,58,37,28,15.746,10.0,0.772,0.82,7.717,2.556,2.798,28.65,L,VAN
8482055,Drew O'Connor,L,F,20242025,PIT/VAN,True,84,10,15,117,83,57,36,61,14.463,8.547,0.494,0.741,5.778,4.099,2.815,28.65,L,VAN
8482055,Drew O'Connor,L,F,20252026,VAN,False,82,17,12,136,77,26,23,62,14.589,12.5,0.853,0.602,6.821,3.862,1.304,28.65,L,VAN
8478211,Dryden Hunt,L,F,20232024,CGY,False,28,3,5,33,73,6,14,8,11.129,9.091,0.578,0.963,6.354,14.056,1.155,31.19,L,CGY
8478211,Dryden Hunt,L,F,20242025,CGY,False,5,0,3,5,10,3,2,4,11.657,0.0,0.0,3.088,5.147,10.294,3.088,31.19,L,CGY
8478211,Dryden Hunt,L,F,20252026,CGY,False,3,0,0,4,9,4,0,3,8.933,0.0,0.0,0.0,8.956,20.15,8.956,31.19,L,CGY
8481528,Dylan Cozens,C,F,20232024,BUF,False,79,18,29,200,107,27,28,36,17.226,9.0,0.794,1.279,8.818,4.718,1.19,25.98,R,OTT
8481528,Dylan Cozens,C,F,20242025,BUF/OTT,True,82,16,31,188,205,45,15,68,17.061,8.511,0.686,1.33,8.063,8.792,1.93,25.98,R,OTT
8481528,Dylan Cozens,C,F,20252026,OTT,False,82,28,31,205,215,24,19,53,17.04,13.659,1.202,1.331,8.803,9.232,1.031,25.98,R,OTT
8476331,Dylan DeMelo,D,D,20232024,WPG,False,82,3,28,83,167,139,14,60,21.73,3.614,0.101,0.943,2.795,5.623,4.681,33.76,R,WPG
8476331,Dylan DeMelo,D,D,20242025,WPG,False,82,3,16,75,137,112,29,89,21.532,4.0,0.102,0.544,2.549,4.656,3.806,33.76,R,WPG
8476331,Dylan DeMelo,D,D,20252026,WPG,False,82,3,16,75,115,109,23,80,21.457,4.0,0.102,0.546,2.558,3.922,3.717,33.76,R,WPG
8482699,Dylan Guenther,R,F,20232024,ARI,False,45,18,17,121,32,24,23,16,16.279,14.876,1.474,1.392,9.911,2.621,1.966,23.81,R,UTA
8482699,Dylan Guenther,R,F,20242025,UTA,False,70,27,33,204,53,42,18,55,16.997,13.235,1.362,1.664,10.288,2.673,2.118,23.81,R,UTA
8482699,Dylan Guenther,R,F,20252026,UTA,False,79,40,33,242,66,28,16,68,17.396,16.529,1.746,1.441,10.566,2.882,1.222,23.81,R,UTA
8482077,Dylan Holloway,L,F,20232024,EDM,False,38,6,3,56,91,14,14,9,11.371,10.714,0.833,0.417,7.776,12.636,1.944,25.36,L,STL
8482077,Dylan Holloway,L,F,20242025,STL,False,77,26,37,178,165,50,34,69,16.824,14.607,1.204,1.714,8.244,7.642,2.316,25.36,L,STL
8482077,Dylan Holloway,L,F,20252026,STL,False,59,22,29,162,129,41,13,42,18.254,13.58,1.226,1.616,9.025,7.187,2.284,25.36,L,STL
8477946,Dylan Larkin,C,F,20232024,DET,False,68,33,36,221,44,34,48,44,20.173,14.932,1.443,1.575,9.666,1.925,1.487,30.51,L,DET
8477946,Dylan Larkin,C,F,20242025,DET,False,82,30,40,234,44,33,39,94,20.071,12.821,1.094,1.458,8.531,1.604,1.203,30.51,L,DET
8477946,Dylan Larkin,C,F,20252026,DET,False,74,34,33,229,46,33,18,67,20.187,14.847,1.366,1.325,9.198,1.848,1.325,30.51,L,DET
8475795,Dylan McIlrath,D,D,20232024,WSH,False,3,0,1,1,9,1,0,0,10.3,0.0,0.0,1.942,1.942,17.476,1.942,34.79,R,WSH
8475795,Dylan McIlrath,D,D,20242025,WSH,False,17,0,2,10,38,14,3,17,11.656,0.0,0.0,0.606,3.028,11.506,4.239,34.79,R,WSH
8475795,Dylan McIlrath,D,D,20252026,WSH,False,13,0,0,5,26,9,0,7,9.313,0.0,0.0,0.0,2.478,12.885,4.46,34.79,R,WSH
8480049,Dylan Samberg,D,D,20232024,WPG,False,78,1,17,77,65,111,27,36,15.626,1.299,0.049,0.837,3.791,3.2,5.464,28.02,L,WPG
8480049,Dylan Samberg,D,D,20242025,WPG,False,60,6,14,95,56,120,33,64,21.137,6.316,0.284,0.662,4.494,2.649,5.677,28.02,L,WPG
8480049,Dylan Samberg,D,D,20252026,WPG,False,66,1,13,87,53,115,27,66,21.822,1.149,0.042,0.542,3.624,2.208,4.791,28.02,L,WPG
8478440,Dylan Strome,C,F,20232024,WSH,False,82,27,40,169,12,61,41,35,17.95,15.976,1.101,1.631,6.889,0.489,2.487,29.91,L,WSH
8478440,Dylan Strome,C,F,20242025,WSH,False,82,29,53,149,23,54,21,79,17.384,19.463,1.221,2.231,6.272,0.968,2.273,29.91,L,WSH
8478440,Dylan Strome,C,F,20252026,WSH,False,80,19,39,143,11,53,19,75,18.038,13.287,0.79,1.622,5.946,0.457,2.204,29.91,L,WSH
8484158,Easton Cowan,R,F,20252026,TOR,False,66,11,18,92,72,32,13,79,14.711,11.957,0.68,1.112,5.685,4.449,1.977,21.7,L,TOR
8480009,Eeli Tolvanen,R,F,20232024,SEA,False,81,16,25,153,210,75,33,24,15.642,10.458,0.758,1.184,7.245,9.945,3.552,27.78,L,
8480009,Eeli Tolvanen,R,F,20242025,SEA,False,81,23,12,137,237,65,13,45,14.32,16.788,1.19,0.621,7.087,12.259,3.362,27.78,L,
8480009,Eeli Tolvanen,R,F,20252026,SEA,False,78,12,24,141,187,81,18,49,16.042,8.511,0.575,1.151,6.761,8.967,3.884,27.78,L,
8480185,Eetu Luostarinen,C,F,20232024,FLA,False,82,12,15,119,129,56,51,28,15.937,10.084,0.551,0.689,5.464,5.923,2.571,28.42,L,FLA
8480185,Eetu Luostarinen,C,F,20242025,FLA,False,80,9,15,87,183,60,20,43,15.288,10.345,0.442,0.736,4.268,8.978,2.943,28.42,L,FLA
8480185,Eetu Luostarinen,C,F,20252026,FLA,False,73,11,22,107,121,57,20,45,16.574,10.28,0.545,1.091,5.306,6.0,2.827,28.42,L,FLA
8482475,Egor Chinakhov,R,F,20232024,CBJ,False,53,16,13,110,43,28,28,7,15.168,14.545,1.194,0.97,8.21,3.209,2.09,26.0,L,PIT
8482475,Egor Chinakhov,R,F,20242025,CBJ,False,30,7,8,68,47,10,4,18,15.722,10.294,0.89,1.018,8.65,5.979,1.272,26.0,L,PIT
8482475,Egor Chinakhov,R,F,20252026,CBJ/PIT,True,72,21,21,140,49,31,9,38,13.48,15.0,1.298,1.298,8.655,3.029,1.916,26.0,L,PIT
8481178,Egor Zamula,D,D,20232024,PHI,False,66,5,16,61,37,79,17,22,16.057,8.197,0.283,0.906,3.454,2.095,4.473,26.84,L,
8481178,Egor Zamula,D,D,20242025,PHI,False,63,3,12,37,24,91,15,52,16.522,8.108,0.173,0.692,2.133,1.383,5.246,26.84,L,
8481178,Egor Zamula,D,D,20252026,PHI/CBJ,True,33,0,3,18,7,40,6,27,13.067,0.0,0.0,0.417,2.505,0.974,5.566,26.84,L,
8477496,Elias Lindholm,C,F,20232024,CGY/VAN,True,75,15,29,173,89,61,40,30,19.694,8.671,0.609,1.178,7.028,3.615,2.478,32.17,R,BOS
8477496,Elias Lindholm,C,F,20242025,BOS,False,82,17,30,152,114,79,22,39,18.078,11.184,0.688,1.214,6.152,4.614,3.198,32.17,R,BOS
8477496,Elias Lindholm,C,F,20252026,BOS,False,69,17,31,114,41,59,17,52,17.882,14.912,0.827,1.507,5.544,1.994,2.869,32.17,R,BOS
8480012,Elias Pettersson,C,F,20232024,VAN,False,82,34,55,207,125,68,50,30,19.65,16.425,1.266,2.048,7.708,4.655,2.532,28.22,L,VAN
8480012,Elias Pettersson,C,F,20242025,VAN,False,64,15,30,109,74,77,22,45,18.66,13.761,0.754,1.507,5.476,3.718,3.869,28.22,L,VAN
8483678,Elias Pettersson,D,D,20242025,VAN,False,28,1,2,19,39,16,1,24,12.822,5.263,0.167,0.334,3.175,6.518,2.674,22.96,L,VAN
8480012,Elias Pettersson,C,F,20252026,VAN,False,74,15,36,132,67,108,31,68,18.961,11.364,0.641,1.539,5.645,2.865,4.618,28.22,L,VAN
8483678,Elias Pettersson,D,D,20252026,VAN,False,70,3,7,46,136,85,14,68,14.979,6.522,0.172,0.401,2.632,7.782,4.864,22.96,L,VAN
8483510,Elias Salomonsson,D,D,20252026,WPG,False,32,1,4,37,50,27,2,35,17.962,2.703,0.104,0.418,3.862,5.219,2.818,22.42,R,WPG
8481725,Elmer Soderblom,L,F,20242025,DET,False,26,4,7,38,43,12,5,21,13.371,10.526,0.69,1.208,6.558,7.421,2.071,25.58,L,PIT
8481725,Elmer Soderblom,L,F,20252026,DET/PIT,True,59,7,6,69,99,18,13,46,11.11,10.145,0.641,0.549,6.316,9.062,1.648,25.58,L,PIT
8482126,Emil Andrae,D,D,20232024,PHI,False,4,0,0,0,5,6,0,1,13.0,0.0,0.0,0.0,0.0,5.769,6.923,24.94,L,TOR
8482126,Emil Andrae,D,D,20242025,PHI,False,42,1,6,52,46,50,16,44,17.345,1.923,0.082,0.494,4.283,3.789,4.118,24.94,L,TOR
8482126,Emil Andrae,D,D,20252026,PHI,False,61,2,11,36,68,58,7,46,15.337,5.556,0.128,0.705,2.309,4.361,3.72,24.94,L,TOR
8480205,Emil Bemstrom,C,F,20232024,CBJ/PIT,True,56,8,8,83,36,34,10,13,11.14,9.639,0.769,0.769,7.983,3.462,3.27,27.67,R,
8480205,Emil Bemstrom,C,F,20242025,PIT,False,14,0,1,13,12,3,1,5,8.331,0.0,0.0,0.514,6.688,6.173,1.543,27.67,R,
8482476,Emil Heineman,L,F,20232024,MTL,False,4,0,0,0,7,1,0,1,9.954,0.0,0.0,0.0,0.0,10.549,1.507,25.21,L,NYI
8482476,Emil Heineman,L,F,20242025,MTL,False,62,10,8,64,173,24,8,33,11.392,15.625,0.849,0.68,5.437,14.696,2.039,25.21,L,NYI
8482476,Emil Heineman,L,F,20252026,NYI,False,82,22,9,174,247,54,9,53,16.616,12.644,0.969,0.396,7.662,10.877,2.378,25.21,L,NYI
8482929,Emil Lilleberg,D,D,20232024,TBL,False,37,0,5,31,105,48,6,14,16.205,0.0,0.0,0.5,3.102,10.507,4.803,26.0,L,TBL
8482929,Emil Lilleberg,D,D,20242025,TBL,False,76,1,18,46,114,61,12,56,15.282,2.174,0.052,0.93,2.376,5.889,3.151,26.0,L,TBL
8482929,Emil Lilleberg,D,D,20252026,TBL,False,50,4,8,43,96,45,6,42,17.308,9.302,0.277,0.555,2.981,6.656,3.12,26.0,L,TBL
8484471,Emmitt Finnie,C,F,20252026,DET,False,82,13,17,120,131,41,24,74,15.5,10.833,0.614,0.803,5.665,6.184,1.935,21.6,L,DET
8480762,Eric Robinson,L,F,20232024,CBJ/BUF,True,47,3,7,61,94,11,12,4,11.332,4.918,0.338,0.789,6.872,10.589,1.239,31.64,L,CAR
8480762,Eric Robinson,L,F,20242025,CAR,False,82,14,18,110,123,16,9,42,12.261,12.727,0.835,1.074,6.565,7.34,0.955,31.64,L,CAR
8480762,Eric Robinson,L,F,20252026,CAR,False,67,12,6,84,90,13,9,29,11.428,14.286,0.94,0.47,6.582,7.053,1.019,31.64,L,CAR
8480073,Erik Brannstrom,D,D,20232024,OTT,False,76,3,17,77,46,111,22,52,16.591,3.896,0.143,0.809,3.664,2.189,5.282,27.42,L,
8480073,Erik Brannstrom,D,D,20242025,VAN,False,28,3,5,33,14,39,6,26,14.936,9.091,0.43,0.717,4.734,2.009,5.595,27.42,L,
8478416,Erik Cernak,D,D,20232024,TBL,False,69,2,11,53,198,109,16,25,19.186,3.774,0.091,0.499,2.402,8.974,4.94,29.68,R,TBL
8478416,Erik Cernak,D,D,20242025,TBL,False,76,3,18,64,157,99,20,41,18.261,4.688,0.13,0.778,2.767,6.788,4.28,29.68,R,TBL
8478416,Erik Cernak,D,D,20252026,TBL,False,61,3,8,53,112,99,15,55,17.616,5.66,0.168,0.447,2.959,6.254,5.528,29.68,R,TBL
8475790,Erik Gudbranson,D,D,20232024,CBJ,False,78,6,20,91,92,170,21,26,19.66,6.593,0.235,0.783,3.561,3.6,6.652,35.07,R,CBJ
8475790,Erik Gudbranson,D,D,20242025,CBJ,False,16,0,4,12,26,19,3,16,17.771,0.0,0.0,0.844,2.532,5.486,4.009,35.07,R,CBJ
8475790,Erik Gudbranson,D,D,20252026,CBJ,False,37,1,2,34,45,64,7,33,17.771,2.941,0.091,0.183,3.103,4.106,5.84,35.07,R,CBJ
8476979,Erik Gustafsson,D,D,20232024,NYR,False,76,6,25,93,63,66,26,39,17.392,6.452,0.272,1.135,4.222,2.86,2.996,34.89,L,LAK
8476979,Erik Gustafsson,D,D,20242025,DET,False,60,2,16,67,28,44,10,75,16.314,2.985,0.123,0.981,4.107,1.716,2.697,34.89,L,LAK
8476979,Erik Gustafsson,D,D,20252026,DET,False,2,0,0,3,2,1,1,3,18.742,0.0,0.0,0.0,4.802,3.201,1.601,34.89,L,LAK
8475287,Erik Haula,L,F,20232024,NJD,False,76,16,19,155,94,49,27,28,16.878,10.323,0.748,0.889,7.25,4.397,2.292,35.86,L,LAK
8475287,Erik Haula,L,F,20242025,NJD,False,69,11,10,110,101,35,14,44,14.704,10.0,0.651,0.591,6.505,5.973,2.07,35.86,L,LAK
8475287,Erik Haula,L,F,20252026,NSH,False,81,14,24,127,118,51,15,59,16.674,11.024,0.622,1.066,5.642,5.242,2.266,35.86,L,LAK
8473446,Erik Johnson,D,D,20232024,BUF/PHI,True,67,5,1,60,143,97,6,15,14.473,8.333,0.309,0.062,3.713,8.848,6.002,38.87,R,
8473446,Erik Johnson,D,D,20242025,PHI/COL,True,36,2,3,37,59,26,16,26,14.588,5.405,0.228,0.343,4.227,6.741,2.97,38.87,R,
8474578,Erik Karlsson,D,D,20232024,PIT,False,82,11,45,213,40,99,50,71,24.268,5.164,0.332,1.357,6.422,1.206,2.985,36.67,R,PIT
8474578,Erik Karlsson,D,D,20242025,PIT,False,82,11,42,191,29,94,44,140,23.236,5.759,0.346,1.323,6.015,0.913,2.96,36.67,R,PIT
8474578,Erik Karlsson,D,D,20252026,PIT,False,75,15,51,176,20,64,37,102,23.6,8.523,0.508,1.729,5.966,0.678,2.169,36.67,R,PIT
8476902,Esa Lindell,D,D,20232024,DAL,False,82,5,21,114,74,162,31,34,20.472,4.386,0.179,0.751,4.075,2.645,5.79,32.7,L,DAL
8476902,Esa Lindell,D,D,20242025,DAL,False,80,5,21,99,50,170,30,109,22.181,5.051,0.169,0.71,3.347,1.691,5.748,32.7,L,DAL
8476902,Esa Lindell,D,D,20252026,DAL,False,82,6,26,83,30,179,30,112,23.235,7.229,0.189,0.819,2.614,0.945,5.637,32.7,L,DAL
8478451,Ethan Bear,D,D,20232024,WSH,False,24,1,3,24,16,31,2,9,14.906,4.167,0.168,0.503,4.025,2.683,5.199,29.6,R,NYI
8482807,Ethan Del Mastro,D,D,20232024,CHI,False,2,0,0,0,2,0,0,1,18.575,0.0,0.0,0.0,0.0,3.23,0.0,24.05,L,CHI
8482807,Ethan Del Mastro,D,D,20242025,CHI,False,24,2,4,19,40,21,6,25,18.309,10.526,0.273,0.546,2.594,5.462,2.867,24.05,L,CHI
8482807,Ethan Del Mastro,D,D,20252026,CHI,False,19,0,1,18,19,22,5,16,14.131,0.0,0.0,0.223,4.023,4.246,4.916,24.05,L,CHI
8483573,Ethen Frank,R,F,20242025,WSH,False,24,4,3,23,11,16,5,10,10.824,17.391,0.924,0.693,5.312,2.541,3.695,28.99,R,WSH
8483573,Ethen Frank,R,F,20252026,WSH,False,62,12,12,91,53,45,8,29,12.237,13.187,0.949,0.949,7.197,4.191,3.559,28.99,R,WSH
8480803,Evan Bouchard,D,D,20232024,EDM,False,81,18,64,220,71,105,59,82,22.997,8.182,0.58,2.061,7.086,2.287,3.382,27.29,R,EDM
8480803,Evan Bouchard,D,D,20242025,EDM,False,82,14,53,235,31,108,55,128,23.458,5.957,0.437,1.653,7.33,0.967,3.369,27.29,R,EDM
8480803,Evan Bouchard,D,D,20252026,EDM,False,82,21,74,221,29,101,33,123,24.678,9.502,0.623,2.194,6.553,0.86,2.995,27.29,R,EDM
8478542,Evan Rodrigues,C,F,20232024,FLA,False,80,12,27,186,104,28,28,34,15.167,6.452,0.593,1.335,9.198,5.143,1.385,33.51,R,NJD
8478542,Evan Rodrigues,C,F,20242025,FLA,False,82,15,17,161,128,23,21,62,15.219,9.317,0.721,0.817,7.741,6.154,1.106,33.51,R,NJD
8478542,Evan Rodrigues,C,F,20252026,FLA,False,69,11,20,160,63,26,31,47,16.993,6.875,0.563,1.023,8.188,3.224,1.33,33.51,R,NJD
8475169,Evander Kane,L,F,20232024,EDM,False,77,24,20,220,250,29,25,41,16.777,10.909,1.115,0.929,10.218,11.611,1.347,35.5,L,
8475169,Evander Kane,L,F,20252026,VAN,False,71,13,18,171,111,28,17,75,16.415,7.602,0.669,0.927,8.803,5.714,1.441,35.5,L,
8471215,Evgeni Malkin,C,F,20232024,PIT,False,82,27,40,199,29,42,90,56,18.585,13.568,1.063,1.575,7.835,1.142,1.654,40.51,L,PIT
8471215,Evgeni Malkin,C,F,20242025,PIT,False,68,16,34,125,32,48,30,79,17.786,12.8,0.794,1.687,6.201,1.588,2.381,40.51,L,PIT
8471215,Evgeni Malkin,C,F,20252026,PIT,False,56,19,42,148,24,17,29,88,17.594,12.838,1.157,2.558,9.013,1.462,1.035,40.51,L,PIT
8474149,Evgenii Dadonov,L,F,20232024,DAL,False,51,12,11,67,35,19,18,14,13.176,17.91,1.071,0.982,5.982,3.125,1.696,37.89,L,
8474149,Evgenii Dadonov,L,F,20242025,DAL,False,80,20,20,123,44,39,9,66,13.533,16.26,1.108,1.108,6.817,2.438,2.161,37.89,L,
8474149,Evgenii Dadonov,L,F,20252026,NJD,False,24,1,0,21,7,12,2,15,10.655,4.762,0.235,0.0,4.927,1.642,2.816,37.89,L,
8475744,Evgeny Kuznetsov,C,F,20232024,WSH/CAR,True,63,8,16,96,28,18,29,37,17.552,8.333,0.434,0.868,5.209,1.519,0.977,34.71,L,
8480188,Fabian Zetterlund,L,F,20232024,SJS,False,82,24,20,204,120,71,43,32,18.856,11.765,0.931,0.776,7.916,4.657,2.755,27.44,R,OTT
8480188,Fabian Zetterlund,L,F,20242025,SJS/OTT,True,84,19,22,181,154,81,22,50,16.342,10.497,0.83,0.962,7.911,6.731,3.54,27.44,R,OTT
8480188,Fabian Zetterlund,L,F,20252026,OTT,False,82,17,16,132,155,32,20,36,12.91,12.879,0.964,0.907,7.481,8.785,1.814,27.44,R,OTT
8482768,Fedor Svechkov,C,F,20242025,NSH,False,52,8,9,64,32,24,6,45,12.885,12.5,0.716,0.806,5.731,2.866,2.149,23.83,L,COL
8482768,Fedor Svechkov,C,F,20252026,NSH,False,70,4,13,70,60,29,19,49,12.077,5.714,0.284,0.923,4.968,4.258,2.058,23.83,L,COL
8480078,Filip Chytil,C,F,20232024,NYR,False,10,0,6,22,4,4,3,2,15.93,0.0,0.0,2.26,8.286,1.507,1.507,27.41,L,VAN
8480078,Filip Chytil,C,F,20242025,NYR/VAN,True,56,13,13,133,19,13,15,36,14.968,9.774,0.931,0.931,9.52,1.36,0.931,27.41,L,VAN
8480078,Filip Chytil,C,F,20252026,VAN,False,12,3,0,24,4,4,4,12,15.006,12.5,1.0,0.0,7.997,1.333,1.333,27.41,L,VAN
8476887,Filip Forsberg,L,F,20232024,NSH,False,82,48,46,347,141,44,76,80,18.905,13.833,1.858,1.78,13.43,5.457,1.703,32.47,R,NSH
8476887,Filip Forsberg,L,F,20242025,NSH,False,82,31,45,281,151,52,38,113,18.628,11.032,1.218,1.768,11.038,5.931,2.043,32.47,R,NSH
8476887,Filip Forsberg,L,F,20252026,NSH,False,82,40,35,246,124,33,48,105,18.887,16.26,1.55,1.356,9.53,4.804,1.278,32.47,R,NSH
8479425,Filip Hronek,D,D,20232024,VAN,False,81,5,43,148,104,87,24,50,23.441,3.378,0.158,1.359,4.677,3.286,2.749,29.25,R,VAN
8479425,Filip Hronek,D,D,20242025,VAN,False,61,5,28,83,89,75,14,74,23.894,6.024,0.206,1.153,3.417,3.664,3.087,29.25,R,VAN
8479425,Filip Hronek,D,D,20252026,VAN,False,82,8,41,137,133,100,34,108,25.006,5.839,0.234,1.2,4.009,3.892,2.926,29.25,R,VAN
8480821,Filip Zadina,R,F,20232024,SJS,False,72,13,10,137,55,28,29,19,13.34,9.489,0.812,0.625,8.558,3.436,1.749,27.18,L,
8483493,Frank Nazar,C,F,20232024,CHI,False,3,1,0,2,0,1,2,3,16.144,50.0,1.239,0.0,2.478,0.0,1.239,23.05,R,CHI
8483493,Frank Nazar,C,F,20242025,CHI,False,53,12,14,91,30,35,8,57,15.871,13.187,0.856,0.999,6.491,2.14,2.497,23.05,R,CHI
8483493,Frank Nazar,C,F,20252026,CHI,False,66,15,26,138,37,43,27,74,18.32,10.87,0.744,1.29,6.848,1.836,2.134,23.05,R,CHI
8478366,Frank Vatrano,R,F,20232024,ANA,False,82,37,23,272,156,78,31,29,18.345,13.603,1.476,0.917,10.849,6.222,3.111,32.89,L,ANA
8478366,Frank Vatrano,R,F,20242025,ANA,False,81,21,24,234,169,69,13,52,17.545,8.974,0.887,1.013,9.879,7.135,2.913,32.89,L,ANA
8478366,Frank Vatrano,R,F,20252026,ANA,False,50,5,4,79,84,28,6,17,11.822,6.329,0.508,0.406,8.019,8.526,2.842,32.89,L,ANA
8483489,Fraser Minten,C,F,20232024,TOR,False,4,0,0,3,4,1,0,2,11.433,0.0,0.0,0.0,3.936,5.248,1.312,22.58,L,BOS
8483489,Fraser Minten,C,F,20242025,TOR/BOS,True,21,3,2,24,48,10,2,10,13.023,12.5,0.658,0.439,5.265,10.531,2.194,22.58,L,BOS
8483489,Fraser Minten,C,F,20252026,BOS,False,82,17,18,116,142,51,27,40,15.551,14.655,0.8,0.847,5.458,6.681,2.4,22.58,L,BOS
8477919,Freddy Gaudreau,C,F,20232024,MIN,False,67,5,10,105,24,47,17,18,13.942,4.762,0.321,0.642,6.744,1.542,3.019,33.76,R,SEA
8477919,Freddy Gaudreau,C,F,20242025,MIN,False,82,18,19,110,47,61,24,50,15.662,16.364,0.841,0.888,5.139,2.196,2.85,33.76,R,SEA
8477919,Freddy Gaudreau,C,F,20252026,SEA,False,68,7,17,70,35,52,25,36,16.144,10.0,0.383,0.929,3.826,1.913,2.842,33.76,R,SEA
8478028,Fredrik Olofsson,L,F,20232024,COL,False,57,3,6,45,45,29,17,4,9.758,6.667,0.324,0.647,4.854,4.854,3.128,30.68,L,
8484210,Gabe Perreault,R,F,20242025,NYR,False,5,0,0,5,1,1,1,6,14.437,0.0,0.0,0.0,4.156,0.831,0.831,21.74,L,NYR
8484210,Gabe Perreault,R,F,20252026,NYR,False,49,12,15,73,25,22,10,36,15.986,16.438,0.919,1.149,5.592,1.915,1.685,21.74,L,NYR
8476455,Gabriel Landeskog,L,F,20252026,COL,False,60,14,21,132,86,32,15,41,16.414,10.606,0.853,1.279,8.042,5.239,1.95,34.19,L,COL
8480014,Gabriel Vilardi,C,F,20232024,WPG,False,47,22,14,117,14,24,21,13,17.007,18.803,1.651,1.051,8.782,1.051,1.802,27.46,R,WPG
8480014,Gabriel Vilardi,C,F,20242025,WPG,False,71,27,34,130,21,50,22,41,18.136,20.769,1.258,1.584,6.058,0.979,2.33,27.46,R,WPG
8480014,Gabriel Vilardi,C,F,20252026,WPG,False,82,30,39,150,20,35,14,63,18.74,20.0,1.171,1.523,5.857,0.781,1.367,27.46,R,WPG
8482201,Gage Goncalves,C,F,20232024,TBL,False,2,0,0,0,2,0,1,0,9.958,0.0,0.0,0.0,0.0,6.025,0.0,26.04,L,TBL
8482201,Gage Goncalves,C,F,20242025,TBL,False,60,8,12,61,71,20,18,35,12.794,13.115,0.625,0.938,4.768,5.549,1.563,26.04,L,TBL
8482201,Gage Goncalves,C,F,20252026,TBL,False,74,11,22,77,85,29,18,58,13.089,14.286,0.681,1.363,4.77,5.265,1.796,26.04,L,TBL
8477903,Garnet Hathaway,R,F,20232024,PHI,False,82,7,10,103,326,73,13,16,12.488,6.796,0.41,0.586,6.035,19.101,4.277,35.19,R,FLA
8477903,Garnet Hathaway,R,F,20242025,PHI,False,67,10,11,80,257,61,8,27,11.864,12.5,0.755,0.83,6.039,19.399,4.604,35.19,R,FLA
8477903,Garnet Hathaway,R,F,20252026,PHI,False,66,1,2,34,252,58,9,35,10.403,2.941,0.087,0.175,2.971,22.022,5.068,35.19,R,FLA
8484149,Gavin Brindley,C,F,20232024,CBJ,False,1,0,0,0,0,0,0,1,12.333,0.0,0.0,0.0,0.0,0.0,0.0,22.32,R,COL
8484149,Gavin Brindley,C,F,20252026,COL,False,56,6,7,62,37,15,5,20,9.551,9.677,0.673,0.785,6.955,4.151,1.683,22.32,R,COL
8479379,Givani Smith,R,F,20232024,SJS,False,36,1,3,31,87,12,8,8,7.809,3.226,0.213,0.64,6.616,18.568,2.561,28.93,L,
8479379,Givani Smith,R,F,20242025,SJS/COL,True,13,0,0,5,20,5,2,2,6.326,0.0,0.0,0.0,3.648,14.592,3.648,28.93,L,
8478055,Gustav Forsling,D,D,20232024,FLA,False,79,10,29,160,111,102,41,48,22.142,6.25,0.343,0.995,5.488,3.807,3.499,30.64,L,FLA
8478055,Gustav Forsling,D,D,20242025,FLA,False,80,11,20,195,83,89,37,72,22.948,5.641,0.36,0.654,6.373,2.713,2.909,30.64,L,FLA
8478055,Gustav Forsling,D,D,20252026,FLA,False,80,2,26,112,52,98,29,59,22.629,1.786,0.066,0.862,3.712,1.723,3.248,30.64,L,FLA
8480184,Gustav Lindström,D,D,20232024,MTL/ANA,True,46,3,7,29,63,63,7,16,15.4,10.345,0.254,0.593,2.456,5.336,5.336,28.29,R,
8474679,Gustav Nyquist,R,F,20232024,NSH,False,81,23,52,153,36,38,37,40,17.742,15.033,0.96,2.171,6.388,1.503,1.587,37.42,L,
8474679,Gustav Nyquist,R,F,20242025,NSH/MIN,True,79,11,17,103,44,30,19,59,16.854,10.68,0.496,0.766,4.642,1.983,1.352,37.42,L,
8474679,Gustav Nyquist,R,F,20252026,WPG,False,51,1,11,62,28,19,12,25,12.679,1.613,0.093,1.021,5.753,2.598,1.763,37.42,L,
8476854,Hampus Lindholm,D,D,20232024,BOS,False,73,3,23,99,49,100,29,47,23.287,3.03,0.106,0.812,3.494,1.729,3.53,33.03,L,BOS
8476854,Hampus Lindholm,D,D,20242025,BOS,False,17,3,4,35,5,17,14,30,20.856,8.571,0.508,0.677,5.923,0.846,2.877,33.03,L,BOS
8476854,Hampus Lindholm,D,D,20252026,BOS,False,67,5,21,100,12,103,25,80,21.623,5.0,0.207,0.87,4.142,0.497,4.266,33.03,L,BOS
8477938,Haydn Fleury,D,D,20232024,TBL,False,24,1,4,25,31,40,2,15,16.124,4.0,0.155,0.62,3.876,4.806,6.202,30.57,L,WPG
8477938,Haydn Fleury,D,D,20242025,WPG,False,39,0,7,38,48,56,3,39,15.928,0.0,0.0,0.676,3.67,4.636,5.409,30.57,L,WPG
8477938,Haydn Fleury,D,D,20252026,WPG,False,38,2,2,26,54,56,8,28,13.927,7.692,0.227,0.227,2.948,6.122,6.349,30.57,L,WPG
8482148,Hendrix Lapierre,C,F,20232024,WSH,False,51,8,14,51,26,31,19,19,11.437,15.686,0.823,1.44,5.246,2.674,3.189,24.98,L,PIT
8482148,Hendrix Lapierre,C,F,20242025,WSH,False,27,0,8,18,12,14,5,17,9.796,0.0,0.0,1.815,4.083,2.722,3.176,24.98,L,PIT
8482148,Hendrix Lapierre,C,F,20252026,WSH,False,74,4,12,53,49,22,7,34,8.834,7.547,0.367,1.101,4.864,4.497,2.019,24.98,L,PIT
8480035,Henri Jokiharju,D,D,20232024,BUF,False,74,3,17,84,92,106,18,29,18.98,3.571,0.128,0.726,3.588,3.93,4.528,27.63,R,BOS
8480035,Henri Jokiharju,D,D,20242025,BUF/BOS,True,60,3,7,59,50,53,13,64,17.826,5.085,0.168,0.393,3.31,2.805,2.973,27.63,R,BOS
8480035,Henri Jokiharju,D,D,20252026,BOS,False,41,2,13,40,27,37,6,48,17.804,5.0,0.164,1.069,3.288,2.219,3.041,27.63,R,BOS
8481567,Henry Thrun,D,D,20232024,SJS,False,51,3,8,48,26,71,17,28,20.0,6.25,0.176,0.471,2.824,1.529,4.176,25.89,L,WPG
8481567,Henry Thrun,D,D,20242025,SJS,False,60,2,10,52,43,66,12,37,17.514,3.846,0.114,0.571,2.969,2.455,3.768,25.89,L,WPG
8481567,Henry Thrun,D,D,20252026,TOR,False,4,0,0,4,3,4,0,1,14.863,0.0,0.0,0.0,4.037,3.028,4.037,25.89,L,WPG
8477392,Hudson Fasching,R,F,20232024,NYI,False,45,4,10,41,40,31,17,10,12.043,9.756,0.443,1.107,4.539,4.429,3.432,31.52,R,
8477392,Hudson Fasching,R,F,20242025,NYI,False,43,2,2,51,28,17,9,27,11.082,3.922,0.252,0.252,6.421,3.526,2.14,31.52,R,
8484150,Hunter Brzustewicz,D,D,20242025,CGY,False,1,0,0,2,1,0,1,1,18.383,0.0,0.0,0.0,6.528,3.264,0.0,22.17,R,CGY
8484150,Hunter Brzustewicz,D,D,20252026,CGY,False,34,2,5,33,24,23,5,26,16.14,6.061,0.219,0.547,3.608,2.624,2.515,22.17,R,CGY
8474013,Ian Cole,D,D,20232024,VAN,False,78,2,9,61,83,166,18,42,18.689,3.279,0.082,0.37,2.511,3.416,6.832,37.94,L,CHI
8474013,Ian Cole,D,D,20242025,UTA,False,82,1,16,66,106,211,25,118,20.282,1.515,0.036,0.577,2.381,3.824,7.612,37.94,L,CHI
8474013,Ian Cole,D,D,20252026,UTA,False,82,3,20,62,73,151,15,95,18.269,4.839,0.12,0.801,2.483,2.924,6.048,37.94,L,CHI
8480070,Ian Mitchell,D,D,20232024,BOS,False,13,0,2,11,3,13,0,1,15.308,0.0,0.0,0.603,3.317,0.905,3.92,28.04,R,
8480070,Ian Mitchell,D,D,20242025,BOS,False,15,0,1,10,5,23,5,13,15.6,0.0,0.0,0.256,2.564,1.282,5.897,28.04,R,
8482178,Ian Moore,D,D,20242025,ANA,False,3,0,1,4,1,1,0,1,13.639,0.0,0.0,1.466,5.866,1.466,1.466,25.08,R,ANA
8482178,Ian Moore,D,D,20252026,ANA,False,67,4,8,66,42,80,21,40,13.668,6.061,0.262,0.524,4.324,2.752,5.242,25.08,R,ANA
8484994,Igor Chernyshov,L,F,20252026,SJS,False,28,9,10,46,17,13,4,24,15.058,19.565,1.281,1.423,6.546,2.419,1.85,21.17,R,SJS
8480950,Ilya Lyubushkin,D,D,20232024,ANA/TOR,True,74,0,8,47,176,168,23,40,17.125,0.0,0.0,0.379,2.225,8.333,7.954,32.82,R,NSH
8480950,Ilya Lyubushkin,D,D,20242025,DAL,False,80,1,13,51,84,136,20,109,17.387,1.961,0.043,0.561,2.2,3.623,5.866,32.82,R,NSH
8480950,Ilya Lyubushkin,D,D,20252026,DAL,False,53,1,8,33,68,90,9,46,15.741,3.03,0.072,0.575,2.373,4.89,6.473,32.82,R,NSH
8481624,Ilya Mikheyev,R,F,20232024,VAN,False,78,11,20,147,49,20,19,16,14.264,7.483,0.593,1.079,7.927,2.642,1.079,32.31,L,TBL
8481624,Ilya Mikheyev,R,F,20242025,CHI,False,80,20,14,138,34,15,21,54,15.677,14.493,0.957,0.67,6.602,1.627,0.718,32.31,L,TBL
8481624,Ilya Mikheyev,R,F,20252026,CHI,False,77,18,18,123,31,23,22,63,17.433,14.634,0.805,0.805,5.498,1.386,1.028,32.31,L,TBL
8482470,Ilya Solovyov,D,D,20232024,CGY,False,10,0,3,10,14,17,0,3,15.895,0.0,0.0,1.132,3.775,5.285,6.417,26.54,L,PIT
8482470,Ilya Solovyov,D,D,20242025,CGY,False,5,0,1,6,12,8,3,6,15.67,0.0,0.0,0.766,4.595,9.19,6.126,26.54,L,PIT
8482470,Ilya Solovyov,D,D,20252026,COL/PIT,True,30,1,7,23,35,33,5,19,12.747,4.348,0.157,1.098,3.609,5.491,5.178,26.54,L,PIT
8483455,Isaac Howard,L,F,20252026,EDM,False,29,2,3,36,7,5,2,17,10.311,5.556,0.401,0.602,7.224,1.405,1.003,22.84,L,EDM
8482192,Isaak Phillips,D,D,20232024,CHI,False,33,0,6,31,56,36,14,21,17.073,0.0,0.0,0.639,3.301,5.964,3.834,25.34,L,WPG
8482192,Isaak Phillips,D,D,20242025,CHI,False,3,1,0,3,3,4,0,2,11.894,33.333,1.682,0.0,5.045,5.045,6.726,25.34,L,WPG
8482192,Isaak Phillips,D,D,20252026,WPG,False,3,0,0,3,3,1,0,2,9.517,0.0,0.0,0.0,6.305,6.305,2.102,25.34,L,WPG
8480806,Isac Lundeström,C,F,20232024,ANA,False,46,5,6,38,51,27,19,12,14.341,13.158,0.455,0.546,3.456,4.639,2.456,27.24,L,CBJ
8480806,Isac Lundeström,C,F,20242025,ANA,False,79,4,11,60,48,68,15,26,13.547,6.667,0.224,0.617,3.364,2.691,3.812,27.24,L,CBJ
8480806,Isac Lundeström,C,F,20252026,CBJ,False,68,4,8,53,35,35,8,38,12.385,7.547,0.285,0.57,3.776,2.494,2.494,27.24,L,CBJ
8483448,Isaiah George,D,D,20242025,NYI,False,33,1,4,26,14,34,6,26,15.646,3.846,0.116,0.465,3.021,1.627,3.951,22.96,L,NYI
8483448,Isaiah George,D,D,20252026,NYI,False,4,0,1,2,1,3,2,2,13.371,0.0,0.0,1.122,2.244,1.122,3.365,22.96,L,NYI
8482765,Isak Rosen,R,F,20232024,BUF,False,7,0,0,8,0,2,2,0,8.586,0.0,0.0,0.0,7.986,0.0,1.997,23.89,L,WPG
8482765,Isak Rosen,R,F,20242025,BUF,False,8,0,1,8,3,2,1,5,9.64,0.0,0.0,0.778,6.224,2.334,1.556,23.89,L,WPG
8482765,Isak Rosen,R,F,20252026,BUF/WPG,True,37,6,4,35,17,20,5,18,11.505,17.143,0.846,0.564,4.933,2.396,2.819,23.89,L,WPG
8477964,Ivan Barbashev,L,F,20232024,VGK,False,82,19,26,122,180,44,28,37,16.113,15.574,0.863,1.181,5.54,8.174,1.998,31.14,L,VGK
8477964,Ivan Barbashev,L,F,20242025,VGK,False,70,23,28,111,104,33,18,78,16.798,20.721,1.174,1.429,5.664,5.307,1.684,31.14,L,VGK
8477964,Ivan Barbashev,L,F,20252026,VGK,False,82,23,38,133,137,37,15,90,16.242,17.293,1.036,1.712,5.992,6.172,1.667,31.14,L,VGK
8484984,Ivan Demidov,R,F,20242025,MTL,False,2,1,1,5,2,0,0,1,13.708,20.0,2.189,2.189,10.943,4.377,0.0,21.14,L,MTL
8484984,Ivan Demidov,R,F,20252026,MTL,False,82,19,43,127,28,26,22,72,15.498,14.961,0.897,2.03,5.996,1.322,1.228,21.14,L,MTL
8483930,Ivan Ivan,C,F,20242025,COL,False,40,5,3,34,12,9,2,22,10.037,14.706,0.747,0.448,5.081,1.793,1.345,24.45,L,BOS
8483930,Ivan Ivan,C,F,20252026,COL,False,9,0,1,4,3,1,0,3,7.452,0.0,0.0,0.895,3.578,2.684,0.895,24.45,L,BOS
8483491,Ivan Miroshnichenko,L,F,20232024,WSH,False,21,2,4,30,50,5,7,8,12.14,6.667,0.471,0.941,7.06,11.767,1.177,22.99,R,WSH
8483491,Ivan Miroshnichenko,L,F,20242025,WSH,False,18,1,3,14,28,8,3,11,9.343,7.143,0.357,1.07,4.995,9.99,2.854,22.99,R,WSH
8483491,Ivan Miroshnichenko,L,F,20252026,WSH,False,13,2,1,12,19,6,0,5,9.641,16.667,0.957,0.479,5.745,9.096,2.872,22.99,R,WSH
8478500,Ivan Provorov,D,D,20232024,CBJ,False,82,5,27,107,66,155,22,40,22.162,4.673,0.165,0.891,3.533,2.179,5.118,30.05,L,CBJ
8478500,Ivan Provorov,D,D,20242025,CBJ,False,82,7,26,100,28,127,29,120,23.354,7.0,0.219,0.815,3.133,0.877,3.979,30.05,L,CBJ
8478500,Ivan Provorov,D,D,20252026,CBJ,False,82,9,22,158,28,134,29,112,24.814,5.696,0.265,0.649,4.659,0.826,3.951,30.05,L,CBJ
8482655,J.J. Moser,D,D,20232024,ARI,False,80,5,21,77,99,112,21,35,20.571,6.494,0.182,0.766,2.807,3.609,4.083,26.66,L,TBL
8482655,J.J. Moser,D,D,20242025,TBL,False,54,2,12,48,34,70,23,45,18.853,4.167,0.118,0.707,2.829,2.004,4.125,26.66,L,TBL
8482655,J.J. Moser,D,D,20252026,TBL,False,79,7,22,111,61,91,22,80,21.572,6.306,0.246,0.775,3.908,2.148,3.204,26.66,L,TBL
8477456,J.T. Compher,L,F,20232024,DET,False,77,19,29,108,51,59,16,30,19.388,17.593,0.764,1.166,4.341,2.05,2.371,31.82,R,DET
8477456,J.T. Compher,L,F,20242025,DET,False,76,11,21,98,29,64,17,49,16.681,11.224,0.521,0.994,4.638,1.373,3.029,31.82,R,DET
8477456,J.T. Compher,L,F,20252026,DET,False,82,11,17,95,22,54,11,44,15.667,11.579,0.514,0.794,4.437,1.027,2.522,31.82,R,DET
8476468,J.T. Miller,C,F,20232024,VAN,False,81,37,66,194,217,61,36,50,19.49,19.072,1.406,2.508,7.373,8.247,2.318,33.89,L,NYR
8476468,J.T. Miller,C,F,20242025,VAN/NYR,True,72,22,48,137,168,50,28,71,18.2,16.058,1.007,2.198,6.273,7.692,2.289,33.89,L,NYR
8476468,J.T. Miller,C,F,20252026,NYR,False,68,17,36,144,123,34,15,84,20.146,11.806,0.745,1.577,6.307,5.387,1.489,33.89,L,NYR
8476958,Jaccob Slavin,D,D,20232024,CAR,False,81,6,31,151,55,120,71,32,20.932,3.974,0.212,1.097,5.344,1.946,4.247,32.76,L,CAR
8476958,Jaccob Slavin,D,D,20242025,CAR,False,80,6,21,110,21,136,61,78,21.573,5.455,0.209,0.73,3.824,0.73,4.728,32.76,L,CAR
8476958,Jaccob Slavin,D,D,20252026,CAR,False,39,1,7,63,6,54,32,37,21.31,1.587,0.072,0.505,4.548,0.433,3.898,32.76,L,CAR
8480835,Jack Drury,C,F,20232024,CAR,False,74,8,19,106,30,35,22,17,12.279,7.547,0.528,1.255,6.999,1.981,2.311,27.0,L,NSH
8480835,Jack Drury,C,F,20242025,CAR/COL,True,72,8,10,93,45,50,12,34,12.92,8.602,0.516,0.645,5.998,2.902,3.225,27.0,L,NSH
8480835,Jack Drury,C,F,20252026,COL,False,82,10,17,99,46,56,23,44,14.479,10.101,0.505,0.859,5.003,2.325,2.83,27.0,L,NSH
8478403,Jack Eichel,C,F,20232024,VGK,False,63,31,37,278,26,61,60,42,20.52,11.151,1.439,1.717,12.903,1.207,2.831,30.26,R,VGK
8478403,Jack Eichel,C,F,20242025,VGK,False,77,28,66,233,22,55,28,90,20.534,12.017,1.063,2.505,8.842,0.835,2.087,30.26,R,VGK
8478403,Jack Eichel,C,F,20252026,VGK,False,74,27,63,260,35,40,28,120,21.201,10.385,1.033,2.409,9.943,1.339,1.53,30.26,R,VGK
8482090,Jack Finley,C,F,20242025,TBL,False,1,0,0,1,1,0,0,1,8.417,0.0,0.0,0.0,7.128,7.128,0.0,24.42,R,STL
8482090,Jack Finley,C,F,20252026,TBL/STL,True,44,2,3,26,75,9,1,12,9.709,7.692,0.281,0.421,3.652,10.534,1.264,24.42,R,STL
8481559,Jack Hughes,C,F,20232024,NJD,False,62,27,47,274,10,24,64,71,20.974,9.854,1.246,2.169,12.642,0.461,1.107,25.72,L,NJD
8481559,Jack Hughes,C,F,20242025,NJD,False,62,27,43,229,7,29,22,87,20.901,11.79,1.25,1.991,10.603,0.324,1.343,25.72,L,NJD
8481559,Jack Hughes,C,F,20252026,NJD,False,61,27,50,228,4,32,37,126,21.316,11.842,1.246,2.307,10.521,0.185,1.477,25.72,L,NJD
8471677,Jack Johnson,D,D,20232024,COL,False,80,3,13,76,78,89,12,20,14.927,3.947,0.151,0.653,3.819,3.919,4.472,40.05,L,
8471677,Jack Johnson,D,D,20242025,CBJ,False,41,0,6,23,21,35,8,19,12.873,0.0,0.0,0.682,2.615,2.387,3.979,40.05,L,
8480855,Jack McBain,C,F,20232024,ARI,False,67,8,18,56,204,42,12,16,12.624,14.286,0.568,1.277,3.973,14.471,2.979,27.07,L,UTA
8480855,Jack McBain,C,F,20242025,UTA,False,82,13,14,90,291,50,16,63,13.573,14.444,0.701,0.755,4.852,15.688,2.695,27.07,L,UTA
8480855,Jack McBain,C,F,20252026,UTA,False,75,9,16,106,271,43,9,51,13.847,8.491,0.52,0.924,6.124,15.657,2.484,27.07,L,UTA
8482097,Jack Quinn,R,F,20232024,BUF,False,27,9,10,56,31,12,9,7,15.641,16.071,1.279,1.421,7.956,4.404,1.705,25.37,R,BUF
8482097,Jack Quinn,R,F,20242025,BUF,False,74,15,24,123,39,23,12,52,14.863,12.195,0.818,1.309,6.71,2.128,1.255,25.37,R,BUF
8482097,Jack Quinn,R,F,20252026,BUF,False,82,20,31,191,52,25,14,72,15.657,10.471,0.935,1.449,8.926,2.43,1.168,25.37,R,BUF
8478458,Jack Roslovic,C,F,20232024,CBJ/NYR,True,59,9,22,117,28,24,22,17,15.555,7.692,0.588,1.438,7.649,1.831,1.569,30.01,R,TOR
8478458,Jack Roslovic,C,F,20242025,CAR,False,81,22,17,139,14,23,19,63,13.821,15.827,1.179,0.911,7.45,0.75,1.233,30.01,R,TOR
8478458,Jack Roslovic,C,F,20252026,EDM,False,69,21,15,141,46,27,13,64,15.77,14.894,1.158,0.827,7.775,2.536,1.489,30.01,R,TOR
8481030,Jack St. Ivany,D,D,20232024,PIT,False,14,0,1,11,30,14,5,3,13.702,0.0,0.0,0.313,3.441,9.383,4.379,27.53,R,WPG
8481030,Jack St. Ivany,D,D,20242025,PIT,False,19,0,1,12,38,25,7,16,16.368,0.0,0.0,0.193,2.315,7.331,4.823,27.53,R,WPG
8481030,Jack St. Ivany,D,D,20252026,PIT,False,20,0,7,17,48,24,4,22,16.326,0.0,0.0,1.286,3.124,8.82,4.41,27.53,R,WPG
8480021,Jack Studnicka,C,F,20232024,VAN/SJS,True,22,1,0,20,36,11,7,8,11.452,5.0,0.238,0.0,4.763,8.573,2.62,27.95,R,PHI
8480021,Jack Studnicka,C,F,20252026,FLA,False,19,0,0,16,19,6,3,4,7.096,0.0,0.0,0.0,7.12,8.455,2.67,27.95,R,PHI
8482144,Jack Thompson,D,D,20232024,TBL/SJS,True,3,0,0,4,4,3,3,0,15.672,0.0,0.0,0.0,5.105,5.105,3.828,24.87,R,VAN
8482144,Jack Thompson,D,D,20242025,SJS,False,31,4,6,41,12,54,7,37,15.79,9.756,0.49,0.735,5.026,1.471,6.619,24.87,R,VAN
8482809,Jackson Blake,R,F,20232024,CAR,False,1,0,0,2,0,0,0,1,15.3,0.0,0.0,0.0,7.843,0.0,0.0,23.5,R,CAR
8482809,Jackson Blake,R,F,20242025,CAR,False,80,17,17,142,19,30,20,54,13.846,11.972,0.921,0.921,7.692,1.029,1.625,23.5,R,CAR
8482809,Jackson Blake,R,F,20252026,CAR,False,81,22,31,174,13,34,30,92,16.499,12.644,0.988,1.392,7.812,0.584,1.526,23.5,R,CAR
8481605,Jackson LaCombe,D,D,20232024,ANA,False,71,2,15,55,50,129,31,35,19.377,3.636,0.087,0.654,2.399,2.181,5.626,26.06,L,ANA
8481605,Jackson LaCombe,D,D,20242025,ANA,False,75,14,29,134,69,129,35,78,22.301,10.448,0.502,1.04,4.807,2.475,4.628,26.06,L,ANA
8481605,Jackson LaCombe,D,D,20252026,ANA,False,82,10,48,157,74,128,52,110,24.248,6.369,0.302,1.448,4.738,2.233,3.863,26.06,L,ANA
8480879,Jacob Bernard-Docker,D,D,20232024,OTT,False,72,4,10,51,62,156,12,39,15.694,7.843,0.212,0.531,2.708,3.292,8.283,26.59,R,DET
8480879,Jacob Bernard-Docker,D,D,20242025,OTT/BUF,True,40,2,6,32,30,50,3,22,13.615,6.25,0.22,0.661,3.526,3.305,5.509,26.59,R,DET
8480879,Jacob Bernard-Docker,D,D,20252026,DET,False,63,1,4,41,66,87,8,41,14.81,2.439,0.064,0.257,2.637,4.244,5.595,26.59,R,DET
8480196,Jacob Bryson,D,D,20232024,BUF,False,36,1,7,15,17,40,4,7,14.677,6.667,0.114,0.795,1.703,1.93,4.542,29.21,L,DET
8480196,Jacob Bryson,D,D,20242025,BUF,False,48,0,7,20,15,51,8,33,14.392,0.0,0.0,0.608,1.737,1.303,4.43,29.21,L,DET
8480196,Jacob Bryson,D,D,20252026,BUF/WPG,True,50,2,6,22,14,29,5,17,10.863,9.091,0.221,0.663,2.43,1.547,3.204,29.21,L,DET
8479439,Jacob MacDonald,D,D,20232024,SJS,False,34,7,2,49,40,17,10,2,12.022,14.286,1.028,0.294,7.193,5.872,2.495,33.93,L,WSH
8482874,Jacob Melanson,R,F,20242025,SEA,False,1,0,0,0,4,0,1,1,9.883,0.0,0.0,0.0,0.0,24.284,0.0,23.78,R,SEA
8482874,Jacob Melanson,R,F,20252026,SEA,False,36,2,3,33,188,13,4,15,9.367,6.061,0.356,0.534,5.872,33.451,2.313,23.78,R,SEA
8478136,Jacob Middleton,D,D,20232024,MIN,False,80,7,18,85,148,161,21,22,19.808,8.235,0.265,0.682,3.218,5.604,6.096,31.08,L,CGY
8478136,Jacob Middleton,D,D,20242025,MIN,False,67,8,13,97,99,157,21,64,21.874,8.247,0.328,0.532,3.971,4.053,6.428,31.08,L,CGY
8478136,Jacob Middleton,D,D,20252026,MIN,False,75,2,14,62,87,117,10,46,17.506,3.226,0.091,0.64,2.833,3.976,5.347,31.08,L,CGY
8479421,Jacob Moverare,D,D,20232024,LAK,False,24,1,0,11,12,23,0,3,10.447,9.091,0.239,0.0,2.632,2.872,5.504,28.42,L,
8479421,Jacob Moverare,D,D,20242025,LAK,False,49,1,7,30,31,60,7,24,11.859,3.333,0.103,0.723,3.098,3.201,6.195,28.42,L,
8479421,Jacob Moverare,D,D,20252026,LAK,False,15,0,0,7,3,12,2,6,8.78,0.0,0.0,0.0,3.189,1.367,5.467,28.42,L,
8484901,Jacob Quillan,C,F,20242025,TOR,False,1,0,0,0,1,0,0,0,5.35,0.0,0.0,0.0,0.0,11.215,0.0,25.0,L,TOR
8484901,Jacob Quillan,C,F,20252026,TOR,False,23,1,2,14,46,13,6,12,10.27,7.143,0.254,0.508,3.556,11.685,3.302,25.0,L,TOR
8476885,Jacob Trouba,D,D,20232024,NYR,False,69,3,19,129,191,183,13,33,21.246,2.326,0.123,0.778,5.28,7.817,7.49,32.93,R,SJS
8476885,Jacob Trouba,D,D,20242025,NYR/ANA,True,77,1,13,111,164,208,29,90,20.518,0.901,0.038,0.494,4.215,6.228,7.899,32.93,R,SJS
8476885,Jacob Trouba,D,D,20252026,ANA,False,81,10,25,166,143,149,22,89,22.827,6.024,0.325,0.811,5.387,4.64,4.835,32.93,R,SJS
8475768,Jaden Schwartz,L,F,20232024,SEA,False,62,13,17,117,46,27,40,21,16.362,11.111,0.769,1.005,6.92,2.721,1.597,34.6,L,COL
8475768,Jaden Schwartz,L,F,20242025,SEA,False,81,26,23,194,43,42,43,60,17.883,13.402,1.077,0.953,8.036,1.781,1.74,34.6,L,COL
8475768,Jaden Schwartz,L,F,20252026,SEA,False,50,11,15,82,32,42,25,47,16.141,13.415,0.818,1.115,6.096,2.379,3.122,34.6,L,COL
8479402,Jake Bean,D,D,20232024,CBJ,False,72,4,9,76,28,110,25,15,16.327,5.263,0.204,0.459,3.879,1.429,5.614,28.65,L,
8479402,Jake Bean,D,D,20242025,CGY,False,64,2,5,71,22,43,27,46,15.089,2.817,0.124,0.311,4.411,1.367,2.672,28.65,L,
8479402,Jake Bean,D,D,20252026,CGY,False,16,1,1,16,3,29,5,15,15.954,6.25,0.235,0.235,3.761,0.705,6.816,28.65,L,
8481161,Jake Christiansen,D,D,20232024,CBJ,False,12,0,2,7,10,15,2,2,13.219,0.0,0.0,0.756,2.648,3.782,5.674,27.39,L,CBJ
8481161,Jake Christiansen,D,D,20242025,CBJ,False,68,1,7,58,50,65,8,51,12.54,1.724,0.07,0.493,4.081,3.518,4.574,27.39,L,CBJ
8481161,Jake Christiansen,D,D,20252026,CBJ,False,40,0,3,26,30,24,2,13,10.044,0.0,0.0,0.448,3.883,4.48,3.584,27.39,L,CBJ
8478498,Jake DeBrusk,L,F,20232024,BOS,False,80,19,21,183,107,48,36,26,16.832,10.383,0.847,0.936,8.154,4.768,2.139,30.29,L,VAN
8478498,Jake DeBrusk,L,F,20242025,VAN,False,82,28,20,171,96,48,13,47,16.649,16.374,1.231,0.879,7.515,4.219,2.11,30.29,L,VAN
8478498,Jake DeBrusk,L,F,20252026,VAN,False,81,23,19,219,66,34,11,44,16.864,10.502,1.01,0.835,9.619,2.899,1.493,30.29,L,VAN
8478133,Jake Evans,C,F,20232024,MTL,False,82,7,21,81,86,65,27,30,16.018,8.642,0.32,0.959,3.7,3.929,2.969,30.67,R,MTL
8478133,Jake Evans,C,F,20242025,MTL,False,82,13,23,80,124,60,15,62,15.554,16.25,0.612,1.082,3.763,5.833,2.823,30.67,R,MTL
8478133,Jake Evans,C,F,20252026,MTL,False,68,12,12,75,89,50,15,48,15.356,16.0,0.69,0.69,4.309,5.114,2.873,30.67,R,MTL
8477404,Jake Guentzel,C,F,20232024,PIT/CAR,True,67,30,47,238,48,28,33,26,20.021,12.605,1.342,2.102,10.646,2.147,1.252,32.32,L,TBL
8477404,Jake Guentzel,C,F,20242025,TBL,False,80,41,39,217,28,52,25,79,19.993,18.894,1.538,1.463,8.14,1.05,1.951,32.32,L,TBL
8477404,Jake Guentzel,C,F,20252026,TBL,False,81,38,50,220,39,41,23,73,20.246,17.273,1.39,1.829,8.049,1.427,1.5,32.32,L,TBL
8481422,Jake Lucchini,C,F,20232024,MIN,False,40,2,3,22,22,14,6,3,9.598,9.091,0.313,0.469,3.438,3.438,2.188,31.74,L,NSH
8481422,Jake Lucchini,C,F,20242025,NSH,False,3,0,0,2,2,0,0,0,11.489,0.0,0.0,0.0,3.482,3.482,0.0,31.74,L,NSH
8476931,Jake McCabe,D,D,20232024,TOR,False,73,8,20,73,219,129,16,49,20.657,10.959,0.318,0.796,2.905,8.714,5.133,33.31,L,TOR
8476931,Jake McCabe,D,D,20242025,TOR,False,66,2,21,74,118,135,9,83,21.513,2.703,0.085,0.887,3.127,4.986,5.705,33.31,L,TOR
8476931,Jake McCabe,D,D,20252026,TOR,False,80,5,20,77,104,190,27,86,22.405,6.494,0.167,0.669,2.578,3.481,6.36,33.31,L,TOR
8482089,Jake Neighbours,L,F,20232024,STL,False,77,27,11,145,138,45,39,17,15.707,18.621,1.339,0.546,7.193,6.846,2.232,24.85,L,STL
8482089,Jake Neighbours,L,F,20242025,STL,False,82,22,24,122,173,56,14,51,15.895,18.033,1.013,1.105,5.616,7.964,2.578,24.85,L,STL
8482089,Jake Neighbours,L,F,20252026,STL,False,69,15,21,86,152,36,14,43,15.23,17.442,0.856,1.199,4.91,8.679,2.055,24.85,L,STL
8482105,Jake Sanderson,D,D,20232024,OTT,False,79,10,28,158,49,139,34,82,23.218,6.329,0.327,0.916,5.168,1.603,4.547,24.57,L,OTT
8482105,Jake Sanderson,D,D,20242025,OTT,False,80,11,46,195,38,163,53,98,24.442,5.641,0.338,1.412,5.984,1.166,5.002,24.57,L,OTT
8482105,Jake Sanderson,D,D,20252026,OTT,False,67,14,40,147,29,128,31,81,24.839,9.524,0.505,1.442,5.3,1.046,4.615,24.57,L,OTT
8478013,Jake Walman,D,D,20232024,DET,False,63,12,9,108,42,151,18,27,19.769,11.111,0.578,0.434,5.203,2.023,7.274,30.95,L,EDM
8478013,Jake Walman,D,D,20242025,SJS/EDM,True,65,7,33,164,57,145,27,80,22.771,4.268,0.284,1.338,6.648,2.311,5.878,30.95,L,EDM
8478013,Jake Walman,D,D,20252026,EDM,False,53,8,12,96,15,90,14,60,18.751,8.333,0.483,0.724,5.796,0.906,5.434,30.95,L,EDM
8479345,Jakob Chychrun,D,D,20232024,OTT,False,82,14,27,204,72,154,22,73,22.39,6.863,0.458,0.882,6.667,2.353,5.033,28.84,L,WSH
8479345,Jakob Chychrun,D,D,20242025,WSH,False,74,20,27,179,59,87,35,80,21.064,11.173,0.77,1.039,6.89,2.271,3.349,28.84,L,WSH
8479345,Jakob Chychrun,D,D,20252026,WSH,False,80,26,34,221,58,114,40,105,23.341,11.765,0.835,1.092,7.101,1.864,3.663,28.84,L,WSH
8481592,Jakob Pelletier,L,F,20232024,CGY,False,13,1,2,9,10,3,5,3,9.271,11.111,0.498,0.996,4.48,4.978,1.493,25.91,L,TBL
8481592,Jakob Pelletier,L,F,20242025,CGY/PHI,True,49,7,12,54,47,19,11,25,11.556,12.963,0.742,1.272,5.722,4.98,2.013,25.91,L,TBL
8481592,Jakob Pelletier,L,F,20252026,TBL,False,5,0,0,4,8,3,0,4,9.343,0.0,0.0,0.0,5.138,10.275,3.853,25.91,L,TBL
8475164,Jakob Silfverberg,R,F,20232024,ANA,False,81,7,12,102,16,36,23,25,13.051,6.863,0.397,0.681,5.789,0.908,2.043,36.3,R,
8480880,Jakub Lauko,C,F,20232024,BOS,False,60,2,8,43,176,24,14,8,9.821,4.651,0.204,0.815,4.378,17.921,2.444,26.85,L,
8480880,Jakub Lauko,C,F,20242025,MIN/BOS,True,56,5,6,42,119,39,6,25,10.714,11.905,0.5,0.6,4.2,11.9,3.9,26.85,L,
8477944,Jakub Vrana,L,F,20232024,STL,False,21,2,4,42,9,4,4,3,12.126,4.762,0.471,0.942,9.896,2.121,0.942,30.93,L,
8477944,Jakub Vrana,L,F,20242025,WSH/NSH,True,39,9,5,47,19,8,6,21,10.35,19.149,1.338,0.743,6.986,2.824,1.189,30.93,L,
8478970,Jalen Chatfield,D,D,20232024,CAR,False,72,8,14,90,58,66,23,30,15.197,8.889,0.439,0.768,4.935,3.18,3.619,30.72,R,CAR
8478970,Jalen Chatfield,D,D,20242025,CAR,False,79,7,11,114,64,64,26,82,18.878,6.14,0.282,0.443,4.586,2.575,2.575,30.72,R,CAR
8478970,Jalen Chatfield,D,D,20252026,CAR,False,72,2,15,100,36,63,29,68,20.139,2.0,0.083,0.621,4.138,1.49,2.607,30.72,R,CAR
8480468,James Hamblin,L,F,20232024,EDM,False,31,2,1,18,14,21,7,6,7.925,11.111,0.488,0.244,4.396,3.419,5.129,27.77,L,ANA
8474037,James van Riemsdyk,L,F,20232024,BOS,False,71,11,27,142,34,22,11,14,13.506,7.746,0.688,1.689,8.885,2.127,1.377,37.75,L,
8474037,James van Riemsdyk,L,F,20242025,CBJ,False,71,16,20,85,31,16,5,40,12.4,18.824,1.09,1.363,5.793,2.113,1.09,37.75,L,
8474037,James van Riemsdyk,L,F,20252026,DET,False,72,15,16,99,15,28,11,39,11.752,15.152,1.064,1.135,7.02,1.064,1.985,37.75,L,
8473994,Jamie Benn,L,F,20232024,DAL,False,82,21,39,164,110,50,49,33,15.12,12.805,1.016,1.887,7.937,5.323,2.42,37.54,L,DAL
8473994,Jamie Benn,L,F,20242025,DAL,False,80,16,33,136,114,45,13,58,15.301,11.765,0.784,1.618,6.666,5.588,2.206,37.54,L,DAL
8473994,Jamie Benn,L,F,20252026,DAL,False,60,15,21,72,79,23,11,35,13.289,20.833,1.129,1.58,5.418,5.945,1.731,37.54,L,DAL
8482142,Jamie Drysdale,D,D,20232024,ANA/PHI,True,34,3,7,55,26,43,6,11,19.624,5.455,0.27,0.629,4.946,2.338,3.867,24.82,R,PHI
8482142,Jamie Drysdale,D,D,20242025,PHI,False,70,7,13,63,18,102,20,73,19.917,11.111,0.301,0.559,2.711,0.775,4.39,24.82,R,PHI
8482142,Jamie Drysdale,D,D,20252026,PHI,False,78,8,24,101,16,94,17,54,21.554,7.921,0.286,0.857,3.605,0.571,3.355,24.82,R,PHI
8476467,Jamieson Oleksiak,D,D,20232024,SEA,False,82,2,13,108,110,177,33,29,19.649,1.852,0.074,0.484,4.022,4.096,6.591,34.11,L,VAN
8476467,Jamieson Oleksiak,D,D,20242025,SEA,False,82,4,13,66,74,159,23,89,18.776,6.061,0.156,0.507,2.572,2.884,6.196,34.11,L,VAN
8476467,Jamieson Oleksiak,D,D,20252026,SEA,False,78,5,10,77,112,106,19,71,16.927,6.494,0.227,0.454,3.499,5.09,4.817,34.11,L,VAN
8480172,Jan Rutta,D,D,20232024,SJS,False,69,5,14,69,69,110,14,16,19.721,7.246,0.22,0.617,3.042,3.042,4.85,36.51,R,
8480172,Jan Rutta,D,D,20242025,SJS,False,54,3,6,55,40,81,11,55,17.256,5.455,0.193,0.386,3.541,2.576,5.216,36.51,R,
8475825,Jani Hakanpää,D,D,20232024,DAL,False,64,2,10,56,196,123,13,31,18.646,3.571,0.101,0.503,2.816,9.855,6.184,34.84,R,
8475825,Jani Hakanpää,D,D,20242025,TOR,False,2,0,0,2,1,4,0,6,14.083,0.0,0.0,0.0,4.26,2.13,8.521,34.84,R,
8483497,Jani Nyman,R,F,20242025,SEA,False,12,3,3,22,13,7,2,5,13.986,13.636,1.073,1.073,7.865,4.648,2.503,22.51,L,SEA
8483497,Jani Nyman,R,F,20252026,SEA,False,28,4,3,33,23,6,1,13,10.568,12.121,0.811,0.608,6.691,4.664,1.217,22.51,L,SEA
8478424,Jansen Harkins,C,F,20232024,PIT,False,45,0,4,37,74,13,9,9,8.208,0.0,0.0,0.65,6.01,12.021,2.112,29.7,L,TBL
8478424,Jansen Harkins,C,F,20242025,ANA,False,62,2,4,49,136,41,15,38,10.927,4.082,0.177,0.354,4.34,12.045,3.631,29.7,L,TBL
8478424,Jansen Harkins,C,F,20252026,ANA,False,44,3,5,37,113,24,6,27,9.591,8.108,0.427,0.711,5.261,16.066,3.412,29.7,L,TBL
8477955,Jared McCann,L,F,20232024,SEA,False,80,29,33,216,45,27,42,29,16.761,13.426,1.298,1.477,9.665,2.014,1.208,30.67,L,SEA
8477955,Jared McCann,L,F,20242025,SEA,False,82,22,39,202,47,50,29,66,17.211,10.891,0.935,1.658,8.588,1.998,2.126,30.67,L,SEA
8477955,Jared McCann,L,F,20252026,SEA,False,52,20,20,117,40,25,14,59,16.434,17.094,1.404,1.404,8.215,2.808,1.755,30.67,L,SEA
8474716,Jared Spurgeon,D,D,20232024,MIN,False,16,0,5,21,14,29,3,1,23.327,0.0,0.0,0.804,3.376,2.251,4.662,37.18,R,MIN
8474716,Jared Spurgeon,D,D,20242025,MIN,False,66,7,25,107,53,119,22,52,20.451,6.542,0.311,1.111,4.756,2.356,5.29,37.18,R,MIN
8474716,Jared Spurgeon,D,D,20252026,MIN,False,79,6,16,90,82,137,15,56,19.592,6.667,0.233,0.62,3.489,3.179,5.311,37.18,R,MIN
8483756,Jared Wright,R,F,20252026,LAK,False,23,0,4,32,27,18,4,7,11.431,0.0,0.0,0.913,7.303,6.162,4.108,24.19,R,LAK
8479994,Jaret Anderson-Dolan,C,F,20232024,LAK/NSH,True,31,1,3,31,56,22,2,8,11.05,3.226,0.175,0.525,5.43,9.809,3.853,27.39,L,
8479994,Jaret Anderson-Dolan,C,F,20242025,WPG,False,7,0,1,8,23,6,1,2,9.936,0.0,0.0,0.863,6.901,19.841,5.176,27.39,L,
8482877,Jaroslav Chmelar,R,F,20252026,NYR,False,28,4,2,23,53,16,6,4,9.151,17.391,0.937,0.468,5.386,12.411,3.747,23.54,R,NYR
8475797,Jarred Tinordi,D,D,20232024,CHI,False,52,0,9,32,171,94,4,23,15.646,0.0,0.0,0.664,2.36,12.611,6.932,34.95,L,
8477450,Jason Dickinson,C,F,20232024,CHI,False,82,22,13,126,143,73,54,35,16.571,17.46,0.971,0.574,5.564,6.314,3.223,31.58,L,EDM
8477450,Jason Dickinson,C,F,20242025,CHI,False,59,7,9,56,102,53,13,26,15.699,12.5,0.453,0.583,3.628,6.607,3.433,31.58,L,EDM
8477450,Jason Dickinson,C,F,20252026,CHI/EDM,True,64,7,10,73,85,50,13,41,15.527,9.589,0.423,0.604,4.408,5.132,3.019,31.58,L,EDM
8480027,Jason Robertson,L,F,20232024,DAL,False,82,29,51,231,77,31,60,45,18.325,12.554,1.158,2.036,9.224,3.075,1.238,27.53,L,DAL
8480027,Jason Robertson,L,F,20242025,DAL,False,82,35,45,211,60,45,24,92,17.793,16.588,1.439,1.851,8.677,2.467,1.851,27.53,L,DAL
8480027,Jason Robertson,L,F,20252026,DAL,False,82,45,51,294,48,34,24,107,20.253,15.306,1.626,1.843,10.622,1.734,1.228,27.53,L,DAL
8475722,Jason Zucker,L,F,20232024,ARI/NSH,True,69,14,18,150,98,18,26,37,13.824,9.333,0.881,1.132,9.435,6.164,1.132,35.05,L,BUF
8475722,Jason Zucker,L,F,20242025,BUF,False,73,21,32,143,68,22,20,73,15.994,14.685,1.079,1.644,7.349,3.494,1.131,35.05,L,BUF
8475722,Jason Zucker,L,F,20252026,BUF,False,62,24,21,128,57,21,8,65,15.622,18.75,1.487,1.301,7.929,3.531,1.301,35.05,L,BUF
8477034,Jaycob Megna,D,D,20232024,CHI,False,44,0,2,28,60,87,12,27,17.523,0.0,0.0,0.156,2.179,4.669,6.77,34.14,L,VGK
8477034,Jaycob Megna,D,D,20242025,FLA,False,8,0,0,5,3,9,1,6,16.1,0.0,0.0,0.0,2.329,1.398,4.193,34.14,L,VGK
8477034,Jaycob Megna,D,D,20252026,VGK,False,4,0,0,1,6,1,0,2,10.621,0.0,0.0,0.0,1.412,8.474,1.412,34.14,L,VGK
8481593,Jayden Struble,D,D,20232024,MTL,False,56,3,7,47,121,53,22,34,16.112,6.383,0.199,0.465,3.125,8.046,3.524,25.4,L,MTL
8481593,Jayden Struble,D,D,20242025,MTL,False,56,2,11,47,124,54,23,51,14.954,4.255,0.143,0.788,3.367,8.884,3.869,25.4,L,MTL
8481593,Jayden Struble,D,D,20252026,MTL,False,59,2,10,26,115,32,13,52,14.018,7.692,0.145,0.725,1.886,8.343,2.321,25.4,L,MTL
8476419,Jean-Gabriel Pageau,C,F,20232024,NYI,False,82,11,22,101,196,81,27,31,15.908,10.891,0.506,1.012,4.646,9.015,3.726,34.22,R,NYI
8476419,Jean-Gabriel Pageau,C,F,20242025,NYI,False,79,14,28,120,140,57,25,47,16.997,11.667,0.626,1.251,5.362,6.256,2.547,34.22,R,NYI
8476419,Jean-Gabriel Pageau,C,F,20252026,NYI,False,74,17,18,81,115,51,16,50,15.666,20.988,0.88,0.932,4.192,5.952,2.64,34.22,R,NYI
8470604,Jeff Carter,C,F,20232024,PIT,False,72,11,4,90,83,33,23,20,12.571,12.222,0.729,0.265,5.966,5.502,2.188,42.08,R,
8482408,Jeff Malott,L,F,20242025,LAK,False,12,0,1,13,19,7,2,4,10.275,0.0,0.0,0.487,6.326,9.246,3.406,30.49,L,ANA
8482408,Jeff Malott,L,F,20252026,LAK,False,58,3,6,54,166,27,8,18,8.819,5.556,0.352,0.704,6.334,19.472,3.167,30.49,L,ANA
8473507,Jeff Petry,D,D,20232024,DET,False,73,3,21,84,150,134,10,40,18.795,3.571,0.131,0.918,3.673,6.56,5.86,39.15,R,
8473507,Jeff Petry,D,D,20242025,DET,False,44,1,7,33,51,77,16,51,18.897,3.03,0.072,0.505,2.381,3.68,5.556,39.15,R,
8473507,Jeff Petry,D,D,20252026,FLA/MIN,True,67,0,9,54,66,65,9,52,14.762,0.0,0.0,0.546,3.276,4.004,3.943,39.15,R,
8475784,Jeff Skinner,L,F,20232024,BUF,False,74,24,22,211,26,13,37,33,15.996,11.374,1.217,1.115,10.695,1.318,0.659,34.71,L,
8475784,Jeff Skinner,L,F,20242025,EDM,False,72,16,13,144,45,23,19,41,13.0,11.111,1.026,0.833,9.231,2.885,1.474,34.71,L,
8475784,Jeff Skinner,L,F,20252026,SJS,False,32,6,7,56,17,11,10,27,12.342,10.714,0.912,1.063,8.508,2.583,1.671,34.71,L,
8479705,Jeffrey Truchon-Viel,L,F,20242025,BOS,False,5,0,0,3,12,2,2,4,7.69,0.0,0.0,0.0,4.681,18.726,3.121,30.01,L,TBL
8479705,Jeffrey Truchon-Viel,L,F,20252026,BOS/ANA,True,45,3,7,62,121,21,8,30,11.93,4.839,0.335,0.782,6.929,13.523,2.347,30.01,L,TBL
8478468,Jeremy Lauzon,D,D,20232024,NSH,False,79,6,8,103,383,111,16,28,18.614,5.825,0.245,0.326,4.203,15.627,4.529,29.76,L,VGK
8478468,Jeremy Lauzon,D,D,20242025,NSH,False,28,0,1,25,127,34,4,19,17.971,0.0,0.0,0.119,2.981,15.143,4.054,29.76,L,VGK
8478468,Jeremy Lauzon,D,D,20252026,VGK,False,68,1,12,73,251,97,11,45,17.181,1.37,0.051,0.616,3.749,12.89,4.982,29.76,L,VGK
8480003,Jesper Boqvist,C,F,20232024,BOS,False,47,6,8,51,71,15,14,11,11.15,11.765,0.687,0.916,5.839,8.129,1.717,28.26,L,NJD
8480003,Jesper Boqvist,C,F,20242025,FLA,False,78,12,11,87,191,27,18,33,13.246,13.793,0.697,0.639,5.052,11.092,1.568,28.26,L,NJD
8480003,Jesper Boqvist,C,F,20252026,FLA,False,73,4,9,64,141,33,9,55,11.829,6.25,0.278,0.625,4.447,9.797,2.293,28.26,L,NJD
8479407,Jesper Bratt,L,F,20232024,NJD,False,82,27,56,248,66,33,39,45,19.307,10.887,1.023,2.122,9.399,2.501,1.251,28.51,L,NJD
8479407,Jesper Bratt,L,F,20242025,NJD,False,81,21,67,180,96,42,11,62,18.948,11.667,0.821,2.619,7.037,3.753,1.642,28.51,L,NJD
8479407,Jesper Bratt,L,F,20252026,NJD,False,82,22,49,178,74,24,24,92,18.763,12.36,0.858,1.911,6.942,2.886,0.936,28.51,L,NJD
8475855,Jesper Fast,R,F,20232024,CAR,False,73,6,13,79,79,23,25,16,12.605,7.595,0.391,0.848,5.151,5.151,1.5,35.17,R,
8480829,Jesperi Kotkaniemi,C,F,20232024,CAR,False,79,12,15,128,56,33,26,34,12.979,9.375,0.702,0.878,7.49,3.277,1.931,26.57,L,CAR
8480829,Jesperi Kotkaniemi,C,F,20242025,CAR,False,78,12,21,115,66,28,18,64,14.059,10.435,0.657,1.149,6.292,3.611,1.532,26.57,L,CAR
8480829,Jesperi Kotkaniemi,C,F,20252026,CAR,False,42,2,7,42,63,18,3,32,11.351,4.762,0.252,0.881,5.286,7.929,2.265,26.57,L,CAR
8479344,Jesse Puljujarvi,R,F,20232024,PIT,False,22,3,1,29,40,6,6,6,9.189,10.345,0.89,0.297,8.607,11.872,1.781,28.74,R,
8479344,Jesse Puljujarvi,R,F,20242025,PIT/FLA,True,31,4,6,50,80,9,3,15,11.783,8.0,0.657,0.986,8.213,13.141,1.478,28.74,R,
8481058,Jesse Ylonen,R,F,20232024,MTL,False,59,4,4,50,41,32,6,7,10.237,8.0,0.397,0.397,4.967,4.073,3.179,27.33,R,
8483516,Jimmy Snuggerud,R,F,20242025,STL,False,7,1,3,10,3,4,4,7,15.467,10.0,0.554,1.663,5.542,1.663,2.217,22.67,R,STL
8483516,Jimmy Snuggerud,R,F,20252026,STL,False,70,21,30,169,71,39,24,61,16.696,12.426,1.078,1.54,8.676,3.645,2.002,22.67,R,STL
8476918,Jimmy Vesey,L,F,20232024,NYR,False,80,13,13,116,90,28,36,18,12.377,11.207,0.788,0.788,7.029,5.454,1.697,33.69,L,
8476918,Jimmy Vesey,L,F,20242025,NYR/COL,True,43,5,3,36,32,12,7,23,10.648,13.889,0.655,0.393,4.718,4.193,1.573,33.69,L,
8483468,Jiri Kulich,C,F,20232024,BUF,False,1,0,0,1,1,0,0,0,14.883,0.0,0.0,0.0,4.031,4.031,0.0,22.8,L,BUF
8483468,Jiri Kulich,C,F,20242025,BUF,False,62,15,9,134,40,36,15,33,14.793,11.194,0.981,0.589,8.766,2.617,2.355,22.8,L,BUF
8483468,Jiri Kulich,C,F,20252026,BUF,False,12,3,2,20,9,12,1,10,16.364,15.0,0.917,0.611,6.111,2.75,3.667,22.8,L,BUF
8484314,Jiri Smejkal,L,F,20232024,OTT,False,20,1,1,10,32,13,6,7,9.478,10.0,0.317,0.317,3.165,10.129,4.115,30.24,L,
8470794,Joe Pavelski,C,F,20232024,DAL,False,82,27,40,194,75,70,25,56,16.809,13.918,1.175,1.741,8.445,3.265,3.047,42.56,R,
8476469,Joel Armia,R,F,20232024,MTL,False,66,17,8,139,49,41,30,34,15.552,12.23,0.994,0.468,8.125,2.864,2.397,33.67,R,LAK
8476469,Joel Armia,R,F,20242025,MTL,False,81,11,18,104,87,35,19,48,14.302,10.577,0.57,0.932,5.386,4.506,1.813,33.67,R,LAK
8476469,Joel Armia,R,F,20252026,LAK,False,67,13,12,92,74,40,30,51,14.062,14.13,0.828,0.764,5.859,4.713,2.547,33.67,R,LAK
8476441,Joel Edmundson,D,D,20232024,WSH/TOR,True,53,1,5,46,80,65,9,36,16.666,2.174,0.068,0.34,3.125,5.434,4.415,33.6,L,LAK
8476441,Joel Edmundson,D,D,20242025,LAK,False,73,6,14,91,100,108,23,62,20.59,6.593,0.24,0.559,3.633,3.992,4.311,33.6,L,LAK
8476441,Joel Edmundson,D,D,20252026,LAK,False,82,2,21,104,97,111,10,83,18.478,1.923,0.079,0.832,4.118,3.841,4.395,33.6,L,LAK
8478493,Joel Eriksson Ek,C,F,20232024,MIN,False,77,30,34,267,168,55,37,17,20.527,11.236,1.139,1.291,10.136,6.377,2.088,30.01,L,MIN
8478493,Joel Eriksson Ek,C,F,20242025,MIN,False,46,14,15,140,82,36,14,34,19.766,10.0,0.924,0.99,9.239,5.411,2.376,30.01,L,MIN
8478493,Joel Eriksson Ek,C,F,20252026,MIN,False,70,19,32,194,106,34,19,41,19.079,9.794,0.854,1.438,8.716,4.762,1.527,30.01,L,MIN
8480797,Joel Farabee,L,F,20232024,PHI,False,82,22,28,182,67,50,28,28,16.186,12.088,0.995,1.266,8.228,3.029,2.26,26.94,L,CGY
8480797,Joel Farabee,L,F,20242025,PHI/CGY,True,81,11,14,151,94,50,19,64,14.913,7.285,0.546,0.695,7.5,4.669,2.484,26.94,L,CGY
8480797,Joel Farabee,L,F,20252026,CGY,False,82,20,18,142,49,52,23,70,16.917,14.085,0.865,0.779,6.142,2.119,2.249,26.94,L,CGY
8477810,Joel Hanley,D,D,20232024,DAL/CGY,True,42,1,4,19,48,47,2,11,13.895,5.263,0.103,0.411,1.953,4.935,4.832,35.65,L,CGY
8477810,Joel Hanley,D,D,20242025,CGY,False,53,2,7,42,55,90,7,67,18.581,4.762,0.122,0.426,2.559,3.351,5.483,35.65,L,CGY
8477810,Joel Hanley,D,D,20252026,CGY,False,68,0,7,43,42,90,10,53,14.67,0.0,0.0,0.421,2.586,2.526,5.413,35.65,L,CGY
8481641,Joel Kiviranta,L,F,20232024,COL,False,56,3,6,48,78,31,19,7,9.839,6.25,0.327,0.653,5.227,8.494,3.376,30.86,L,DAL
8481641,Joel Kiviranta,L,F,20242025,COL,False,79,16,7,84,114,38,17,36,12.522,19.048,0.97,0.425,5.095,6.914,2.305,30.86,L,DAL
8481641,Joel Kiviranta,L,F,20252026,COL,False,51,3,6,50,63,15,8,17,10.374,6.0,0.34,0.68,5.67,7.145,1.701,30.86,L,DAL
8482911,Joel Nystrom,D,D,20252026,CAR,False,38,1,9,43,10,22,5,32,15.186,2.326,0.104,0.936,4.471,1.04,2.287,24.72,R,CAR
8479315,Joey Anderson,R,F,20232024,CHI,False,55,5,12,57,48,18,30,20,13.548,8.772,0.403,0.966,4.59,3.865,1.449,28.62,R,
8479315,Joey Anderson,R,F,20242025,CHI,False,18,0,1,17,12,13,8,4,12.394,0.0,0.0,0.269,4.572,3.227,3.496,28.62,R,
8481556,John Beecher,C,F,20232024,BOS,False,52,7,3,38,112,34,13,8,10.624,18.421,0.76,0.326,4.127,12.164,3.693,25.83,L,FLA
8481556,John Beecher,C,F,20242025,BOS,False,78,3,8,44,85,71,14,49,11.284,6.818,0.205,0.545,2.999,5.794,4.84,25.83,L,FLA
8481556,John Beecher,C,F,20252026,BOS/CGY,True,35,3,4,37,23,31,6,14,10.434,8.108,0.493,0.657,6.079,3.779,5.093,25.83,L,FLA
8474590,John Carlson,D,D,20232024,WSH,False,82,10,42,176,69,194,58,82,25.892,5.682,0.283,1.187,4.974,1.95,5.482,37.06,R,TBL
8474590,John Carlson,D,D,20242025,WSH,False,79,5,46,167,49,131,36,112,23.564,2.994,0.161,1.483,5.383,1.579,4.222,37.06,R,TBL
8474590,John Carlson,D,D,20252026,WSH/ANA,True,71,14,46,153,26,106,45,118,23.16,9.15,0.511,1.678,5.583,0.949,3.868,37.06,R,TBL
8477401,John Hayden,C,F,20232024,SEA,False,2,0,0,1,3,1,0,0,6.725,0.0,0.0,0.0,4.461,13.383,4.461,31.97,R,SEA
8477401,John Hayden,C,F,20242025,SEA,False,20,1,1,20,44,19,3,5,8.508,5.0,0.353,0.353,7.052,15.515,6.7,31.97,R,SEA
8477401,John Hayden,C,F,20252026,SEA,False,3,0,0,2,7,2,1,2,10.078,0.0,0.0,0.0,3.969,13.892,3.969,31.97,R,SEA
8475906,John Klingberg,D,D,20232024,TOR,False,14,0,5,14,13,15,7,12,20.551,0.0,0.0,1.043,2.92,2.711,3.128,34.47,R,
8475906,John Klingberg,D,D,20242025,EDM,False,11,1,3,19,5,13,1,14,17.244,5.263,0.316,0.949,6.01,1.582,4.112,34.47,R,
8475906,John Klingberg,D,D,20252026,SJS,False,56,10,17,79,46,62,13,76,20.467,12.658,0.523,0.89,4.136,2.408,3.246,34.47,R,
8481206,John Ludvig,D,D,20232024,PIT,False,33,3,2,24,72,33,3,9,11.806,12.5,0.462,0.308,3.696,11.088,5.082,26.5,L,
8481206,John Ludvig,D,D,20242025,COL,False,8,0,2,9,16,6,1,5,12.95,0.0,0.0,1.158,5.212,9.266,3.475,26.5,L,
8478507,John Marino,D,D,20232024,NJD,False,75,4,21,57,39,89,41,33,20.958,7.018,0.153,0.802,2.176,1.489,3.397,29.7,R,UTA
8478507,John Marino,D,D,20242025,UTA,False,35,1,13,30,9,46,10,32,21.167,3.333,0.081,1.053,2.43,0.729,3.725,29.7,R,UTA
8478507,John Marino,D,D,20252026,UTA,False,80,4,32,55,28,68,23,89,20.202,7.273,0.149,1.188,2.042,1.04,2.525,29.7,R,UTA
8475166,John Tavares,C,F,20232024,TOR,False,80,29,36,279,134,37,37,51,17.865,10.394,1.217,1.511,11.713,5.626,1.553,36.37,L,TOR
8475166,John Tavares,C,F,20242025,TOR,False,75,38,36,200,92,45,24,69,18.226,19.0,1.668,1.58,8.779,4.038,1.975,36.37,L,TOR
8475166,John Tavares,C,F,20252026,TOR,False,82,31,40,192,74,24,26,75,18.177,16.146,1.248,1.61,7.729,2.979,0.966,36.37,L,TOR
8482175,John-Jason Peterka,R,F,20232024,BUF,False,82,28,22,226,27,18,39,27,16.392,12.389,1.25,0.982,10.088,1.205,0.803,25.05,L,BOS
8482175,John-Jason Peterka,R,F,20242025,BUF,False,77,27,41,173,30,16,22,87,18.184,15.607,1.157,1.757,7.413,1.286,0.686,25.05,L,BOS
8482175,John-Jason Peterka,R,F,20252026,UTA,False,82,25,22,159,16,19,19,87,15.984,15.723,1.144,1.007,7.279,0.732,0.87,25.05,L,BOS
8480192,Johnathan Kovacevic,D,D,20232024,MTL,False,62,6,7,46,74,83,9,50,16.518,13.043,0.352,0.41,2.695,4.335,4.863,29.56,R,NJD
8480192,Johnathan Kovacevic,D,D,20242025,NJD,False,81,1,16,76,102,99,28,100,19.814,1.316,0.037,0.598,2.841,3.813,3.701,29.56,R,NJD
8480192,Johnathan Kovacevic,D,D,20252026,NJD,False,34,0,8,30,57,39,9,28,17.867,0.0,0.0,0.79,2.963,5.63,3.852,29.56,R,NJD
8476346,Johnny Gaudreau,L,F,20232024,CBJ,False,81,12,48,160,2,23,34,40,18.813,7.5,0.472,1.89,6.3,0.079,0.906,33.47,L,
8475750,Jon Merrill,D,D,20232024,MIN,False,65,4,7,42,37,57,8,12,12.781,9.524,0.289,0.506,3.033,2.672,4.117,35.0,L,
8475750,Jon Merrill,D,D,20242025,MIN,False,70,2,4,47,41,85,14,64,14.095,4.255,0.122,0.243,2.858,2.493,5.169,35.0,L,
8479981,Jonah Gadjovich,L,F,20232024,FLA,False,39,2,2,29,82,14,1,9,7.431,6.897,0.414,0.414,6.004,16.977,2.898,28.31,L,FLA
8479981,Jonah Gadjovich,L,F,20242025,FLA,False,42,4,0,43,127,21,2,4,8.45,9.302,0.676,0.0,7.27,21.471,3.55,28.31,L,FLA
8479981,Jonah Gadjovich,L,F,20252026,FLA,False,10,0,3,8,30,3,3,3,7.943,0.0,0.0,2.266,6.043,22.661,2.266,28.31,L,FLA
8476463,Jonas Brodin,D,D,20232024,MIN,False,62,7,20,117,21,142,26,21,23.372,5.983,0.29,0.828,4.845,0.87,5.88,33.56,L,MIN
8476463,Jonas Brodin,D,D,20242025,MIN,False,50,4,16,71,27,104,21,53,22.949,5.634,0.209,0.837,3.713,1.412,5.438,33.56,L,MIN
8476463,Jonas Brodin,D,D,20252026,MIN,False,62,4,14,76,10,126,13,44,20.29,5.263,0.191,0.668,3.625,0.477,6.01,33.56,L,MIN
8480007,Jonas Rondbjerg,R,F,20232024,VGK,False,20,1,2,25,7,10,10,2,11.277,4.0,0.266,0.532,6.651,1.862,2.66,27.84,L,VGK
8480007,Jonas Rondbjerg,R,F,20242025,VGK,False,13,0,0,11,3,4,3,1,9.626,0.0,0.0,0.0,5.274,1.438,1.918,27.84,L,VGK
8480007,Jonas Rondbjerg,R,F,20252026,VGK,False,4,0,1,6,0,0,1,0,12.079,0.0,0.0,1.242,7.451,0.0,0.0,27.84,L,VGK
8478399,Jonas Siegenthaler,D,D,20232024,NJD,False,57,1,8,63,87,97,9,30,19.339,1.587,0.054,0.435,3.429,4.735,5.28,29.74,L,NJD
8478399,Jonas Siegenthaler,D,D,20242025,NJD,False,55,2,7,52,75,92,14,59,19.602,3.846,0.111,0.39,2.894,4.174,5.12,29.74,L,NJD
8478399,Jonas Siegenthaler,D,D,20252026,NJD,False,82,0,16,60,92,135,21,90,19.478,0.0,0.0,0.601,2.254,3.456,5.071,29.74,L,NJD
8481013,Jonatan Berggren,R,F,20232024,DET,False,12,2,4,14,2,7,3,0,10.861,14.286,0.921,1.841,6.445,0.921,3.223,26.55,L,STL
8481013,Jonatan Berggren,R,F,20242025,DET,False,75,12,12,88,41,16,11,31,12.977,13.636,0.74,0.74,5.425,2.528,0.986,26.55,L,STL
8481013,Jonatan Berggren,R,F,20252026,DET/STL,True,51,8,14,58,41,14,8,41,13.822,13.793,0.681,1.192,4.937,3.49,1.192,26.55,L,STL
8481219,Jonathan Aspirot,D,D,20252026,BOS,False,61,3,10,47,86,83,10,56,16.74,6.383,0.176,0.588,2.762,5.053,4.877,27.72,L,BOS
8477494,Jonathan Drouin,L,F,20232024,COL,False,79,19,37,127,41,33,38,30,18.185,14.961,0.794,1.545,5.304,1.712,1.378,31.85,L,
8477494,Jonathan Drouin,L,F,20242025,COL,False,43,11,26,56,14,12,15,35,18.183,19.643,0.844,1.995,4.297,1.074,0.921,31.85,L,
8477494,Jonathan Drouin,L,F,20252026,NYI/STL,True,64,4,20,86,18,32,14,42,16.867,4.651,0.222,1.112,4.78,1.0,1.779,31.85,L,
8476456,Jonathan Huberdeau,L,F,20232024,CGY,False,81,12,40,143,60,37,52,66,17.422,8.392,0.51,1.701,6.08,2.551,1.573,33.66,L,CGY
8476456,Jonathan Huberdeau,L,F,20242025,CGY,False,81,28,34,153,50,64,23,88,19.542,18.301,1.061,1.289,5.799,1.895,2.426,33.66,L,CGY
8476456,Jonathan Huberdeau,L,F,20252026,CGY,False,50,10,15,83,30,30,9,58,18.131,12.048,0.662,0.993,5.493,1.986,1.986,33.66,L,CGY
8483476,Jonathan Lekkerimaki,R,F,20242025,VAN,False,24,3,3,30,16,6,4,8,12.506,10.0,0.6,0.6,5.997,3.198,1.199,22.52,R,VAN
8483476,Jonathan Lekkerimaki,R,F,20252026,VAN,False,13,2,1,10,10,5,1,7,11.678,20.0,0.79,0.395,3.952,3.952,1.976,22.52,R,VAN
8476539,Jonathan Marchessault,R,F,20232024,VGK,False,82,42,27,266,107,23,47,37,17.895,15.789,1.717,1.104,10.876,4.375,0.94,36.1,R,NSH
8476539,Jonathan Marchessault,R,F,20242025,NSH,False,78,21,35,206,77,25,10,89,17.977,10.194,0.899,1.498,8.815,3.295,1.07,36.1,R,NSH
8476539,Jonathan Marchessault,R,F,20252026,NSH,False,62,12,19,132,75,9,15,64,16.707,9.091,0.695,1.101,7.646,4.344,0.521,36.1,R,NSH
8473604,Jonathan Toews,C,F,20252026,WPG,False,82,11,18,105,17,34,19,66,14.489,10.476,0.556,0.909,5.303,0.859,1.717,38.76,L,
8477380,Jonny Brodzinski,C,F,20232024,NYR,False,57,6,13,89,34,24,19,17,11.127,6.742,0.568,1.23,8.42,3.216,2.27,33.62,R,WSH
8477380,Jonny Brodzinski,C,F,20242025,NYR,False,51,12,7,73,27,19,11,26,11.675,16.438,1.209,0.705,7.356,2.721,1.915,33.62,R,WSH
8477380,Jonny Brodzinski,C,F,20252026,NYR,False,55,6,10,63,47,19,14,20,11.172,9.524,0.586,0.976,6.152,4.589,1.855,33.62,R,WSH
8479533,Joona Koppanen,L,F,20232024,PIT,False,4,0,0,4,3,2,0,0,7.808,0.0,0.0,0.0,7.684,5.763,3.842,28.93,L,
8479533,Joona Koppanen,L,F,20242025,PIT,False,11,1,0,10,40,3,0,11,13.383,10.0,0.408,0.0,4.076,16.303,1.223,28.93,L,
8479533,Joona Koppanen,L,F,20252026,PIT,False,13,0,1,7,11,4,4,5,12.138,0.0,0.0,0.38,2.662,4.183,1.521,28.93,L,
8474586,Jordan Eberle,R,F,20232024,SEA,False,78,17,27,168,30,23,59,20,17.445,10.119,0.75,1.191,7.408,1.323,1.014,36.72,R,SEA
8474586,Jordan Eberle,R,F,20242025,SEA,False,42,9,17,66,13,25,21,28,16.263,13.636,0.791,1.493,5.798,1.142,2.196,36.72,R,SEA
8474586,Jordan Eberle,R,F,20252026,SEA,False,80,26,29,168,55,43,24,56,18.476,15.476,1.055,1.177,6.82,2.233,1.746,36.72,R,SEA
8478413,Jordan Greenway,L,F,20232024,BUF,False,67,10,18,107,141,65,30,21,17.25,9.346,0.519,0.934,5.555,7.32,3.374,29.96,L,CHI
8478413,Jordan Greenway,L,F,20242025,BUF,False,34,3,5,36,100,29,7,23,15.074,8.333,0.351,0.585,4.215,11.707,3.395,29.96,L,CHI
8478413,Jordan Greenway,L,F,20252026,BUF,False,40,1,5,32,57,22,6,19,12.445,3.125,0.121,0.603,3.857,6.87,2.652,29.96,L,CHI
8480887,Jordan Harris,D,D,20232024,MTL,False,56,3,11,43,26,86,13,22,17.472,6.977,0.184,0.675,2.637,1.594,5.274,26.57,L,BOS
8480887,Jordan Harris,D,D,20242025,CBJ,False,33,1,4,15,23,35,4,16,11.387,6.667,0.16,0.639,2.395,3.672,5.589,26.57,L,BOS
8480887,Jordan Harris,D,D,20252026,BOS,False,8,1,2,12,5,5,1,6,15.898,8.333,0.472,0.944,5.661,2.359,2.359,26.57,L,BOS
8479385,Jordan Kyrou,R,F,20232024,STL,False,82,31,36,251,26,32,51,53,18.332,12.351,1.237,1.437,10.018,1.038,1.277,28.75,R,WSH
8479385,Jordan Kyrou,R,F,20242025,STL,False,82,36,34,239,50,36,21,79,17.483,15.063,1.507,1.423,10.003,2.093,1.507,28.75,R,WSH
8479385,Jordan Kyrou,R,F,20252026,STL,False,72,18,28,173,14,28,22,53,15.731,10.405,0.954,1.483,9.164,0.742,1.483,28.75,R,WSH
8476921,Jordan Martinook,L,F,20232024,CAR,False,82,14,18,148,61,36,32,18,14.647,9.459,0.699,0.899,7.394,3.047,1.798,34.52,L,CAR
8476921,Jordan Martinook,L,F,20242025,CAR,False,79,15,21,112,84,52,18,53,15.297,13.393,0.745,1.043,5.561,4.171,2.582,34.52,L,CAR
8476921,Jordan Martinook,L,F,20252026,CAR,False,77,12,17,109,112,50,14,45,14.836,11.009,0.63,0.893,5.725,5.882,2.626,34.52,L,CAR
8477851,Jordan Oesterle,D,D,20232024,CGY,False,22,0,2,18,22,33,4,6,13.517,0.0,0.0,0.404,3.632,4.439,6.658,34.6,L,
8477851,Jordan Oesterle,D,D,20242025,BOS/NSH,True,37,4,6,38,27,57,15,51,17.152,10.526,0.378,0.567,3.593,2.553,5.389,34.6,L,
8477851,Jordan Oesterle,D,D,20252026,NSH,False,1,0,0,0,1,2,0,0,14.083,0.0,0.0,0.0,0.0,4.26,8.521,34.6,L,
8481606,Jordan Spence,D,D,20232024,LAK,False,71,2,22,80,67,55,6,18,14.426,2.5,0.117,1.289,4.686,3.925,3.222,25.94,R,OTT
8481606,Jordan Spence,D,D,20242025,LAK,False,79,4,24,86,80,77,15,72,16.789,4.651,0.181,1.086,3.89,3.619,3.483,25.94,R,OTT
8481606,Jordan Spence,D,D,20252026,OTT,False,73,7,24,108,55,59,16,68,18.726,6.481,0.307,1.053,4.74,2.414,2.59,25.94,R,OTT
8473533,Jordan Staal,C,F,20232024,CAR,False,80,10,20,123,142,41,25,28,15.379,8.13,0.488,0.975,5.998,6.925,1.999,38.39,L,CAR
8473533,Jordan Staal,C,F,20242025,CAR,False,75,13,23,107,138,43,9,41,15.437,12.15,0.674,1.192,5.545,7.152,2.228,38.39,L,CAR
8473533,Jordan Staal,C,F,20252026,CAR,False,75,20,16,107,166,48,16,46,16.188,18.692,0.988,0.791,5.288,8.204,2.372,38.39,L,CAR
8480813,Joseph Veleno,C,F,20232024,DET,False,80,12,16,86,108,35,23,13,13.956,13.953,0.645,0.86,4.622,5.804,1.881,27.05,L,NYR
8480813,Joseph Veleno,C,F,20242025,DET/CHI,True,74,8,9,75,139,44,13,44,12.118,10.667,0.535,0.602,5.018,9.3,2.944,27.05,L,NYR
8480813,Joseph Veleno,C,F,20252026,MTL,False,61,2,3,52,166,32,8,19,12.091,3.846,0.163,0.244,4.23,13.504,2.603,27.05,L,NYR
8476981,Josh Anderson,R,F,20232024,MTL,False,78,9,11,141,169,40,21,20,15.463,6.383,0.448,0.547,7.014,8.407,1.99,32.74,R,MTL
8476981,Josh Anderson,R,F,20242025,MTL,False,81,15,12,109,176,39,17,36,14.32,13.761,0.776,0.621,5.638,9.104,2.017,32.74,R,MTL
8476981,Josh Anderson,R,F,20252026,MTL,False,72,14,9,89,129,43,8,42,14.022,15.73,0.832,0.535,5.289,7.667,2.556,32.74,R,MTL
8482659,Josh Doan,R,F,20232024,ARI,False,11,5,4,23,7,7,9,1,12.309,21.739,2.216,1.773,10.192,3.102,3.102,25.0,R,BUF
8482659,Josh Doan,R,F,20242025,UTA,False,51,7,12,88,45,14,10,25,13.519,7.955,0.609,1.044,7.658,3.916,1.218,25.0,R,BUF
8482659,Josh Doan,R,F,20252026,BUF,False,82,25,27,170,78,31,46,64,15.866,14.706,1.153,1.245,7.84,3.597,1.43,25.0,R,BUF
8479372,Josh Mahura,D,D,20232024,FLA,False,30,0,9,25,40,27,3,6,12.592,0.0,0.0,1.429,3.971,6.353,4.288,28.75,L,SEA
8479372,Josh Mahura,D,D,20242025,SEA,False,64,0,9,58,89,54,10,41,13.755,0.0,0.0,0.613,3.953,6.066,3.68,28.75,L,SEA
8479372,Josh Mahura,D,D,20252026,SEA,False,23,1,2,15,26,36,2,13,15.662,6.667,0.167,0.333,2.498,4.331,5.996,28.75,L,SEA
8476312,Josh Manson,D,D,20232024,COL,False,76,8,17,123,211,109,46,43,17.783,6.504,0.355,0.755,5.461,9.367,4.839,35.32,R,COL
8476312,Josh Manson,D,D,20242025,COL,False,48,1,14,65,105,59,20,74,18.041,1.538,0.069,0.97,4.504,7.275,4.088,35.32,R,COL
8476312,Josh Manson,D,D,20252026,COL,False,79,5,26,128,174,99,26,83,17.784,3.906,0.214,1.11,5.466,7.431,4.228,35.32,R,COL
8477504,Josh Morrissey,D,D,20232024,WPG,False,81,10,59,196,90,103,45,42,24.182,5.102,0.306,1.807,6.004,2.757,3.155,31.85,L,WPG
8477504,Josh Morrissey,D,D,20242025,WPG,False,80,14,48,172,49,113,32,78,24.391,8.14,0.43,1.476,5.289,1.507,3.475,31.85,L,WPG
8477504,Josh Morrissey,D,D,20252026,WPG,False,77,14,41,146,36,118,17,98,24.72,9.589,0.441,1.292,4.602,1.135,3.72,31.85,L,WPG
8480064,Josh Norris,C,F,20232024,OTT,False,50,16,14,115,86,30,22,27,17.637,13.913,1.089,0.953,7.824,5.851,2.041,27.75,L,BUF
8480064,Josh Norris,C,F,20242025,OTT/BUF,True,56,21,14,96,135,47,13,33,18.346,21.875,1.226,0.818,5.607,7.884,2.745,27.75,L,BUF
8480064,Josh Norris,C,F,20252026,BUF,False,44,13,21,69,24,27,9,20,15.832,18.841,1.12,1.809,5.943,2.067,2.326,27.75,L,BUF
8484509,Josh Samanski,C,F,20252026,EDM,False,24,2,2,9,27,14,6,10,10.558,22.222,0.474,0.474,2.131,6.393,3.315,24.87,L,EDM
8477384,Joshua Brown,D,D,20232024,ARI,False,51,3,7,44,112,85,8,8,14.751,6.818,0.239,0.558,3.509,8.933,6.779,33.03,R,EDM
8477384,Joshua Brown,D,D,20242025,EDM,False,10,0,1,9,21,18,0,3,12.61,0.0,0.0,0.476,4.282,9.992,8.565,33.03,R,EDM
8482623,Joshua Dunne,C,F,20242025,BUF,False,2,0,0,1,5,2,0,0,7.092,0.0,0.0,0.0,4.23,21.151,8.46,28.15,L,WSH
8482623,Joshua Dunne,C,F,20252026,BUF,False,34,1,3,29,40,16,6,16,9.475,3.448,0.186,0.559,5.401,7.45,2.98,28.15,L,WSH
8482749,Joshua Roy,R,F,20232024,MTL,False,23,4,5,34,12,21,9,5,12.141,11.765,0.859,1.074,7.305,2.578,4.512,23.49,L,UTA
8482749,Joshua Roy,R,F,20242025,MTL,False,12,2,0,14,6,8,3,5,11.018,14.286,0.908,0.0,6.353,2.723,3.63,23.49,L,UTA
8482749,Joshua Roy,R,F,20252026,MTL,False,3,0,0,2,6,0,0,3,9.789,0.0,0.0,0.0,4.086,12.259,0.0,23.49,L,UTA
8477996,Juho Lammikko,C,F,20252026,NJD,False,24,0,2,15,40,14,2,4,9.875,0.0,0.0,0.506,3.797,10.127,3.544,31.01,L,
8479328,Julien Gauthier,R,F,20232024,NYI,False,27,5,4,32,63,17,3,5,10.17,15.625,1.093,0.874,6.992,13.766,3.715,29.3,R,
8479328,Julien Gauthier,R,F,20242025,NYI,False,1,0,0,0,2,0,0,0,7.7,0.0,0.0,0.0,0.0,15.584,0.0,29.3,R,
8483515,Juraj Slafkovský,L,F,20232024,MTL,False,82,20,30,152,152,71,34,42,17.936,13.158,0.816,1.224,6.201,6.201,2.896,22.84,L,MTL
8483515,Juraj Slafkovský,L,F,20242025,MTL,False,79,18,33,133,194,62,16,71,17.349,13.534,0.788,1.445,5.822,8.493,2.714,22.84,L,MTL
8483515,Juraj Slafkovský,L,F,20252026,MTL,False,82,30,43,180,105,78,16,82,18.537,16.667,1.184,1.697,7.105,4.145,3.079,22.84,L,MTL
8477473,Justin Bailey,R,F,20232024,SJS,False,59,5,9,70,76,29,20,10,11.281,7.143,0.451,0.811,6.31,6.851,2.614,31.59,R,
8482111,Justin Barron,D,D,20232024,MTL,False,48,7,6,60,61,59,6,33,18.627,11.667,0.47,0.403,4.026,4.094,3.959,25.21,R,NSH
8482111,Justin Barron,D,D,20242025,MTL/NSH,True,62,6,7,73,80,83,14,54,17.431,8.219,0.333,0.389,4.053,4.441,4.608,25.21,R,NSH
8482111,Justin Barron,D,D,20252026,NSH,False,52,0,9,31,37,60,4,52,14.25,0.0,0.0,0.729,2.51,2.996,4.858,25.21,R,NSH
8479638,Justin Brazeau,R,F,20232024,BOS,False,19,5,2,31,43,12,3,3,11.118,16.129,1.42,0.568,8.805,12.213,3.408,29.0,R,PIT
8479638,Justin Brazeau,R,F,20242025,BOS/MIN,True,76,11,11,89,123,38,14,43,11.865,12.36,0.732,0.732,5.922,8.184,2.528,29.0,R,PIT
8479638,Justin Brazeau,R,F,20252026,PIT,False,64,17,17,104,90,44,12,40,12.655,16.346,1.259,1.259,7.704,6.667,3.26,29.0,R,PIT
8479941,Justin Danforth,R,F,20232024,CBJ,False,71,10,16,86,109,46,27,12,14.274,11.628,0.592,0.947,5.091,6.453,2.723,33.88,R,BUF
8479941,Justin Danforth,R,F,20242025,CBJ,False,61,9,12,94,126,49,8,26,14.384,9.574,0.615,0.821,6.428,8.616,3.351,33.88,R,BUF
8479941,Justin Danforth,R,F,20252026,BUF,False,4,0,0,2,3,4,0,3,11.704,0.0,0.0,0.0,2.563,3.845,5.126,33.88,R,BUF
8475413,Justin Dowling,C,F,20232024,NJD,False,2,1,0,3,1,1,1,0,10.525,33.333,2.85,0.0,8.551,2.85,2.85,36.34,L,NYR
8475413,Justin Dowling,C,F,20242025,NJD,False,52,2,5,34,51,22,14,29,10.223,5.882,0.226,0.564,3.838,5.756,2.483,36.34,L,NYR
8475413,Justin Dowling,C,F,20252026,NYR,False,2,0,0,1,3,1,0,0,7.192,0.0,0.0,0.0,4.171,12.514,4.171,36.34,L,NYR
8475753,Justin Faulk,D,D,20232024,STL,False,60,2,28,132,83,104,35,35,21.962,1.515,0.091,1.275,6.01,3.779,4.735,34.87,R,DET
8475753,Justin Faulk,D,D,20242025,STL,False,78,4,28,124,82,108,28,100,22.45,3.226,0.137,0.959,4.249,2.81,3.701,34.87,R,DET
8475753,Justin Faulk,D,D,20252026,STL/DET,True,78,16,24,148,70,132,27,64,22.01,10.811,0.559,0.839,5.172,2.446,4.613,34.87,R,DET
8475718,Justin Holl,D,D,20232024,DET,False,38,0,5,14,59,39,7,18,15.082,0.0,0.0,0.523,1.466,6.177,4.083,35.01,R,WSH
8475718,Justin Holl,D,D,20242025,DET,False,73,2,6,41,35,78,8,66,14.792,4.878,0.111,0.333,2.278,1.945,4.334,35.01,R,WSH
8475718,Justin Holl,D,D,20252026,STL,False,9,1,1,7,5,5,4,3,15.672,14.286,0.425,0.425,2.978,2.127,2.127,35.01,R,WSH
8484829,Justin Hryckowian,C,F,20242025,DAL,False,5,0,1,3,8,0,0,2,7.88,0.0,0.0,1.523,4.569,12.183,0.0,25.94,L,DAL
8484829,Justin Hryckowian,C,F,20252026,DAL,False,81,14,16,83,119,44,26,25,13.3,16.867,0.78,0.891,4.623,6.628,2.451,25.94,L,DAL
8477993,Justin Kirkland,C,F,20232024,ARI,False,2,0,0,1,5,1,0,1,7.225,0.0,0.0,0.0,4.152,20.761,4.152,30.5,L,MIN
8477993,Justin Kirkland,C,F,20242025,CGY,False,21,2,6,9,45,16,3,8,9.701,22.222,0.589,1.767,2.651,13.253,4.712,30.5,L,MIN
8477993,Justin Kirkland,C,F,20252026,CGY,False,20,1,1,11,29,10,3,14,9.822,9.091,0.305,0.305,3.36,8.858,3.054,30.5,L,MIN
8474602,Justin Schultz,D,D,20232024,SEA,False,70,7,19,100,26,68,17,12,16.473,7.0,0.364,0.989,5.203,1.353,3.538,36.58,R,
8482088,Justin Sourdif,C,F,20232024,FLA,False,3,0,0,2,5,2,0,1,8.839,0.0,0.0,0.0,4.525,11.313,4.525,24.86,R,WSH
8482088,Justin Sourdif,C,F,20242025,FLA,False,1,1,0,2,0,0,0,0,9.45,50.0,6.349,0.0,12.698,0.0,0.0,24.86,R,WSH
8482088,Justin Sourdif,C,F,20252026,WSH,False,78,15,20,108,98,40,21,55,14.739,13.889,0.783,1.044,5.637,5.115,2.088,24.86,R,WSH
8481704,Juuso Parssinen,C,F,20232024,NSH,False,44,8,4,54,62,15,16,15,14.6,14.815,0.747,0.374,5.044,5.791,1.401,26.0,L,NYR
8481704,Juuso Parssinen,C,F,20242025,NSH/COL/NYR,True,48,6,10,30,86,29,4,18,10.535,20.0,0.712,1.187,3.56,10.204,3.441,26.0,L,NYR
8481704,Juuso Parssinen,C,F,20252026,NYR,False,20,2,1,16,28,9,3,9,8.844,12.5,0.678,0.339,5.427,9.498,3.053,26.0,L,NYR
8479976,Juuso Välimäki,D,D,20232024,ARI,False,68,2,15,69,69,90,13,26,19.094,2.899,0.092,0.693,3.189,3.189,4.159,28.32,L,CAR
8479976,Juuso Välimäki,D,D,20242025,UTA,False,43,2,3,40,23,49,11,40,16.553,5.0,0.169,0.253,3.372,1.939,4.13,28.32,L,CAR
8480817,K'Andre Miller,D,D,20232024,NYR,False,80,8,22,96,148,117,57,34,21.562,8.333,0.278,0.765,3.339,5.148,4.07,27.03,L,CAR
8480817,K'Andre Miller,D,D,20242025,NYR,False,74,7,20,110,107,110,47,97,21.947,6.364,0.259,0.739,4.064,3.953,4.064,27.03,L,CAR
8480817,K'Andre Miller,D,D,20252026,CAR,False,72,8,29,123,101,79,44,80,22.393,6.504,0.298,1.079,4.577,3.759,2.94,27.03,L,CAR
8481554,Kaapo Kakko,R,F,20232024,NYR,False,61,13,6,91,26,18,17,16,13.279,14.286,0.963,0.444,6.741,1.926,1.333,25.97,L,SEA
8481554,Kaapo Kakko,R,F,20242025,NYR/SEA,True,79,14,30,117,68,28,18,59,15.616,11.966,0.681,1.459,5.69,3.307,1.362,25.97,L,SEA
8481554,Kaapo Kakko,R,F,20252026,SEA,False,65,13,27,78,30,12,19,43,14.257,16.667,0.842,1.748,5.05,1.942,0.777,25.97,L,SEA
8481527,Kaedan Korczak,D,D,20232024,VGK,False,26,1,8,32,43,31,4,12,16.505,3.125,0.14,1.119,4.474,6.012,4.334,26.01,R,PIT
8481527,Kaedan Korczak,D,D,20242025,VGK,False,40,0,10,34,59,40,7,36,15.073,0.0,0.0,0.995,3.384,5.871,3.981,26.01,R,PIT
8481527,Kaedan Korczak,D,D,20252026,VGK,False,78,3,13,60,102,95,11,90,15.968,5.0,0.145,0.626,2.89,4.914,4.576,26.01,R,PIT
8482087,Kaiden Guhle,D,D,20232024,MTL,False,70,6,16,95,116,178,25,43,20.851,6.316,0.247,0.658,3.905,4.769,7.317,25.04,L,MTL
8482087,Kaiden Guhle,D,D,20242025,MTL,False,55,6,12,71,104,124,14,47,21.176,8.451,0.309,0.618,3.658,5.358,6.388,25.04,L,MTL
8482087,Kaiden Guhle,D,D,20252026,MTL,False,39,2,9,40,86,63,21,36,19.463,5.0,0.158,0.711,3.162,6.798,4.98,25.04,L,MTL
8479977,Kailer Yamamoto,R,F,20232024,SEA,False,59,8,8,61,31,18,25,6,11.992,13.115,0.678,0.678,5.173,2.629,1.526,28.34,R,UTA
8479977,Kailer Yamamoto,R,F,20242025,UTA,False,12,2,1,13,9,4,1,8,12.113,15.385,0.826,0.413,5.366,3.715,1.651,28.34,R,UTA
8479977,Kailer Yamamoto,R,F,20252026,UTA,False,59,13,10,60,47,20,17,24,11.796,21.667,1.121,0.862,5.173,4.052,1.724,28.34,R,UTA
8477953,Kasperi Kapanen,R,F,20232024,STL,False,73,6,16,99,64,27,37,16,14.384,6.061,0.343,0.914,5.657,3.657,1.543,30.53,R,EDM
8477953,Kasperi Kapanen,R,F,20242025,STL/EDM,True,67,6,8,66,88,14,9,42,11.92,9.091,0.451,0.601,4.958,6.611,1.052,30.53,R,EDM
8477953,Kasperi Kapanen,R,F,20252026,EDM,False,41,8,9,65,75,18,7,25,14.591,12.308,0.802,0.903,6.519,7.522,1.805,30.53,R,EDM
8479387,Keaton Middleton,D,D,20242025,COL,False,41,0,2,44,69,37,7,27,11.487,0.0,0.0,0.255,5.605,8.79,4.714,28.98,L,COL
8479387,Keaton Middleton,D,D,20252026,COL,False,3,0,1,0,6,1,0,1,10.756,0.0,0.0,1.859,0.0,11.157,1.859,28.98,L,COL
8478434,Keegan Kolesar,R,F,20232024,VGK,False,79,8,10,73,277,41,22,20,10.863,10.959,0.559,0.699,5.104,19.367,2.867,29.82,R,DET
8478434,Keegan Kolesar,R,F,20242025,VGK,False,82,12,18,88,237,49,13,34,13.194,13.636,0.665,0.998,4.88,13.143,2.717,29.82,R,DET
8478434,Keegan Kolesar,R,F,20252026,VGK,False,82,6,11,67,270,43,6,39,11.537,8.955,0.381,0.698,4.249,17.124,2.727,29.82,R,DET
8482660,Kent Johnson,C,F,20232024,CBJ,False,42,6,10,62,10,16,16,7,13.542,9.677,0.633,1.055,6.54,1.055,1.688,24.29,L,CBJ
8482660,Kent Johnson,C,F,20242025,CBJ,False,68,24,33,123,3,29,21,64,17.294,19.512,1.224,1.684,6.276,0.153,1.48,24.29,L,CBJ
8482660,Kent Johnson,C,F,20252026,CBJ,False,76,7,15,114,15,38,11,49,13.241,6.14,0.417,0.894,6.797,0.894,2.266,24.29,L,CBJ
8480860,Kevin Bahl,D,D,20232024,NJD,False,82,1,10,63,151,103,19,24,17.397,1.587,0.042,0.421,2.65,6.351,4.332,26.6,L,CGY
8480860,Kevin Bahl,D,D,20242025,CGY,False,73,3,17,82,109,116,24,85,21.387,3.659,0.115,0.653,3.151,4.189,4.458,26.6,L,CGY
8480860,Kevin Bahl,D,D,20252026,CGY,False,76,4,14,57,114,99,42,90,21.949,7.018,0.144,0.504,2.05,4.1,3.561,26.6,L,CGY
8477942,Kevin Fiala,L,F,20232024,LAK,False,82,29,44,225,67,28,45,57,18.036,12.889,1.177,1.785,9.128,2.718,1.136,30.53,L,LAK
8477942,Kevin Fiala,L,F,20242025,LAK,False,81,35,25,244,63,22,30,88,18.514,14.344,1.4,1.0,9.762,2.521,0.88,30.53,L,LAK
8477942,Kevin Fiala,L,F,20252026,LAK,False,56,18,22,147,39,24,19,75,19.121,12.245,1.009,1.233,8.237,2.185,1.345,30.53,L,LAK
8475763,Kevin Hayes,R,F,20232024,STL,False,79,13,16,153,42,17,41,31,14.467,8.497,0.682,0.84,8.032,2.205,0.892,34.74,L,
8475763,Kevin Hayes,R,F,20242025,PIT,False,64,13,10,98,52,11,14,33,12.047,13.265,1.012,0.778,7.626,4.047,0.856,34.74,L,
8475763,Kevin Hayes,R,F,20252026,PIT,False,28,4,4,45,32,10,4,20,12.474,8.889,0.687,0.687,7.73,5.497,1.718,34.74,L,
8483466,Kevin Korchinski,D,D,20232024,CHI,False,76,5,10,93,26,82,23,72,19.616,5.376,0.201,0.402,3.743,1.046,3.3,22.62,L,CHI
8483466,Kevin Korchinski,D,D,20242025,CHI,False,16,1,1,14,2,14,4,14,17.09,7.143,0.219,0.219,3.072,0.439,3.072,22.62,L,CHI
8483466,Kevin Korchinski,D,D,20252026,CHI,False,13,0,2,7,4,13,2,13,13.637,0.0,0.0,0.677,2.369,1.354,4.4,22.62,L,CHI
8478099,Kevin Labanc,R,F,20232024,SJS,False,46,2,7,60,61,17,5,10,11.622,3.333,0.224,0.786,6.734,6.846,1.908,31.14,R,
8478099,Kevin Labanc,R,F,20242025,CBJ,False,34,2,10,35,29,14,6,14,10.495,5.714,0.336,1.681,5.885,4.876,2.354,31.14,R,
8479291,Kevin Rooney,C,F,20232024,CGY,False,33,3,1,27,65,29,8,9,11.216,11.111,0.486,0.162,4.377,10.537,4.701,33.7,L,
8479291,Kevin Rooney,C,F,20242025,CGY,False,70,5,5,54,109,39,9,30,9.417,9.259,0.455,0.455,4.915,9.921,3.55,33.7,L,
8479291,Kevin Rooney,C,F,20252026,UTA,False,1,1,0,1,0,0,0,1,9.733,100.0,6.165,0.0,6.165,0.0,0.0,33.7,L,
8474031,Kevin Shattenkirk,D,D,20232024,BOS,False,61,6,18,78,63,85,13,18,15.78,7.692,0.374,1.122,4.862,3.927,5.298,38.01,R,
8478831,Kevin Stenlund,C,F,20232024,FLA,False,81,11,4,81,83,55,36,14,12.604,13.58,0.646,0.235,4.76,4.878,3.232,30.37,R,UTA
8478831,Kevin Stenlund,C,F,20242025,UTA,False,82,14,14,102,50,64,16,50,14.351,13.725,0.714,0.714,5.201,2.549,3.263,30.37,R,UTA
8478831,Kevin Stenlund,C,F,20252026,UTA,False,80,4,14,66,43,61,13,50,14.479,6.061,0.207,0.725,3.419,2.227,3.16,30.37,R,UTA
8480748,Kiefer Sherwood,L,F,20232024,NSH,False,68,10,17,110,234,22,35,18,12.17,9.091,0.725,1.233,7.975,16.966,1.595,31.84,R,SJS
8480748,Kiefer Sherwood,L,F,20242025,VAN,False,78,19,21,141,462,30,26,49,14.889,13.475,0.982,1.085,7.285,23.869,1.55,31.84,R,SJS
8480748,Kiefer Sherwood,L,F,20252026,VAN/SJS,True,72,23,13,172,339,30,26,76,17.266,13.372,1.11,0.627,8.301,16.362,1.448,31.84,R,SJS
8481523,Kirby Dach,C,F,20232024,MTL,False,2,0,2,3,3,0,1,0,13.017,0.0,0.0,4.609,6.914,6.914,0.0,26.03,R,MTL
8481523,Kirby Dach,C,F,20242025,MTL,False,57,10,12,84,100,36,10,39,15.674,11.905,0.672,0.806,5.641,6.716,2.418,26.03,R,MTL
8481523,Kirby Dach,C,F,20252026,MTL,False,37,8,7,47,53,30,11,17,13.657,17.021,0.95,0.831,5.581,6.293,3.562,26.03,R,MTL
8478864,Kirill Kaprizov,L,F,20232024,MIN,False,75,46,50,277,55,38,38,73,21.577,16.606,1.706,1.854,10.27,2.039,1.409,29.77,L,MIN
8478864,Kirill Kaprizov,L,F,20242025,MIN,False,41,25,31,145,16,17,12,59,22.467,17.241,1.628,2.019,9.445,1.042,1.107,29.77,L,MIN
8478864,Kirill Kaprizov,L,F,20252026,MIN,False,78,45,44,269,52,27,22,112,22.147,16.729,1.563,1.528,9.343,1.806,0.938,29.77,L,MIN
8480893,Kirill Marchenko,R,F,20232024,CBJ,False,78,23,19,193,55,39,49,28,16.414,11.917,1.078,0.89,9.045,2.578,1.828,26.53,R,CBJ
8480893,Kirill Marchenko,R,F,20242025,CBJ,False,79,31,43,207,55,38,36,84,18.583,14.976,1.267,1.757,8.46,2.248,1.553,26.53,R,CBJ
8480893,Kirill Marchenko,R,F,20252026,CBJ,False,76,27,40,218,61,40,45,95,18.942,12.385,1.125,1.667,9.086,2.542,1.667,26.53,R,CBJ
8480011,Klim Kostin,C,F,20232024,DET/SJS,True,52,8,6,43,108,16,9,15,10.909,18.605,0.846,0.635,4.548,11.423,1.692,27.75,L,
8480011,Klim Kostin,C,F,20242025,SJS,False,35,1,6,28,111,17,5,27,10.677,3.571,0.161,0.963,4.496,17.822,2.729,27.75,L,
8471724,Kris Letang,D,D,20232024,PIT,False,82,10,41,164,137,136,47,64,24.688,6.098,0.296,1.215,4.861,4.06,4.031,39.78,R,PIT
8471724,Kris Letang,D,D,20242025,PIT,False,74,9,21,164,120,100,37,100,23.525,5.488,0.31,0.724,5.652,4.136,3.447,39.78,R,PIT
8471724,Kris Letang,D,D,20252026,PIT,False,74,3,31,104,95,94,26,99,21.682,2.885,0.112,1.159,3.889,3.553,3.515,39.78,R,PIT
8477073,Kurtis MacDermid,L,F,20232024,COL/NJD,True,45,2,1,16,83,11,3,7,4.833,12.5,0.552,0.276,4.414,22.898,3.035,32.86,L,OTT
8477073,Kurtis MacDermid,L,F,20242025,NJD,False,23,0,0,7,40,8,1,9,5.776,0.0,0.0,0.0,3.162,18.066,3.613,32.86,L,OTT
8477073,Kurtis MacDermid,L,F,20252026,OTT,False,19,0,1,4,18,6,0,2,4.202,0.0,0.0,0.752,3.006,13.527,4.509,32.86,L,OTT
8477335,Kyle Burroughs,D,D,20232024,SJS,False,73,2,6,79,233,134,29,20,19.146,2.532,0.086,0.258,3.391,10.002,5.752,31.56,R,DAL
8477335,Kyle Burroughs,D,D,20242025,LAK,False,33,0,3,6,42,14,3,19,7.818,0.0,0.0,0.698,1.395,9.768,3.256,31.56,R,DAL
8478476,Kyle Capobianco,D,D,20242025,DAL,False,1,0,0,0,1,0,1,0,11.383,0.0,0.0,0.0,0.0,5.271,0.0,29.47,L,DAL
8478476,Kyle Capobianco,D,D,20252026,DAL,False,33,2,3,18,12,27,9,20,12.133,11.111,0.3,0.45,2.697,1.798,4.046,29.47,L,DAL
8478398,Kyle Connor,L,F,20232024,WPG,False,65,34,27,221,14,19,39,31,19.725,15.385,1.591,1.264,10.342,0.655,0.889,30.15,L,WPG
8478398,Kyle Connor,L,F,20242025,WPG,False,82,41,56,267,21,46,33,80,20.395,15.356,1.471,2.009,9.579,0.753,1.65,30.15,L,WPG
8478398,Kyle Connor,L,F,20252026,WPG,False,82,39,53,274,36,19,21,69,21.506,14.234,1.327,1.803,9.322,1.225,0.646,30.15,L,WPG
8481237,Kyle MacLean,C,F,20232024,NYI,False,32,4,5,26,60,6,8,9,10.086,15.385,0.744,0.93,4.833,11.154,1.115,27.76,L,NYI
8481237,Kyle MacLean,C,F,20242025,NYI,False,81,4,7,61,108,29,12,26,9.962,6.557,0.297,0.52,4.536,8.031,2.156,27.76,L,NYI
8481237,Kyle MacLean,C,F,20252026,NYI,False,59,2,5,43,121,23,8,30,10.519,4.651,0.193,0.483,4.157,11.698,2.224,27.76,L,NYI
8473449,Kyle Okposo,R,F,20232024,BUF/FLA,True,67,12,10,114,75,35,20,12,13.353,10.526,0.805,0.671,7.645,5.03,2.347,38.8,R,
8475151,Kyle Palmieri,C,F,20232024,NYI,False,82,30,24,218,89,43,21,37,17.22,13.761,1.275,1.02,9.263,3.782,1.827,36.0,R,NYI
8475151,Kyle Palmieri,C,F,20242025,NYI,False,82,24,24,169,54,48,18,55,18.516,14.201,0.948,0.948,6.678,2.134,1.897,36.0,R,NYI
8475151,Kyle Palmieri,C,F,20252026,NYI,False,25,6,12,71,19,9,8,18,18.877,8.451,0.763,1.526,9.027,2.416,1.144,36.0,R,NYI
8482172,Landon Slaggert,L,F,20232024,CHI,False,16,1,3,14,16,6,6,2,11.265,7.143,0.333,0.999,4.66,5.326,1.997,24.61,L,CHI
8482172,Landon Slaggert,L,F,20242025,CHI,False,33,2,4,34,25,13,9,12,12.308,5.882,0.295,0.591,5.023,3.693,1.92,24.61,L,CHI
8482172,Landon Slaggert,L,F,20252026,CHI,False,53,3,4,47,79,24,4,12,10.554,6.383,0.322,0.429,5.041,8.474,2.574,24.61,L,CHI
8483457,Lane Hutson,D,D,20232024,MTL,False,2,0,2,3,1,0,3,4,22.717,0.0,0.0,2.641,3.962,1.321,0.0,22.97,L,MTL
8483457,Lane Hutson,D,D,20242025,MTL,False,82,6,60,91,40,123,56,109,22.733,6.593,0.193,1.931,2.929,1.287,3.959,22.97,L,MTL
8483457,Lane Hutson,D,D,20252026,MTL,False,82,12,66,124,31,137,43,93,23.772,9.677,0.369,2.031,3.817,0.954,4.217,22.97,L,MTL
8474189,Lars Eller,C,F,20232024,PIT,False,82,15,16,154,55,56,54,37,15.965,9.74,0.687,0.733,7.058,2.521,2.567,37.74,L,FLA
8474189,Lars Eller,C,F,20242025,PIT/WSH,True,80,10,12,104,57,35,16,50,13.291,9.615,0.564,0.677,5.869,3.216,1.975,37.74,L,FLA
8474189,Lars Eller,C,F,20252026,OTT,False,68,5,10,67,50,33,12,35,11.447,7.463,0.385,0.771,5.164,3.854,2.544,37.74,L,FLA
8478474,Lawson Crouse,L,F,20232024,ARI,False,81,23,19,171,175,57,35,28,16.817,13.45,1.013,0.837,7.532,7.708,2.511,29.61,L,UTA
8478474,Lawson Crouse,L,F,20242025,UTA,False,81,12,6,126,193,46,16,59,13.73,9.524,0.647,0.324,6.798,10.412,2.482,29.61,L,UTA
8478474,Lawson Crouse,L,F,20252026,UTA,False,81,24,20,141,212,52,15,51,16.597,17.021,1.071,0.893,6.293,9.462,2.321,29.61,L,UTA
8484177,Lenni Hameenaho,R,F,20252026,NJD,False,33,2,6,47,20,16,6,12,12.181,4.255,0.299,0.896,7.015,2.985,2.388,22.23,R,NJD
8484153,Leo Carlsson,C,F,20232024,ANA,False,55,12,17,109,28,25,41,34,18.109,11.009,0.723,1.024,6.566,1.687,1.506,22.1,L,ANA
8484153,Leo Carlsson,C,F,20242025,ANA,False,76,20,25,114,24,36,18,51,16.24,17.544,0.972,1.215,5.542,1.167,1.75,22.1,L,ANA
8484153,Leo Carlsson,C,F,20252026,ANA,False,70,29,38,193,14,29,34,78,19.15,15.026,1.298,1.701,8.639,0.627,1.298,22.1,L,ANA
8477934,Leon Draisaitl,C,F,20232024,EDM,False,81,41,65,217,58,26,82,92,20.695,18.894,1.468,2.327,7.767,2.076,0.931,31.27,L,EDM
8477934,Leon Draisaitl,C,F,20242025,EDM,False,71,52,54,240,23,27,35,88,21.517,21.667,2.042,2.121,9.426,0.903,1.06,31.27,L,EDM
8477934,Leon Draisaitl,C,F,20252026,EDM,False,65,35,62,186,34,15,26,106,21.575,18.817,1.497,2.653,7.958,1.455,0.642,31.27,L,EDM
8477070,Liam O'Brien,C,F,20232024,ARI,False,75,5,9,72,229,33,9,14,9.729,6.944,0.411,0.74,5.92,18.83,2.714,32.51,L,UTA
8477070,Liam O'Brien,C,F,20242025,UTA,False,28,0,2,34,100,11,2,8,9.297,0.0,0.0,0.461,7.837,23.049,2.535,32.51,L,UTA
8477070,Liam O'Brien,C,F,20252026,UTA,False,38,3,1,35,115,14,1,11,9.148,8.571,0.518,0.173,6.041,19.849,2.416,32.51,L,UTA
8483499,Liam Ohgren,L,F,20232024,MIN,False,4,1,1,8,2,0,2,0,14.512,12.5,1.034,1.034,8.269,2.067,0.0,23.01,L,VAN
8483499,Liam Ohgren,L,F,20242025,MIN,False,24,2,3,32,24,12,5,9,11.106,6.25,0.45,0.675,7.203,5.402,2.701,23.01,L,VAN
8483499,Liam Ohgren,L,F,20252026,MIN/VAN,True,69,8,10,87,69,41,16,43,13.171,9.195,0.528,0.66,5.744,4.555,2.707,23.01,L,VAN
8483425,Lian Bichsel,D,D,20242025,DAL,False,38,4,5,39,155,23,4,22,14.891,10.256,0.424,0.53,4.135,16.435,2.439,22.71,L,DAL
8483425,Lian Bichsel,D,D,20252026,DAL,False,50,4,4,27,139,42,14,38,15.667,14.815,0.306,0.306,2.068,10.647,3.217,22.71,L,DAL
8481024,Linus Karlsson,C,F,20232024,VAN,False,4,0,0,4,3,2,1,0,10.146,0.0,0.0,0.0,5.914,4.435,2.957,27.21,R,VAN
8481024,Linus Karlsson,C,F,20242025,VAN,False,23,3,3,28,27,8,3,6,10.933,10.714,0.716,0.716,6.681,6.442,1.909,27.21,R,VAN
8481024,Linus Karlsson,C,F,20252026,VAN,False,79,15,20,116,83,22,15,49,12.514,12.931,0.91,1.214,7.04,5.037,1.335,27.21,R,VAN
8483431,Logan Cooley,C,F,20232024,ARI,False,82,20,24,151,50,27,31,52,15.815,13.245,0.925,1.11,6.986,2.313,1.249,22.75,L,UTA
8483431,Logan Cooley,C,F,20242025,UTA,False,75,25,40,158,63,32,24,66,17.861,15.823,1.12,1.792,7.077,2.822,1.433,22.75,L,UTA
8483431,Logan Cooley,C,F,20252026,UTA,False,54,24,19,102,54,27,24,66,17.328,23.529,1.539,1.218,6.54,3.463,1.731,22.75,L,UTA
8482733,Logan Mailloux,D,D,20232024,MTL,False,1,0,1,2,1,1,0,0,21.233,0.0,0.0,2.826,5.652,2.826,2.826,23.8,R,STL
8482733,Logan Mailloux,D,D,20242025,MTL,False,7,2,2,10,9,8,0,4,16.205,20.0,1.058,1.058,5.289,4.76,4.231,23.8,R,STL
8482733,Logan Mailloux,D,D,20252026,STL,False,67,5,8,81,93,56,18,68,16.769,6.173,0.267,0.427,4.326,4.967,2.991,23.8,R,STL
8481186,Logan O'Connor,R,F,20232024,COL,False,57,13,12,85,60,38,38,12,14.95,15.294,0.915,0.845,5.985,4.225,2.676,30.47,R,COL
8481186,Logan O'Connor,R,F,20242025,COL,False,80,10,11,89,68,50,17,32,14.124,11.236,0.531,0.584,4.726,3.611,2.655,30.47,R,COL
8481186,Logan O'Connor,R,F,20252026,COL,False,13,0,2,13,11,3,3,6,11.445,0.0,0.0,0.807,5.242,4.436,1.21,30.47,R,COL
8482702,Logan Stankoven,C,F,20232024,DAL,False,24,6,8,51,20,11,13,8,14.672,11.765,1.022,1.363,8.69,3.408,1.874,23.93,R,CAR
8482702,Logan Stankoven,C,F,20242025,DAL/CAR,True,78,14,24,194,48,33,20,51,15.091,7.216,0.714,1.223,9.889,2.447,1.682,23.93,R,CAR
8482702,Logan Stankoven,C,F,20252026,CAR,False,81,21,23,166,50,22,28,46,15.45,12.651,1.007,1.103,7.959,2.397,1.055,23.93,R,CAR
8479378,Logan Stanley,D,D,20232024,WPG,False,25,1,1,29,45,40,5,15,13.767,3.448,0.174,0.174,5.056,7.845,6.973,28.69,L,
8479378,Logan Stanley,D,D,20242025,WPG,False,63,1,13,49,88,76,11,59,15.584,2.041,0.061,0.794,2.995,5.378,4.645,28.69,L,
8479378,Logan Stanley,D,D,20252026,WPG/BUF,True,76,9,17,96,110,84,17,66,16.698,9.375,0.426,0.804,4.539,5.201,3.971,28.69,L,
8481806,Louis Crevier,D,D,20232024,CHI,False,24,0,3,18,30,50,4,9,15.683,0.0,0.0,0.478,2.869,4.782,7.97,25.75,R,BUF
8481806,Louis Crevier,D,D,20242025,CHI,False,32,3,1,28,70,49,4,30,17.285,10.714,0.325,0.108,3.037,7.593,5.315,25.75,R,BUF
8481806,Louis Crevier,D,D,20252026,CHI,False,78,7,18,114,124,95,15,64,17.137,6.14,0.314,0.808,5.117,5.566,4.264,25.75,R,BUF
8483432,Luca Del Bel Belluz,C,F,20232024,CBJ,False,1,1,0,2,0,0,0,0,9.583,50.0,6.261,0.0,12.522,0.0,0.0,23.23,L,CBJ
8483432,Luca Del Bel Belluz,C,F,20242025,CBJ,False,15,2,6,18,4,12,3,9,13.753,11.111,0.582,1.745,5.235,1.163,3.49,23.23,L,CBJ
8483432,Luca Del Bel Belluz,C,F,20252026,CBJ,False,14,0,1,11,3,10,2,1,9.098,0.0,0.0,0.471,5.182,1.413,4.711,23.23,L,CBJ
8482078,Lucas Raymond,L,F,20232024,DET,False,82,31,41,163,69,27,48,25,17.753,19.018,1.278,1.69,6.718,2.844,1.113,24.85,R,DET
8482078,Lucas Raymond,L,F,20242025,DET,False,82,27,53,192,42,34,28,80,18.783,14.062,1.052,2.065,7.48,1.636,1.324,24.85,R,DET
8482078,Lucas Raymond,L,F,20252026,DET,False,80,25,51,173,43,29,31,76,18.799,14.451,0.997,2.035,6.902,1.716,1.157,24.85,R,DET
8482117,Lukas Reichel,L,F,20232024,CHI,False,65,5,11,84,27,25,33,35,14.111,5.952,0.327,0.72,5.495,1.766,1.635,24.71,L,BOS
8482117,Lukas Reichel,L,F,20242025,CHI,False,70,8,14,72,24,29,13,36,11.911,11.111,0.576,1.007,5.181,1.727,2.087,24.71,L,BOS
8482117,Lukas Reichel,L,F,20252026,CHI/VAN/BOS,True,29,3,5,24,9,16,5,20,12.449,12.5,0.499,0.831,3.989,1.496,2.659,24.71,L,BOS
8482146,Luke Evangelista,R,F,20232024,NSH,False,80,16,23,172,30,23,38,46,13.955,9.302,0.86,1.236,9.244,1.612,1.236,24.95,R,NSH
8482146,Luke Evangelista,R,F,20242025,NSH,False,68,10,22,134,28,13,16,37,13.872,7.463,0.636,1.399,8.523,1.781,0.827,24.95,R,NSH
8482146,Luke Evangelista,R,F,20252026,NSH,False,81,12,44,176,21,21,25,58,16.622,6.818,0.535,1.961,7.843,0.936,0.936,24.95,R,NSH
8476822,Luke Glendening,C,F,20232024,TBL,False,81,10,1,57,121,53,11,4,11.616,17.544,0.638,0.064,3.635,7.716,3.38,37.76,R,
8476822,Luke Glendening,C,F,20242025,TBL,False,77,4,3,51,105,58,6,19,10.785,7.843,0.289,0.217,3.685,7.586,4.191,37.76,R,
8476822,Luke Glendening,C,F,20252026,NJD/PHI,True,70,2,7,50,97,53,6,11,10.538,4.0,0.163,0.569,4.067,7.89,4.311,37.76,R,
8482684,Luke Hughes,D,D,20232024,NJD,False,82,9,38,135,24,55,42,69,21.474,6.667,0.307,1.295,4.6,0.818,1.874,23.4,L,NJD
8482684,Luke Hughes,D,D,20242025,NJD,False,71,7,37,121,19,60,33,86,21.158,5.785,0.28,1.478,4.833,0.759,2.396,23.4,L,NJD
8482684,Luke Hughes,D,D,20252026,NJD,False,68,6,29,150,19,52,29,108,23.011,4.0,0.23,1.112,5.752,0.729,1.994,23.4,L,NJD
8479316,Luke Kunin,C,F,20232024,SJS,False,77,11,7,98,165,60,22,15,15.741,11.224,0.545,0.347,4.851,8.168,2.97,29.16,R,
8479316,Luke Kunin,C,F,20242025,SJS/CBJ,True,75,11,7,112,187,77,12,30,14.69,9.821,0.599,0.381,6.099,10.184,4.193,29.16,R,
8479316,Luke Kunin,C,F,20252026,FLA,False,62,4,6,49,123,47,3,22,9.68,8.163,0.4,0.6,4.899,12.297,4.699,29.16,R,
8474568,Luke Schenn,D,D,20232024,NSH,False,63,1,6,81,202,76,14,41,15.184,1.235,0.063,0.376,5.081,12.67,4.767,37.25,R,VAN
8474568,Luke Schenn,D,D,20242025,NSH/WPG,True,76,1,6,77,300,104,16,63,15.953,1.299,0.049,0.297,3.811,14.846,5.147,37.25,R,VAN
8474568,Luke Schenn,D,D,20252026,WPG/BUF,True,50,1,6,35,149,57,7,44,13.665,2.857,0.088,0.527,3.074,13.085,5.005,37.25,R,VAN
8480025,MacKenzie Entwistle,R,F,20232024,CHI,False,67,5,6,66,139,32,29,12,11.387,7.576,0.393,0.472,5.191,10.932,2.517,27.55,R,FLA
8477346,MacKenzie Weegar,D,D,20232024,CGY,False,82,20,32,208,194,200,46,75,22.93,9.615,0.638,1.021,6.637,6.191,6.382,33.07,R,UTA
8477346,MacKenzie Weegar,D,D,20242025,CGY,False,81,8,39,184,223,192,52,159,24.164,4.348,0.245,1.196,5.64,6.836,5.886,33.07,R,UTA
8477346,MacKenzie Weegar,D,D,20252026,CGY/UTA,True,79,4,24,154,167,175,32,124,22.462,2.597,0.135,0.811,5.207,5.647,5.917,33.07,R,UTA
8482713,Mackie Samoskevich,R,F,20232024,FLA,False,7,0,0,11,5,3,1,5,12.038,0.0,0.0,0.0,7.832,3.56,2.136,24.21,R,SEA
8482713,Mackie Samoskevich,R,F,20242025,FLA,False,72,15,16,129,134,32,9,46,13.322,11.628,0.938,1.001,8.069,8.382,2.002,24.21,R,SEA
8482713,Mackie Samoskevich,R,F,20252026,FLA,False,77,12,20,161,136,33,10,52,14.469,7.453,0.646,1.077,8.671,7.324,1.777,24.21,R,SEA
8484801,Macklin Celebrini,C,F,20242025,SJS,False,70,25,38,236,37,53,29,113,19.788,10.593,1.083,1.646,10.223,1.603,2.296,20.64,L,SJS
8484801,Macklin Celebrini,C,F,20252026,SJS,False,82,45,70,287,53,53,41,150,21.316,15.679,1.545,2.403,9.852,1.819,1.819,20.64,L,SJS
8484958,Maksim Tsyplakov,R,F,20242025,NYI,False,77,10,25,116,140,40,28,78,14.967,8.621,0.521,1.302,6.039,7.289,2.083,28.37,L,CGY
8484958,Maksim Tsyplakov,R,F,20252026,NYI/NJD,True,49,2,2,42,83,8,8,28,9.121,4.762,0.268,0.268,5.638,11.143,1.074,28.37,L,CGY
8482177,Marat Khusnutdinov,C,F,20232024,MIN,False,16,1,3,6,16,9,7,4,13.11,16.667,0.286,0.858,1.716,4.577,2.574,24.55,L,BOS
8482177,Marat Khusnutdinov,C,F,20242025,MIN/BOS,True,75,5,7,41,55,47,6,47,12.085,12.195,0.331,0.463,2.714,3.641,3.111,24.55,L,BOS
8482177,Marat Khusnutdinov,C,F,20252026,BOS,False,77,15,18,78,42,39,21,47,14.5,19.231,0.806,0.967,4.192,2.257,2.096,24.55,L,BOS
8481743,Marc Del Gaizo,D,D,20232024,NSH,False,9,0,3,8,20,10,4,4,16.461,0.0,0.0,1.215,3.24,8.1,4.05,27.31,L,NYR
8481743,Marc Del Gaizo,D,D,20242025,NSH,False,46,2,7,76,71,53,19,38,16.752,2.632,0.156,0.545,5.918,5.528,4.127,27.31,L,NYR
8483553,Marc Gatcomb,C,F,20242025,NYI,False,39,8,1,41,149,23,7,12,9.787,19.512,1.258,0.157,6.445,23.422,3.615,27.53,R,VGK
8483553,Marc Gatcomb,C,F,20252026,NYI,False,49,3,4,55,192,24,6,12,10.087,5.455,0.364,0.486,6.677,23.307,2.913,27.53,R,VGK
8483397,Marc McLaughlin,C,F,20232024,BOS,False,1,1,0,2,4,1,0,0,12.65,50.0,4.743,0.0,9.486,18.972,4.743,27.52,R,NJD
8483397,Marc McLaughlin,C,F,20242025,BOS/NJD,True,14,2,1,13,28,6,2,6,9.206,15.385,0.931,0.466,6.052,13.035,2.793,27.52,R,NJD
8483397,Marc McLaughlin,C,F,20252026,NJD,False,7,0,0,0,4,2,1,1,8.195,0.0,0.0,0.0,0.0,4.184,2.092,27.52,R,NJD
8471686,Marc Staal,D,D,20232024,PHI,False,35,1,4,20,31,44,4,9,13.812,5.0,0.124,0.496,2.482,3.848,5.461,40.05,L,
8471709,Marc-Edouard Vlasic,D,D,20232024,SJS,False,57,6,6,72,35,108,16,27,16.281,8.333,0.388,0.388,4.655,2.263,6.983,39.84,L,
8471709,Marc-Edouard Vlasic,D,D,20242025,SJS,False,27,1,2,20,4,40,4,26,14.625,5.0,0.152,0.304,3.039,0.608,6.078,39.84,L,
8483464,Marco Kasper,C,F,20242025,DET,False,77,19,18,145,156,48,9,47,15.451,13.103,0.958,0.908,7.313,7.867,2.421,22.82,L,DET
8483464,Marco Kasper,C,F,20252026,DET,False,81,9,10,131,186,51,14,55,13.794,6.87,0.483,0.537,7.035,9.988,2.739,22.82,L,DET
8482079,Marco Rossi,C,F,20232024,MIN,False,82,21,19,167,35,37,33,21,16.73,12.575,0.918,0.831,7.304,1.531,1.618,25.36,L,VAN
8482079,Marco Rossi,C,F,20242025,MIN,False,82,24,36,136,62,41,18,60,18.246,17.647,0.962,1.444,5.454,2.486,1.644,25.36,L,VAN
8482079,Marco Rossi,C,F,20252026,MIN/VAN,True,50,12,23,66,47,30,16,43,17.475,18.182,0.824,1.579,4.532,3.227,2.06,25.36,L,VAN
8474618,Marco Scandella,D,D,20232024,STL,False,65,2,6,42,70,49,22,16,12.474,4.762,0.148,0.444,3.108,5.18,3.626,36.94,L,
8475220,Marcus Foligno,L,F,20232024,MIN,False,55,10,12,56,179,40,26,18,14.482,17.857,0.753,0.904,4.218,13.484,3.013,35.48,L,MIN
8475220,Marcus Foligno,L,F,20242025,MIN,False,77,14,15,91,253,49,20,48,14.482,15.385,0.753,0.807,4.896,13.613,2.637,35.48,L,MIN
8475220,Marcus Foligno,L,F,20252026,MIN,False,56,8,5,65,180,47,11,29,12.845,12.308,0.667,0.417,5.422,15.014,3.92,35.48,L,MIN
8475149,Marcus Johansson,L,F,20232024,MIN,False,78,11,19,112,44,29,26,33,15.888,9.821,0.533,0.92,5.423,2.13,1.404,36.32,L,
8475149,Marcus Johansson,L,F,20242025,MIN,False,72,11,23,121,49,25,12,41,16.383,9.091,0.56,1.17,6.155,2.492,1.272,36.32,L,
8475149,Marcus Johansson,L,F,20252026,MIN,False,75,15,34,106,34,20,22,53,15.422,14.151,0.778,1.764,5.499,1.764,1.037,36.32,L,
8477969,Marcus Pettersson,D,D,20232024,PIT,False,82,4,26,106,121,159,26,32,22.671,3.774,0.129,0.839,3.421,3.905,5.132,30.74,L,NYR
8477969,Marcus Pettersson,D,D,20242025,PIT/VAN,True,78,4,25,70,80,144,32,88,21.691,5.714,0.142,0.887,2.482,2.837,5.107,30.74,L,NYR
8477969,Marcus Pettersson,D,D,20252026,VAN,False,82,3,15,66,79,136,19,86,21.453,4.545,0.102,0.512,2.251,2.694,4.639,30.74,L,NYR
8479983,Mario Ferraro,D,D,20232024,SJS,False,78,3,18,124,124,195,24,30,22.869,2.419,0.101,0.605,4.171,4.171,6.559,28.38,L,WPG
8479983,Mario Ferraro,D,D,20242025,SJS,False,78,5,12,79,150,125,37,77,21.401,6.329,0.18,0.431,2.84,5.392,4.493,28.38,L,WPG
8479983,Mario Ferraro,D,D,20252026,SJS,False,82,7,16,94,137,150,36,88,21.028,7.447,0.244,0.557,3.271,4.767,5.22,28.38,L,WPG
8478017,Mark Friedman,D,D,20232024,VAN,False,23,0,1,16,33,35,2,3,12.233,0.0,0.0,0.213,3.412,7.037,7.464,31.11,R,
8478017,Mark Friedman,D,D,20242025,VAN,False,5,0,0,4,6,6,2,1,14.063,0.0,0.0,0.0,3.413,5.12,5.12,31.11,R,
8470966,Mark Giordano,D,D,20232024,TOR,False,46,3,6,59,51,86,9,27,16.617,5.085,0.235,0.471,4.631,4.003,6.751,43.33,L,
8476873,Mark Jankowski,L,F,20232024,NSH,False,32,7,8,48,8,11,18,12,12.667,14.583,1.036,1.184,7.105,1.184,1.628,32.39,L,CAR
8476873,Mark Jankowski,L,F,20242025,NSH/CAR,True,60,12,5,66,27,34,6,35,12.568,18.182,0.955,0.398,5.251,2.148,2.705,32.39,L,CAR
8476873,Mark Jankowski,L,F,20252026,CAR,False,68,11,10,63,45,45,11,35,11.151,17.46,0.87,0.791,4.985,3.561,3.561,32.39,L,CAR
8480355,Mark Kastelic,C,F,20232024,OTT,False,63,5,5,60,126,31,13,15,7.724,8.333,0.617,0.617,7.398,15.536,3.822,27.9,R,BOS
8480355,Mark Kastelic,C,F,20242025,BOS,False,61,5,9,67,218,39,12,26,10.736,7.463,0.458,0.825,6.138,19.973,3.573,27.9,R,BOS
8480355,Mark Kastelic,C,F,20252026,BOS,False,82,12,10,100,215,64,30,42,12.619,12.0,0.696,0.58,5.798,12.467,3.711,27.9,R,BOS
8476460,Mark Scheifele,C,F,20232024,WPG,False,74,25,47,154,63,40,45,33,20.186,16.234,1.004,1.888,6.186,2.531,1.607,33.88,R,WPG
8476460,Mark Scheifele,C,F,20242025,WPG,False,82,39,48,181,73,60,25,105,20.44,21.547,1.396,1.718,6.479,2.613,2.148,33.88,R,WPG
8476460,Mark Scheifele,C,F,20252026,WPG,False,82,36,67,175,32,47,31,129,21.504,20.571,1.225,2.28,5.955,1.089,1.599,33.88,R,WPG
8475913,Mark Stone,R,F,20232024,VGK,False,56,16,37,117,34,40,62,29,19.407,13.675,0.883,2.043,6.459,1.877,2.208,34.72,R,VGK
8475913,Mark Stone,R,F,20242025,VGK,False,66,19,48,131,32,42,38,73,19.254,14.504,0.897,2.266,6.185,1.511,1.983,34.72,R,VGK
8475913,Mark Stone,R,F,20252026,VGK,False,60,28,45,130,31,47,28,70,19.215,21.538,1.457,2.342,6.766,1.613,2.446,34.72,R,VGK
8480796,Martin Fehervary,D,D,20232024,WSH,False,66,3,13,61,188,109,8,14,19.631,4.918,0.139,0.602,2.825,8.706,5.048,27.32,L,WSH
8480796,Martin Fehervary,D,D,20242025,WSH,False,81,5,20,76,139,150,11,61,19.005,6.579,0.195,0.78,2.962,5.418,5.846,27.32,L,WSH
8480796,Martin Fehervary,D,D,20252026,WSH,False,81,5,22,73,110,176,16,54,19.281,6.849,0.192,0.845,2.805,4.226,6.762,27.32,L,WSH
8480039,Martin Necas,C,F,20232024,CAR,False,77,24,29,231,77,31,23,52,17.356,10.39,1.078,1.302,10.371,3.457,1.392,28.05,R,COL
8480039,Martin Necas,C,F,20242025,CAR/COL,True,79,27,56,194,62,23,23,83,18.999,13.918,1.079,2.239,7.755,2.478,0.919,28.05,R,COL
8480039,Martin Necas,C,F,20252026,COL,False,78,38,62,206,85,26,23,123,21.498,18.447,1.36,2.218,7.371,3.041,0.93,28.05,R,COL
8481028,Martin Pospisil,C,F,20232024,CGY,False,63,8,16,117,238,22,26,23,12.72,6.838,0.599,1.198,8.76,17.82,1.647,27.2,L,CGY
8481028,Martin Pospisil,C,F,20242025,CGY,False,81,4,21,114,301,26,17,53,13.808,3.509,0.215,1.127,6.116,16.147,1.395,27.2,L,CGY
8481028,Martin Pospisil,C,F,20252026,CGY,False,22,1,2,19,84,6,3,5,10.152,5.263,0.269,0.537,5.104,22.566,1.612,27.2,L,CGY
8478891,Mason Appleton,C,F,20232024,WPG,False,82,14,22,122,106,44,24,12,16.048,11.475,0.638,1.003,5.563,4.833,2.006,31.05,R,DET
8478891,Mason Appleton,C,F,20242025,WPG,False,71,10,12,107,76,29,15,38,14.831,9.346,0.57,0.684,6.097,4.33,1.652,31.05,R,DET
8478891,Mason Appleton,C,F,20252026,DET,False,65,6,8,63,89,29,1,22,13.524,9.524,0.41,0.546,4.3,6.075,1.979,31.05,R,DET
8482511,Mason Lohrei,D,D,20232024,BOS,False,41,4,9,43,32,63,9,29,16.958,9.302,0.345,0.777,3.711,2.761,5.437,26.04,L,BOS
8482511,Mason Lohrei,D,D,20242025,BOS,False,77,5,28,92,25,103,36,104,19.527,5.435,0.2,1.117,3.671,0.998,4.11,26.04,L,BOS
8482511,Mason Lohrei,D,D,20252026,BOS,False,73,7,19,72,30,93,20,93,16.905,9.722,0.34,0.924,3.501,1.459,4.522,26.04,L,BOS
8478975,Mason Marchment,L,F,20232024,DAL,False,81,22,31,150,108,34,43,45,15.059,14.667,1.082,1.525,7.378,5.312,1.672,31.63,L,SJS
8478975,Mason Marchment,L,F,20242025,DAL,False,62,22,25,134,79,21,22,58,15.34,16.418,1.388,1.577,8.454,4.984,1.325,31.63,L,SJS
8478975,Mason Marchment,L,F,20252026,SEA/CBJ,True,68,19,26,119,84,28,29,86,17.372,15.966,0.965,1.321,6.044,4.267,1.422,31.63,L,SJS
8482745,Mason McTavish,C,F,20232024,ANA,False,64,19,23,130,67,33,23,17,16.276,14.615,1.094,1.325,7.488,3.859,1.901,24.01,L,STL
8482745,Mason McTavish,C,F,20242025,ANA,False,76,22,30,180,70,31,18,51,16.876,12.222,1.029,1.403,8.421,3.275,1.45,24.01,L,STL
8482745,Mason McTavish,C,F,20252026,ANA,False,75,17,24,146,95,33,16,55,15.32,11.644,0.888,1.253,7.624,4.961,1.723,24.01,L,STL
8479972,Mason Shaw,C,F,20232024,MIN,False,20,1,2,21,29,6,3,1,8.185,4.762,0.367,0.733,7.697,10.629,2.199,28.25,L,MIN
8478445,Mathew Barzal,C,F,20232024,NYI,False,80,23,57,240,54,52,84,90,20.133,9.583,0.857,2.123,8.941,2.012,1.937,29.69,R,NYI
8478445,Mathew Barzal,C,F,20242025,NYI,False,30,6,14,78,24,24,10,36,20.349,7.692,0.59,1.376,7.666,2.359,2.359,29.69,R,NYI
8478445,Mathew Barzal,C,F,20252026,NYI,False,81,19,53,184,29,50,42,93,20.651,10.326,0.682,1.901,6.6,1.04,1.793,29.69,R,NYI
8476856,Mathew Dumba,D,D,20232024,ARI/TBL,True,76,4,8,86,202,108,9,45,19.733,4.651,0.16,0.32,3.441,8.082,4.321,32.52,R,
8476856,Mathew Dumba,D,D,20242025,DAL,False,63,1,9,57,70,60,16,62,15.3,1.754,0.062,0.56,3.548,4.357,3.735,32.52,R,
8476856,Mathew Dumba,D,D,20252026,PIT,False,11,1,2,7,16,12,6,8,14.936,14.286,0.365,0.73,2.556,5.843,4.382,32.52,R,
8478472,Mathieu Joseph,R,F,20232024,OTT,False,72,11,24,124,105,49,69,36,16.472,8.871,0.556,1.214,6.273,5.312,2.479,29.98,L,EDM
8478472,Mathieu Joseph,R,F,20242025,STL,False,60,4,10,69,121,36,16,25,11.908,5.797,0.336,0.84,5.794,10.161,3.023,29.98,L,EDM
8478472,Mathieu Joseph,R,F,20252026,STL/LAK,True,51,2,9,36,115,34,14,25,11.988,5.556,0.196,0.883,3.533,11.286,3.337,29.98,L,EDM
8479671,Mathieu Olivier,R,F,20232024,CBJ,False,54,5,7,55,163,36,10,5,11.282,9.091,0.492,0.689,5.417,16.053,3.545,29.97,R,CBJ
8479671,Mathieu Olivier,R,F,20242025,CBJ,False,82,18,14,111,306,80,22,49,14.459,16.216,0.911,0.708,5.617,15.485,4.048,29.97,R,CBJ
8479671,Mathieu Olivier,R,F,20252026,CBJ,False,61,15,11,93,209,42,12,23,14.228,16.129,1.037,0.76,6.429,14.449,2.904,29.97,R,CBJ
8481711,Matias Maccelli,L,F,20232024,ARI,False,82,17,40,149,25,20,22,56,16.234,11.409,0.766,1.803,6.716,1.127,0.901,26.3,L,NYI
8481711,Matias Maccelli,L,F,20242025,UTA,False,55,8,10,86,6,10,11,46,13.728,9.302,0.636,0.795,6.834,0.477,0.795,26.3,L,NYI
8481711,Matias Maccelli,L,F,20252026,TOR,False,71,14,25,90,24,17,15,67,14.565,15.556,0.812,1.451,5.222,1.392,0.986,26.3,L,NYI
8475692,Mats Zuccarello,R,F,20232024,MIN,False,69,12,51,173,26,50,38,38,18.893,6.936,0.552,2.347,7.962,1.197,2.301,39.42,L,LAK
8475692,Mats Zuccarello,R,F,20242025,MIN,False,69,19,35,151,32,48,29,77,19.656,12.583,0.841,1.548,6.68,1.416,2.123,39.42,L,LAK
8475692,Mats Zuccarello,R,F,20252026,MIN,False,59,15,39,122,16,26,13,62,18.644,12.295,0.818,2.127,6.655,0.873,1.418,39.42,L,LAK
8481557,Matt Boldy,L,F,20232024,MIN,False,75,29,40,227,33,32,61,49,18.911,12.775,1.227,1.692,9.603,1.396,1.354,25.83,L,MIN
8481557,Matt Boldy,L,F,20242025,MIN,False,82,27,46,271,52,69,43,84,20.288,9.963,0.974,1.659,9.774,1.875,2.489,25.83,L,MIN
8481557,Matt Boldy,L,F,20252026,MIN,False,76,42,43,254,60,58,34,86,20.569,16.535,1.612,1.65,9.749,2.303,2.226,25.83,L,MIN
8482679,Matt Coronato,R,F,20232024,CGY,False,34,3,6,58,7,7,16,14,12.611,5.172,0.42,0.84,8.116,0.98,0.98,24.22,R,CGY
8482679,Matt Coronato,R,F,20242025,CGY,False,77,24,23,180,36,37,23,48,17.58,13.333,1.064,1.019,7.978,1.596,1.64,24.22,R,CGY
8482679,Matt Coronato,R,F,20252026,CGY,False,80,18,27,197,23,23,19,56,16.652,9.137,0.811,1.216,8.873,1.036,1.036,24.22,R,CGY
8475168,Matt Duchene,C,F,20232024,DAL,False,80,25,40,172,30,48,36,58,16.766,14.535,1.118,1.789,7.694,1.342,2.147,36.04,L,DAL
8475168,Matt Duchene,C,F,20242025,DAL,False,82,30,52,152,29,21,21,78,17.143,19.737,1.28,2.219,6.488,1.238,0.896,36.04,L,DAL
8475168,Matt Duchene,C,F,20252026,DAL,False,57,16,29,89,29,23,11,61,16.51,17.978,1.02,1.849,5.674,1.849,1.466,36.04,L,DAL
8476891,Matt Grzelcyk,D,D,20232024,BOS,False,63,2,9,59,53,76,12,29,17.598,3.39,0.108,0.487,3.193,2.868,4.113,33.07,L,
8476891,Matt Grzelcyk,D,D,20242025,PIT,False,82,1,39,94,43,101,32,85,20.612,1.064,0.035,1.384,3.337,1.526,3.585,33.07,L,
8476891,Matt Grzelcyk,D,D,20252026,CHI,False,69,0,12,68,28,54,21,46,16.971,0.0,0.0,0.615,3.484,1.435,2.767,33.07,L,
8474709,Matt Martin,L,F,20232024,NYI,False,57,4,4,48,151,29,12,11,9.313,8.333,0.452,0.452,5.425,17.067,3.278,37.74,L,
8474709,Matt Martin,L,F,20242025,NYI,False,32,0,2,17,82,19,3,15,8.549,0.0,0.0,0.439,3.729,17.985,4.167,37.74,L,
8476442,Matt Nieto,L,F,20232024,PIT,False,22,1,3,13,14,9,4,4,11.611,7.692,0.235,0.705,3.054,3.288,2.114,34.24,L,
8476442,Matt Nieto,L,F,20242025,PIT,False,32,1,2,31,39,20,1,19,12.25,3.226,0.153,0.306,4.745,5.969,3.061,34.24,L,
8482460,Matt Rempe,C,F,20232024,NYR,False,17,1,1,12,50,5,1,0,5.625,8.333,0.627,0.627,7.529,31.373,3.137,24.59,R,NYR
8482460,Matt Rempe,C,F,20242025,NYR,False,42,3,5,30,117,14,4,8,8.508,10.0,0.504,0.84,5.037,19.645,2.351,24.59,R,NYR
8482460,Matt Rempe,C,F,20252026,NYR,False,26,1,0,15,86,6,2,5,8.608,6.667,0.268,0.0,4.021,23.055,1.609,24.59,R,NYR
8478911,Matt Roy,D,D,20232024,LAK,False,81,5,20,135,152,197,12,55,20.895,3.704,0.177,0.709,4.786,5.388,6.984,31.92,R,WSH
8478911,Matt Roy,D,D,20242025,WSH,False,69,3,21,84,114,113,15,91,19.879,3.571,0.131,0.919,3.674,4.987,4.943,31.92,R,WSH
8478911,Matt Roy,D,D,20252026,WSH,False,79,2,17,94,117,146,12,69,20.61,2.128,0.074,0.626,3.464,4.312,5.38,31.92,R,WSH
8483512,Matt Savoie,C,F,20232024,BUF,False,1,0,0,0,0,0,0,0,3.917,0.0,0.0,0.0,0.0,0.0,0.0,23.09,R,EDM
8483512,Matt Savoie,C,F,20242025,EDM,False,4,0,1,6,3,1,1,1,12.517,0.0,0.0,1.198,7.19,3.595,1.198,23.09,R,EDM
8483512,Matt Savoie,C,F,20252026,EDM,False,82,18,19,138,14,37,32,52,14.782,13.043,0.891,0.94,6.831,0.693,1.831,23.09,R,EDM
8476988,Matthew Benning,D,D,20232024,SJS,False,14,0,2,13,19,29,5,9,18.48,0.0,0.0,0.464,3.015,4.406,6.725,32.69,R,
8476988,Matthew Benning,D,D,20242025,SJS,False,7,0,0,7,9,10,1,4,13.04,0.0,0.0,0.0,4.601,5.916,6.573,32.69,R,
8476988,Matthew Benning,D,D,20252026,TOR,False,1,0,0,0,0,3,0,1,12.433,0.0,0.0,0.0,0.0,0.0,14.478,32.69,R,
8478146,Matthew Highmore,C,F,20232024,OTT,False,7,0,2,1,3,4,0,2,7.71,0.0,0.0,2.223,1.112,3.335,4.447,30.93,L,
8478146,Matthew Highmore,C,F,20242025,OTT,False,41,2,4,33,50,19,4,23,11.165,6.061,0.262,0.524,4.325,6.554,2.49,30.93,L,
8482516,Matthew Kessel,D,D,20232024,STL,False,39,1,6,28,40,65,15,19,16.794,3.571,0.092,0.55,2.565,3.664,5.955,26.61,R,NYI
8482516,Matthew Kessel,D,D,20242025,STL,False,29,0,3,17,22,23,6,31,13.14,0.0,0.0,0.472,2.677,3.464,3.621,26.61,R,NYI
8482516,Matthew Kessel,D,D,20252026,STL,False,29,2,1,20,22,26,1,15,12.537,10.0,0.33,0.165,3.301,3.631,4.291,26.61,R,NYI
8482720,Matthew Knies,L,F,20232024,TOR,False,80,15,20,115,169,30,38,29,13.678,13.043,0.822,1.097,6.306,9.267,1.645,24.29,L,TOR
8482720,Matthew Knies,L,F,20242025,TOR,False,78,29,29,152,182,41,14,51,18.515,19.079,1.205,1.205,6.315,7.561,1.703,24.29,L,TOR
8482720,Matthew Knies,L,F,20252026,TOR,False,79,23,43,140,152,32,26,68,18.792,16.429,0.93,1.738,5.658,6.143,1.293,24.29,L,TOR
8479547,Matthew Phillips,R,F,20232024,WSH/PIT,True,31,1,4,21,8,15,5,4,10.182,4.762,0.19,0.76,3.992,1.521,2.851,28.82,R,
8483505,Matthew Poitras,C,F,20232024,BOS,False,33,5,10,40,17,15,19,15,13.396,12.5,0.679,1.357,5.429,2.307,2.036,22.9,R,BOS
8483505,Matthew Poitras,C,F,20242025,BOS,False,33,1,10,29,12,10,14,28,13.088,3.448,0.139,1.389,4.029,1.667,1.389,22.9,R,BOS
8483505,Matthew Poitras,C,F,20252026,BOS,False,3,1,0,8,0,2,0,1,12.117,12.5,1.651,0.0,13.205,0.0,3.301,22.9,R,BOS
8481525,Matthew Robertson,D,D,20242025,NYR,False,2,0,0,2,2,1,1,2,17.633,0.0,0.0,0.0,3.403,3.403,1.701,25.9,L,NYR
8481525,Matthew Robertson,D,D,20252026,NYR,False,72,6,12,79,107,80,9,52,17.404,7.595,0.287,0.575,3.783,5.123,3.831,25.9,L,NYR
8485366,Matthew Schaefer,D,D,20252026,NYI,False,82,23,36,222,40,111,38,90,24.683,10.36,0.682,1.067,6.581,1.186,3.291,19.41,L,NYI
8479314,Matthew Tkachuk,L,F,20232024,FLA,False,80,26,62,280,151,28,39,62,18.64,9.286,1.046,2.495,11.266,6.076,1.127,29.14,L,FLA
8479314,Matthew Tkachuk,L,F,20242025,FLA,False,52,22,35,156,84,12,10,47,18.231,14.103,1.392,2.215,9.873,5.316,0.759,29.14,L,FLA
8479314,Matthew Tkachuk,L,F,20252026,FLA,False,31,13,21,88,29,7,8,38,18.303,14.773,1.375,2.221,9.306,3.067,0.74,29.14,L,FLA
8484241,Matthew Wood,R,F,20242025,NSH,False,6,0,1,8,2,2,2,5,11.581,0.0,0.0,0.863,6.908,1.727,1.727,21.99,R,NSH
8484241,Matthew Wood,R,F,20252026,NSH,False,71,17,13,103,53,25,10,41,12.321,16.505,1.166,0.892,7.065,3.635,1.715,21.99,R,NSH
8475218,Mattias Ekholm,D,D,20232024,EDM,False,79,11,34,177,136,93,40,58,21.049,6.215,0.397,1.227,6.387,4.907,3.356,36.69,L,EDM
8475218,Mattias Ekholm,D,D,20242025,EDM,False,65,9,24,143,42,95,35,83,22.196,6.294,0.374,0.998,5.947,1.747,3.951,36.69,L,EDM
8475218,Mattias Ekholm,D,D,20252026,EDM,False,82,6,35,131,65,125,25,101,20.592,4.58,0.213,1.244,4.655,2.31,4.442,36.69,L,EDM
8477406,Mattias Janmark,C,F,20232024,EDM,False,71,4,8,67,55,19,15,17,11.895,5.97,0.284,0.568,4.76,3.907,1.35,34.15,L,EDM
8477406,Mattias Janmark,C,F,20242025,EDM,False,80,2,16,51,45,35,20,47,13.297,3.922,0.113,0.902,2.877,2.538,1.974,34.15,L,EDM
8477406,Mattias Janmark,C,F,20252026,EDM,False,43,1,7,24,10,13,5,14,11.858,4.167,0.118,0.824,2.824,1.177,1.53,34.15,L,EDM
8480807,Mattias Samuelsson,D,D,20232024,BUF,False,41,1,6,44,106,87,8,24,20.5,2.273,0.071,0.428,3.141,7.567,6.211,26.89,L,BUF
8480807,Mattias Samuelsson,D,D,20242025,BUF,False,62,4,10,52,105,93,11,55,19.303,7.692,0.201,0.501,2.607,5.264,4.662,26.89,L,BUF
8480807,Mattias Samuelsson,D,D,20252026,BUF,False,78,13,28,109,132,154,17,80,22.829,11.927,0.438,0.943,3.673,4.448,5.189,26.89,L,BUF
8482665,Matty Beniers,C,F,20232024,SEA,False,77,15,22,133,52,44,45,31,17.963,11.278,0.651,0.954,5.769,2.256,1.909,24.24,L,SEA
8482665,Matty Beniers,C,F,20242025,SEA,False,82,20,23,147,42,77,28,72,18.688,13.605,0.783,0.901,5.756,1.644,3.015,24.24,L,SEA
8482665,Matty Beniers,C,F,20252026,SEA,False,82,20,30,149,31,69,21,82,19.277,13.423,0.759,1.139,5.656,1.177,2.619,24.24,L,SEA
8484860,Matvei Gridin,R,F,20252026,CGY,False,37,6,14,70,11,28,7,42,15.164,8.571,0.642,1.497,7.486,1.176,2.994,20.92,L,CGY
8484387,Matvei Michkov,R,F,20242025,PHI,False,80,26,37,199,29,23,14,82,16.684,13.065,1.169,1.663,8.946,1.304,1.034,22.15,L,PHI
8484387,Matvei Michkov,R,F,20252026,PHI,False,81,20,31,163,33,19,22,87,14.84,12.27,0.998,1.547,8.136,1.647,0.948,22.15,L,PHI
8483472,Maveric Lamoureux,D,D,20242025,UTA,False,15,1,2,17,18,11,3,16,16.124,5.882,0.248,0.496,4.217,4.465,2.729,23.05,R,UTA
8483472,Maveric Lamoureux,D,D,20252026,UTA,False,5,0,1,4,11,9,2,4,14.653,0.0,0.0,0.819,3.276,9.008,7.371,23.05,R,UTA
8482145,Mavrik Bourque,C,F,20232024,DAL,False,1,0,0,2,1,0,0,0,10.933,0.0,0.0,0.0,10.976,5.488,0.0,25.07,R,NSH
8482145,Mavrik Bourque,C,F,20242025,DAL,False,73,11,14,80,46,37,12,39,12.684,13.75,0.713,0.907,5.184,2.981,2.398,25.07,R,NSH
8482145,Mavrik Bourque,C,F,20252026,DAL,False,82,20,21,147,78,21,15,51,15.487,13.605,0.945,0.992,6.945,3.685,0.992,25.07,R,NSH
8481719,Max Crozier,D,D,20232024,TBL,False,13,0,2,13,16,11,6,5,12.935,0.0,0.0,0.714,4.639,5.709,3.925,26.79,R,TBL
8481719,Max Crozier,D,D,20242025,TBL,False,5,0,0,8,11,6,0,6,16.69,0.0,0.0,0.0,5.752,7.909,4.314,26.79,R,TBL
8481719,Max Crozier,D,D,20252026,TBL,False,35,1,9,46,39,31,5,21,16.011,2.174,0.107,0.964,4.925,4.176,3.319,26.79,R,TBL
8477503,Max Domi,C,F,20232024,TOR,False,80,9,38,137,53,22,26,42,13.785,6.569,0.49,2.067,7.454,2.884,1.197,31.92,L,TOR
8477503,Max Domi,C,F,20242025,TOR,False,74,8,25,93,32,30,21,69,14.171,8.602,0.458,1.43,5.321,1.831,1.716,31.92,L,TOR
8477503,Max Domi,C,F,20252026,TOR,False,80,12,24,118,37,35,26,89,14.882,10.169,0.605,1.21,5.947,1.865,1.764,31.92,L,TOR
8479368,Max Jones,L,F,20232024,ANA,False,52,5,10,76,127,14,17,9,12.058,6.579,0.478,0.957,7.273,12.153,1.34,28.96,L,EDM
8479368,Max Jones,L,F,20242025,BOS/EDM,True,26,1,1,17,71,8,1,8,9.381,5.882,0.246,0.246,4.182,17.466,1.968,28.96,L,EDM
8479368,Max Jones,L,F,20252026,EDM,False,21,3,2,22,56,3,5,8,8.346,13.636,1.027,0.685,7.531,19.171,1.027,28.96,L,EDM
8474157,Max Pacioretty,L,F,20232024,WSH,False,47,4,19,95,76,22,14,16,14.434,4.211,0.354,1.68,8.402,6.722,1.946,38.2,L,
8474157,Max Pacioretty,L,F,20242025,TOR,False,37,5,8,70,105,14,5,27,13.498,7.143,0.601,0.961,8.41,12.614,1.682,38.2,L,
8484136,Max Sasson,C,F,20242025,VAN,False,29,3,4,31,18,13,6,12,10.331,9.677,0.601,0.801,6.208,3.605,2.603,26.41,L,VAN
8484136,Max Sasson,C,F,20252026,VAN,False,66,13,6,62,30,36,12,38,11.719,20.968,1.008,0.465,4.81,2.327,2.793,26.41,L,VAN
8485702,Maxim Shabanov,R,F,20252026,NYI,False,44,5,13,56,27,16,11,35,13.683,8.929,0.498,1.296,5.581,2.691,1.595,26.32,L,MIN
8478020,Michael Amadio,R,F,20232024,VGK,False,73,14,13,117,48,34,33,25,13.392,11.966,0.859,0.798,7.181,2.946,2.087,30.72,R,OTT
8478020,Michael Amadio,R,F,20242025,OTT,False,72,11,16,85,108,44,24,36,14.096,12.941,0.65,0.946,5.025,6.385,2.601,30.72,R,OTT
8478020,Michael Amadio,R,F,20252026,OTT,False,81,15,20,96,105,51,33,60,16.12,15.625,0.689,0.919,4.411,4.825,2.344,30.72,R,OTT
8478047,Michael Bunting,L,F,20232024,CAR/PIT,True,81,19,36,168,49,21,38,47,15.686,11.31,0.897,1.7,7.933,2.314,0.992,31.38,L,
8478047,Michael Bunting,L,F,20242025,PIT/NSH,True,76,19,19,155,70,19,13,58,15.53,12.258,0.966,0.966,7.879,3.558,0.966,31.38,L,
8478047,Michael Bunting,L,F,20252026,NSH/DAL,True,74,14,19,126,45,25,12,57,14.441,11.111,0.786,1.067,7.074,2.527,1.404,31.38,L,
8480828,Michael Callahan,D,D,20242025,BOS,False,17,1,0,9,8,12,1,11,14.143,11.111,0.25,0.0,2.246,1.996,2.995,27.36,L,TBL
8480828,Michael Callahan,D,D,20252026,BOS,False,5,0,0,3,3,9,2,3,12.99,0.0,0.0,0.0,2.771,2.771,8.314,27.36,L,TBL
8479619,Michael Carcone,L,F,20232024,ARI,False,74,21,8,111,56,22,11,13,11.271,18.919,1.511,0.576,7.985,4.029,1.583,30.71,L,UTA
8479619,Michael Carcone,L,F,20242025,UTA,False,53,7,12,75,48,11,6,38,11.433,9.333,0.693,1.188,7.426,4.753,1.089,30.71,L,UTA
8479619,Michael Carcone,L,F,20252026,UTA,False,79,16,15,147,147,16,16,52,12.725,10.884,0.955,0.895,8.774,8.774,0.955,30.71,L,UTA
8479591,Michael Eyssimont,C,F,20232024,TBL,False,81,11,14,149,134,31,31,22,11.853,7.383,0.687,0.875,9.312,8.374,1.937,30.4,L,BOS
8479591,Michael Eyssimont,C,F,20242025,TBL/SEA,True,77,9,7,142,110,23,12,33,10.614,6.338,0.661,0.514,10.425,8.076,1.689,30.4,L,BOS
8479591,Michael Eyssimont,C,F,20252026,BOS,False,56,8,10,109,54,21,4,37,10.91,7.339,0.786,0.982,10.704,5.303,2.062,30.4,L,BOS
8480891,Michael Kesselring,D,D,20232024,ARI,False,65,5,16,76,106,59,14,28,15.793,6.579,0.292,0.935,4.442,6.196,3.448,27.05,R,SJS
8480891,Michael Kesselring,D,D,20242025,UTA,False,82,7,22,150,87,67,22,84,17.687,4.667,0.29,0.91,6.205,3.599,2.772,27.05,R,SJS
8480891,Michael Kesselring,D,D,20252026,BUF,False,34,0,2,46,25,38,7,38,13.395,0.0,0.0,0.263,6.06,3.294,5.006,27.05,R,SJS
8477446,Michael McCarron,C,F,20232024,NSH,False,70,12,10,94,142,55,23,17,12.767,12.766,0.806,0.671,6.311,9.534,3.693,31.91,R,MIN
8477446,Michael McCarron,C,F,20242025,NSH,False,74,5,9,80,149,61,15,29,13.758,6.25,0.295,0.53,4.715,8.781,3.595,31.91,R,MIN
8477446,Michael McCarron,C,F,20252026,NSH/MIN,True,79,8,9,109,205,77,24,38,14.031,7.339,0.433,0.487,5.9,11.097,4.168,31.91,R,MIN
8479415,Michael McLeod,C,F,20232024,NJD,False,45,10,9,73,101,22,20,18,15.144,13.699,0.88,0.792,6.427,8.892,1.937,28.99,R,
8485402,Michael Misa,C,F,20252026,SJS,False,45,9,12,58,14,23,8,28,12.811,15.517,0.937,1.249,6.036,1.457,2.394,19.96,L,SJS
8479543,Michael Pezzetta,L,F,20232024,MTL,False,61,3,9,42,242,29,2,17,7.796,7.143,0.379,1.136,5.299,30.533,3.659,28.89,L,TOR
8479543,Michael Pezzetta,L,F,20242025,MTL,False,25,0,0,14,73,7,2,9,5.934,0.0,0.0,0.0,5.662,29.525,2.831,28.89,L,TOR
8479543,Michael Pezzetta,L,F,20252026,TOR,False,9,0,0,2,30,3,0,3,6.472,0.0,0.0,0.0,2.06,30.902,3.09,28.89,L,TOR
8479992,Michael Rasmussen,C,F,20232024,DET,False,75,13,20,101,124,76,18,13,15.191,12.871,0.685,1.053,5.319,6.53,4.002,27.8,L,DET
8479992,Michael Rasmussen,C,F,20242025,DET,False,77,11,10,99,141,59,10,42,13.411,11.111,0.639,0.581,5.752,8.193,3.428,27.8,L,DET
8479992,Michael Rasmussen,C,F,20252026,DET,False,64,6,8,65,64,63,10,28,12.65,9.231,0.445,0.593,4.817,4.743,4.669,27.8,L,DET
8475958,Michael Sgarbossa,C,F,20232024,WSH,False,25,4,3,27,16,3,8,11,10.971,14.815,0.875,0.656,5.906,3.5,0.656,34.52,L,
8475958,Michael Sgarbossa,C,F,20242025,WSH,False,3,1,1,1,1,1,0,0,9.339,100.0,2.142,2.142,2.142,2.142,2.142,34.52,L,
8476459,Mika Zibanejad,C,F,20232024,NYR,False,81,26,46,221,49,55,48,46,19.744,11.765,0.975,1.726,8.291,1.838,2.063,33.79,R,NYR
8476459,Mika Zibanejad,C,F,20242025,NYR,False,82,20,42,183,44,46,29,83,18.762,10.929,0.78,1.638,7.137,1.716,1.794,33.79,R,NYR
8476459,Mika Zibanejad,C,F,20252026,NYR,False,81,34,44,215,105,50,34,112,20.898,15.814,1.205,1.56,7.621,3.722,1.772,33.79,R,NYR
8474150,Mikael Backlund,C,F,20232024,CGY,False,82,15,24,209,70,33,61,56,19.235,7.177,0.571,0.913,7.95,2.663,1.255,37.88,L,CGY
8474150,Mikael Backlund,C,F,20242025,CGY,False,76,15,17,175,41,51,35,68,18.737,8.571,0.632,0.716,7.374,1.728,2.149,37.88,L,CGY
8474150,Mikael Backlund,C,F,20252026,CGY,False,82,17,26,186,23,28,32,86,17.949,9.14,0.693,1.06,7.582,0.938,1.141,37.88,L,CGY
8475798,Mikael Granlund,C,F,20232024,SJS,False,69,12,48,134,62,55,49,21,20.959,8.955,0.498,1.991,5.56,2.572,2.282,34.93,L,ANA
8475798,Mikael Granlund,C,F,20242025,SJS/DAL,True,83,22,44,169,57,60,19,79,19.45,13.018,0.818,1.635,6.281,2.118,2.23,34.93,L,ANA
8475798,Mikael Granlund,C,F,20252026,ANA,False,58,19,22,117,32,41,21,48,19.174,16.239,1.025,1.187,6.312,1.726,2.212,34.93,L,ANA
8482451,Mikael Pyyhtia,L,F,20232024,CBJ,False,17,0,2,22,9,20,3,1,13.154,0.0,0.0,0.537,5.903,2.415,5.366,25.13,L,CBJ
8482451,Mikael Pyyhtia,L,F,20242025,CBJ,False,47,4,3,32,25,39,9,26,12.1,12.5,0.422,0.317,3.376,2.638,4.115,25.13,L,CBJ
8482451,Mikael Pyyhtia,L,F,20252026,CBJ,False,5,1,0,6,1,2,1,1,10.26,16.667,1.17,0.0,7.018,1.17,2.339,25.13,L,CBJ
8474884,Mike Hoffman,C,F,20232024,SJS,False,66,10,13,71,28,27,31,12,13.732,14.085,0.662,0.861,4.7,1.854,1.787,37.19,L,
8476875,Mike Matheson,D,D,20232024,MTL,False,82,11,51,187,61,186,49,76,25.553,5.882,0.315,1.46,5.355,1.747,5.326,32.93,L,MTL
8476875,Mike Matheson,D,D,20242025,MTL,False,80,6,25,149,60,168,43,107,25.081,4.027,0.179,0.748,4.456,1.794,5.024,32.93,L,MTL
8476875,Mike Matheson,D,D,20252026,MTL,False,78,7,30,114,59,150,24,94,24.163,6.14,0.223,0.955,3.629,1.878,4.775,32.93,L,MTL
8476422,Mike Reilly,D,D,20232024,FLA/NYI,True,61,6,18,126,47,60,8,29,17.156,4.762,0.344,1.032,7.224,2.695,3.44,33.56,L,
8476422,Mike Reilly,D,D,20242025,NYI,False,18,0,2,31,3,14,2,16,15.168,0.0,0.0,0.44,6.813,0.659,3.077,33.56,L,
8476422,Mike Reilly,D,D,20252026,CAR,False,42,1,8,63,18,37,7,23,14.965,1.587,0.095,0.764,6.014,1.718,3.532,33.56,L,
8479998,Mikey Anderson,D,D,20232024,LAK,False,74,2,16,89,128,129,14,27,20.631,2.247,0.079,0.629,3.498,5.03,5.07,27.69,L,LAK
8479998,Mikey Anderson,D,D,20242025,LAK,False,77,6,18,84,119,124,22,57,22.69,7.143,0.206,0.618,2.885,4.087,4.258,27.69,L,LAK
8479998,Mikey Anderson,D,D,20252026,LAK,False,80,4,16,61,111,133,14,53,20.57,6.557,0.146,0.583,2.224,4.047,4.849,27.69,L,LAK
8479410,Mikhail Sergachev,D,D,20232024,TBL,False,34,2,17,53,36,69,7,18,22.556,3.774,0.156,1.33,4.147,2.817,5.398,28.61,L,UTA
8479410,Mikhail Sergachev,D,D,20242025,UTA,False,77,15,38,132,61,140,32,126,25.117,11.364,0.465,1.179,4.095,1.892,4.343,28.61,L,UTA
8479410,Mikhail Sergachev,D,D,20252026,UTA,False,78,10,49,159,38,125,32,108,24.296,6.289,0.317,1.551,5.034,1.203,3.958,28.61,L,UTA
8478420,Mikko Rantanen,R,F,20232024,COL,False,80,42,62,271,53,49,43,43,22.906,15.498,1.375,2.03,8.873,1.735,1.604,30.26,L,DAL
8478420,Mikko Rantanen,R,F,20242025,COL/CAR/DAL,True,82,32,56,212,48,44,40,82,21.249,15.094,1.102,1.928,7.3,1.653,1.515,30.26,L,DAL
8478420,Mikko Rantanen,R,F,20252026,DAL,False,64,22,55,139,48,30,24,75,20.176,15.827,1.022,2.556,6.459,2.23,1.394,30.26,L,DAL
8477425,Miles Wood,L,F,20232024,COL,False,74,9,17,167,107,35,41,15,13.684,5.389,0.533,1.007,9.895,6.34,2.074,31.39,L,CBJ
8477425,Miles Wood,L,F,20242025,COL,False,37,4,4,60,48,15,6,26,11.355,6.667,0.571,0.571,8.569,6.855,2.142,31.39,L,CBJ
8477425,Miles Wood,L,F,20252026,CBJ,False,54,8,6,71,63,19,5,34,11.856,11.268,0.75,0.562,6.654,5.904,1.781,31.39,L,CBJ
8480036,Miro Heiskanen,D,D,20232024,DAL,False,71,9,45,162,55,97,33,36,24.54,5.556,0.31,1.55,5.579,1.894,3.34,27.54,L,DAL
8480036,Miro Heiskanen,D,D,20242025,DAL,False,50,5,20,108,17,85,28,67,25.16,4.63,0.238,0.954,5.151,0.811,4.054,27.54,L,DAL
8480036,Miro Heiskanen,D,D,20252026,DAL,False,77,9,54,148,21,132,39,93,25.473,6.081,0.275,1.652,4.527,0.642,4.038,27.54,L,DAL
8478483,Mitch Marner,R,F,20232024,TOR,False,69,26,59,158,59,51,59,60,21.277,16.456,1.063,2.411,6.457,2.411,2.084,29.74,R,VGK
8478483,Mitch Marner,R,F,20242025,TOR,False,81,27,75,173,49,40,56,106,21.315,15.607,0.938,2.606,6.012,1.703,1.39,29.74,R,VGK
8478483,Mitch Marner,R,F,20252026,VGK,False,81,24,56,165,24,46,40,104,19.958,14.545,0.891,2.078,6.124,0.891,1.707,29.74,R,VGK
8482070,Mitchell Chaffee,R,F,20232024,TBL,False,30,4,3,27,88,20,2,3,11.288,14.815,0.709,0.532,4.784,15.592,3.544,29.02,R,NYI
8482070,Mitchell Chaffee,R,F,20242025,TBL,False,66,12,6,68,133,21,10,29,12.035,17.647,0.906,0.453,5.137,10.046,1.586,29.02,R,NYI
8482070,Mitchell Chaffee,R,F,20252026,TBL,False,11,0,1,9,29,5,0,7,9.561,0.0,0.0,0.57,5.134,16.544,2.852,29.02,R,NYI
8478477,Mitchell Stephens,C,F,20232024,MTL,False,23,2,1,16,8,7,3,1,9.051,12.5,0.576,0.288,4.612,2.306,2.018,29.99,R,
8478477,Mitchell Stephens,C,F,20242025,SEA,False,28,1,2,19,25,4,1,8,9.226,5.263,0.232,0.465,4.413,5.807,0.929,29.99,R,
8480289,Morgan Barron,C,F,20232024,WPG,False,80,11,7,94,122,45,26,10,10.497,11.702,0.786,0.5,6.716,8.717,3.215,28.17,L,WPG
8480289,Morgan Barron,C,F,20242025,WPG,False,74,8,7,92,122,38,23,31,10.375,8.696,0.625,0.547,7.19,9.534,2.97,28.17,L,WPG
8480289,Morgan Barron,C,F,20252026,WPG,False,65,11,12,93,132,40,17,33,12.8,11.828,0.793,0.865,6.707,9.519,2.885,28.17,L,WPG
8480028,Morgan Frost,C,F,20232024,PHI,False,71,13,28,135,57,55,24,29,15.827,9.63,0.694,1.495,7.208,3.043,2.937,27.72,L,CGY
8480028,Morgan Frost,C,F,20242025,PHI/CGY,True,81,14,23,144,69,60,35,66,15.755,9.722,0.658,1.081,6.77,3.244,2.821,27.72,L,CGY
8480028,Morgan Frost,C,F,20252026,CGY,False,82,22,21,140,59,39,20,48,15.502,15.714,1.038,0.991,6.608,2.785,1.841,27.72,L,CGY
8479987,Morgan Geekie,C,F,20232024,BOS,False,76,17,22,130,137,50,31,30,15.409,13.077,0.871,1.127,6.66,7.019,2.562,28.54,R,BOS
8479987,Morgan Geekie,C,F,20242025,BOS,False,77,33,24,150,110,29,31,51,16.92,22.0,1.52,1.105,6.908,5.066,1.336,28.54,R,BOS
8479987,Morgan Geekie,C,F,20252026,BOS,False,81,39,29,181,110,34,20,78,17.406,21.547,1.66,1.234,7.703,4.681,1.447,28.54,R,BOS
8476853,Morgan Rielly,D,D,20232024,TOR,False,72,7,51,173,98,137,27,61,23.741,4.046,0.246,1.79,6.072,3.44,4.809,32.9,L,TOR
8476853,Morgan Rielly,D,D,20242025,TOR,False,82,7,34,126,21,131,20,99,21.389,5.556,0.239,1.163,4.31,0.718,4.481,32.9,L,TOR
8476853,Morgan Rielly,D,D,20252026,TOR,False,78,11,25,141,35,114,22,87,21.137,7.801,0.4,0.91,5.131,1.274,4.149,32.9,L,TOR
8481542,Moritz Seider,D,D,20232024,DET,False,82,9,33,135,211,212,41,39,22.36,6.667,0.295,1.08,4.418,6.905,6.937,25.82,R,DET
8481542,Moritz Seider,D,D,20242025,DET,False,82,8,38,162,212,181,30,85,25.072,4.938,0.233,1.109,4.728,6.187,5.282,25.82,R,DET
8481542,Moritz Seider,D,D,20252026,DET,False,82,10,50,187,128,180,29,99,25.666,5.348,0.285,1.425,5.331,3.649,5.132,25.82,R,DET
8484160,Nate Danielson,C,F,20252026,DET,False,28,2,5,31,8,9,8,17,11.053,6.452,0.388,0.969,6.01,1.551,1.745,22.35,R,DET
8477220,Nate Schmidt,D,D,20232024,WPG,False,63,2,12,75,66,76,17,26,16.816,2.667,0.113,0.68,4.248,3.738,4.304,35.55,L,UTA
8477220,Nate Schmidt,D,D,20242025,FLA,False,80,5,14,70,82,71,28,88,16.53,7.143,0.227,0.635,3.176,3.721,3.221,35.55,L,UTA
8477220,Nate Schmidt,D,D,20252026,UTA,False,82,5,17,86,78,95,14,75,19.698,5.814,0.186,0.631,3.195,2.897,3.529,35.55,L,UTA
8479414,Nathan Bastian,R,F,20232024,NJD,False,54,5,7,57,143,27,8,5,10.165,8.772,0.547,0.765,6.231,15.631,2.951,29.16,R,
8479414,Nathan Bastian,R,F,20242025,NJD,False,59,4,6,44,138,27,2,24,10.938,9.091,0.372,0.558,4.091,12.83,2.51,29.16,R,
8479414,Nathan Bastian,R,F,20252026,DAL,False,36,6,1,25,85,7,1,11,8.644,24.0,1.157,0.193,4.82,16.389,1.35,29.16,R,
8477492,Nathan MacKinnon,C,F,20232024,COL,False,82,51,89,405,55,69,42,82,22.814,12.593,1.636,2.854,12.989,1.764,2.213,31.42,R,COL
8477492,Nathan MacKinnon,C,F,20242025,COL,False,79,32,84,320,38,58,27,121,22.782,10.0,1.067,2.8,10.668,1.267,1.934,31.42,R,COL
8477492,Nathan MacKinnon,C,F,20252026,COL,False,80,53,74,350,64,35,25,165,22.262,15.143,1.786,2.493,11.791,2.156,1.179,31.42,R,COL
8477573,Nathan Walker,L,F,20232024,STL,False,45,7,6,43,95,35,10,4,10.81,16.279,0.863,0.74,5.304,11.718,4.317,32.98,L,STL
8477573,Nathan Walker,L,F,20242025,STL,False,73,8,8,72,281,61,10,43,12.106,11.111,0.543,0.543,4.888,19.078,4.141,32.98,L,STL
8477573,Nathan Walker,L,F,20252026,STL,False,46,4,7,38,179,35,3,26,11.99,10.526,0.435,0.762,4.134,19.473,3.808,32.98,L,STL
8475172,Nazem Kadri,C,F,20232024,CGY,False,82,29,46,277,57,24,56,70,18.426,10.469,1.152,1.827,11.0,2.264,0.953,36.32,L,COL
8475172,Nazem Kadri,C,F,20242025,CGY,False,82,35,32,279,55,30,30,60,19.355,12.545,1.323,1.21,10.547,2.079,1.134,36.32,L,COL
8475172,Nazem Kadri,C,F,20252026,CGY/COL,True,77,16,34,213,50,30,20,75,19.034,7.512,0.655,1.392,8.72,2.047,1.228,36.32,L,COL
8480145,Neal Pionk,D,D,20232024,WPG,False,82,5,28,146,221,118,34,55,20.829,3.425,0.176,0.984,5.129,7.764,4.145,31.51,R,WPG
8480145,Neal Pionk,D,D,20242025,WPG,False,69,10,29,123,114,101,30,72,22.06,8.13,0.394,1.143,4.848,4.494,3.981,31.51,R,WPG
8480145,Neal Pionk,D,D,20252026,WPG,False,51,3,9,97,111,75,15,56,22.71,3.093,0.155,0.466,5.025,5.75,3.885,31.51,R,WPG
8475343,Nic Dowd,C,F,20232024,WSH,False,64,12,10,61,118,72,46,30,15.203,19.672,0.74,0.617,3.762,7.277,4.44,36.69,R,VGK
8475343,Nic Dowd,C,F,20242025,WSH,False,82,14,13,86,128,82,32,51,15.176,16.279,0.675,0.627,4.146,6.171,3.954,36.69,R,VGK
8475343,Nic Dowd,C,F,20252026,WSH/VGK,True,75,5,16,66,140,50,19,43,14.542,7.576,0.275,0.88,3.631,7.702,2.751,36.69,R,VGK
8475760,Nick Bjugstad,C,F,20232024,ARI,False,76,22,23,165,118,48,32,34,17.445,13.333,0.996,1.041,7.467,5.34,2.172,34.54,R,NJD
8475760,Nick Bjugstad,C,F,20242025,UTA,False,66,8,11,115,104,29,12,39,12.316,6.957,0.591,0.812,8.489,7.677,2.141,34.54,R,NJD
8475760,Nick Bjugstad,C,F,20252026,STL/NJD,True,61,6,3,77,108,33,10,23,10.937,7.792,0.54,0.27,6.925,9.713,2.968,34.54,R,NJD
8483565,Nick Blankenburg,D,D,20232024,CBJ,False,12,1,0,10,21,15,5,3,16.215,10.0,0.308,0.0,3.084,6.475,4.625,28.73,R,
8483565,Nick Blankenburg,D,D,20242025,NSH,False,60,4,12,84,53,74,21,50,19.552,4.762,0.205,0.614,4.296,2.711,3.785,28.73,R,
8483565,Nick Blankenburg,D,D,20252026,NSH/COL,True,61,8,16,72,55,59,17,55,16.797,11.111,0.468,0.937,4.216,3.221,3.455,28.73,R,
8474009,Nick Bonino,C,F,20232024,NYR,False,45,1,4,31,10,78,12,5,12.254,3.226,0.109,0.435,3.373,1.088,8.487,38.79,L,
8476393,Nick Cousins,C,F,20232024,FLA,False,69,7,8,111,130,33,31,23,12.186,6.306,0.5,0.571,7.921,9.277,2.355,33.54,L,OTT
8476393,Nick Cousins,C,F,20242025,OTT,False,50,6,9,68,85,26,5,23,11.903,8.824,0.605,0.907,6.855,8.569,2.621,33.54,L,OTT
8476393,Nick Cousins,C,F,20252026,OTT,False,81,9,14,79,169,41,17,47,11.423,11.392,0.584,0.908,5.123,10.959,2.659,33.54,L,OTT
8480084,Nick DeSimone,D,D,20232024,CGY/NJD,True,34,2,5,28,29,42,3,13,13.481,7.143,0.262,0.655,3.665,3.796,5.498,32.2,R,UTA
8480084,Nick DeSimone,D,D,20242025,UTA,False,20,1,5,24,14,14,5,25,15.583,4.167,0.193,0.963,4.62,2.695,2.695,32.2,R,UTA
8480084,Nick DeSimone,D,D,20252026,UTA,False,40,2,6,35,19,31,5,32,14.213,5.714,0.211,0.633,3.694,2.005,3.272,32.2,R,UTA
8473422,Nick Foligno,L,F,20232024,CHI,False,74,17,20,146,192,39,47,26,17.765,11.644,0.776,0.913,6.664,8.763,1.78,39.26,L,MIN
8473422,Nick Foligno,L,F,20242025,CHI,False,78,15,20,104,200,34,16,50,15.925,14.423,0.725,0.966,5.024,9.661,1.642,39.26,L,MIN
8473422,Nick Foligno,L,F,20252026,CHI/MIN,True,54,4,11,49,128,33,7,30,12.65,8.163,0.351,0.966,4.304,11.243,2.899,39.26,L,MIN
8475324,Nick Jensen,D,D,20232024,WSH,False,78,1,13,71,62,123,22,55,19.629,1.408,0.039,0.509,2.782,2.43,4.82,36.36,R,ANA
8475324,Nick Jensen,D,D,20242025,OTT,False,71,3,18,77,55,95,19,81,20.22,3.896,0.125,0.752,3.218,2.299,3.97,36.36,R,ANA
8475324,Nick Jensen,D,D,20252026,OTT,False,61,4,13,36,38,65,11,51,17.009,11.111,0.231,0.752,2.082,2.197,3.759,36.36,R,ANA
8484185,Nick Lardis,L,F,20252026,CHI,False,41,10,5,57,57,12,5,19,12.671,17.544,1.155,0.577,6.583,6.583,1.386,21.57,L,CHI
8475181,Nick Leddy,D,D,20232024,STL,False,82,3,25,82,51,127,32,38,22.362,3.659,0.098,0.818,2.683,1.669,4.156,35.87,L,
8475181,Nick Leddy,D,D,20242025,STL,False,31,2,3,21,5,26,11,43,18.67,9.524,0.207,0.311,2.177,0.518,2.695,35.87,L,
8475181,Nick Leddy,D,D,20252026,SJS,False,32,1,6,16,7,40,5,21,17.87,6.25,0.105,0.63,1.679,0.734,4.197,35.87,L,
8477426,Nick Paul,L,F,20232024,TBL,False,82,24,22,153,104,42,36,25,17.26,15.686,1.017,0.933,6.486,4.409,1.781,31.87,L,TOR
8477426,Nick Paul,L,F,20242025,TBL,False,76,22,19,141,66,31,19,48,16.443,15.603,1.056,0.912,6.77,3.169,1.488,31.87,L,TOR
8477426,Nick Paul,L,F,20252026,TBL,False,51,7,8,68,75,22,9,31,13.681,10.294,0.602,0.688,5.848,6.449,1.892,31.87,L,TOR
8480246,Nick Perbix,D,D,20232024,TBL,False,77,2,22,57,80,114,29,26,17.082,3.509,0.091,1.004,2.6,3.649,5.2,28.63,R,NSH
8480246,Nick Perbix,D,D,20242025,TBL,False,74,6,13,66,50,66,21,62,14.685,9.091,0.331,0.718,3.644,2.761,3.644,28.63,R,NSH
8480246,Nick Perbix,D,D,20252026,NSH,False,79,3,10,79,31,95,23,96,19.112,3.797,0.119,0.397,3.139,1.232,3.775,28.63,R,NSH
8481582,Nick Robertson,L,F,20232024,TOR,False,56,14,13,96,34,24,28,18,11.376,14.583,1.319,1.224,9.042,3.202,2.26,25.39,L,PIT
8481582,Nick Robertson,L,F,20242025,TOR,False,69,15,7,112,79,33,17,26,12.003,13.393,1.087,0.507,8.114,5.723,2.391,25.39,L,PIT
8481582,Nick Robertson,L,F,20252026,TOR,False,78,16,16,127,75,36,23,67,12.66,12.598,0.972,0.972,7.717,4.557,2.187,25.39,L,PIT
8477951,Nick Schmaltz,C,F,20232024,ARI,False,79,22,39,158,16,41,66,53,19.178,13.924,0.871,1.544,6.257,0.634,1.624,30.94,R,UTA
8477951,Nick Schmaltz,C,F,20242025,UTA,False,82,20,43,186,14,45,31,93,18.588,10.753,0.787,1.693,7.322,0.551,1.771,30.94,R,UTA
8477951,Nick Schmaltz,C,F,20252026,UTA,False,82,33,41,206,23,52,45,94,19.723,16.019,1.224,1.521,7.642,0.853,1.929,30.94,R,UTA
8476372,Nick Seeler,D,D,20232024,PHI,False,71,1,12,100,132,205,10,30,16.948,1.0,0.05,0.598,4.986,6.582,10.222,33.67,L,PHI
8476372,Nick Seeler,D,D,20242025,PHI,False,77,3,17,82,125,200,23,85,17.28,3.659,0.135,0.767,3.698,5.637,9.019,33.67,L,PHI
8476372,Nick Seeler,D,D,20252026,PHI,False,80,4,6,94,126,149,13,58,17.686,4.255,0.17,0.254,3.986,5.343,6.319,33.67,L,PHI
8480018,Nick Suzuki,C,F,20232024,MTL,False,82,33,44,185,69,48,41,63,21.264,17.838,1.136,1.514,6.366,2.374,1.652,27.48,R,MTL
8480018,Nick Suzuki,C,F,20242025,MTL,False,82,30,59,172,63,71,31,86,20.061,17.442,1.094,2.152,6.274,2.298,2.59,27.48,R,MTL
8480018,Nick Suzuki,C,F,20252026,MTL,False,82,29,72,183,62,62,29,72,20.821,15.847,1.019,2.53,6.431,2.179,2.179,27.48,R,MTL
8480002,Nico Hischier,C,F,20232024,NJD,False,71,27,40,182,44,42,55,28,19.482,14.835,1.171,1.735,7.895,1.909,1.822,28.08,L,NJD
8480002,Nico Hischier,C,F,20242025,NJD,False,75,35,34,187,44,60,24,53,20.388,18.717,1.373,1.334,7.338,1.727,2.354,28.08,L,NJD
8480002,Nico Hischier,C,F,20252026,NJD,False,82,28,38,211,58,62,27,72,20.717,13.27,0.989,1.342,7.452,2.049,2.19,28.08,L,NJD
8481477,Nico Sturm,C,F,20232024,SJS,False,63,5,8,69,75,39,21,18,14.659,7.246,0.325,0.52,4.483,4.873,2.534,31.75,L,MIN
8481477,Nico Sturm,C,F,20242025,SJS/FLA,True,62,7,7,59,107,34,7,20,10.413,11.864,0.651,0.651,5.483,9.944,3.16,31.75,L,MIN
8481477,Nico Sturm,C,F,20252026,MIN,False,49,5,6,37,55,19,10,20,10.942,13.514,0.56,0.671,4.141,6.155,2.126,31.75,L,MIN
8477979,Nicolas Aube-Kubel,R,F,20232024,WSH,False,60,6,10,58,159,26,32,19,12.208,10.345,0.491,0.819,4.751,13.024,2.13,30.73,R,
8477979,Nicolas Aube-Kubel,R,F,20242025,BUF/NYR,True,22,1,1,18,40,3,9,12,9.421,5.556,0.289,0.289,5.211,11.58,0.868,30.73,R,
8477979,Nicolas Aube-Kubel,R,F,20252026,MIN,False,6,0,2,5,7,5,2,1,11.617,0.0,0.0,1.722,4.304,6.026,4.304,30.73,R,
8475235,Nicolas Deslauriers,L,F,20232024,PHI,False,60,1,3,49,188,21,14,5,8.149,2.041,0.123,0.368,6.013,23.07,2.577,35.94,L,CAR
8475235,Nicolas Deslauriers,L,F,20242025,PHI,False,31,2,1,25,85,9,1,9,7.635,8.0,0.507,0.254,6.338,21.548,2.282,35.94,L,CAR
8475235,Nicolas Deslauriers,L,F,20252026,PHI/CAR,True,31,0,2,18,121,8,3,10,8.547,0.0,0.0,0.453,4.076,27.401,1.812,35.94,L,CAR
8479980,Nicolas Hague,D,D,20232024,VGK,False,73,2,10,105,153,111,13,23,18.553,1.905,0.089,0.443,4.652,6.778,4.917,28.16,L,NSH
8479980,Nicolas Hague,D,D,20242025,VGK,False,68,5,7,74,82,74,18,56,16.996,6.757,0.26,0.363,3.842,4.257,3.842,28.16,L,NSH
8479980,Nicolas Hague,D,D,20252026,NSH,False,62,3,12,56,76,54,15,45,19.63,5.357,0.148,0.592,2.761,3.747,2.662,28.16,L,NSH
8478462,Nicolas Roy,C,F,20232024,VGK,False,70,13,28,112,77,35,41,26,15.453,11.607,0.721,1.553,6.212,4.271,1.941,29.99,R,COL
8478462,Nicolas Roy,C,F,20242025,VGK,False,71,15,16,107,72,47,20,58,15.218,14.019,0.833,0.888,5.942,3.998,2.61,29.99,R,COL
8478462,Nicolas Roy,C,F,20252026,TOR/COL,True,74,8,17,76,71,40,21,62,14.459,10.526,0.449,0.953,4.262,3.981,2.243,29.99,R,COL
8481543,Nikita Alexandrov,C,F,20232024,STL,False,23,0,2,15,29,7,5,5,8.526,0.0,0.0,0.612,4.59,8.873,2.142,26.38,L,
8483733,Nikita Grebenkin,R,F,20242025,TOR,False,7,0,0,2,13,1,1,1,8.748,0.0,0.0,0.0,1.96,12.738,0.98,23.75,L,PHI
8483733,Nikita Grebenkin,R,F,20252026,PHI,False,55,4,10,32,86,17,13,35,11.287,12.5,0.387,0.967,3.093,8.312,1.643,23.75,L,PHI
8476453,Nikita Kucherov,R,F,20232024,TBL,False,81,44,100,306,45,35,62,96,21.669,14.379,1.504,3.418,10.46,1.538,1.196,33.63,L,TBL
8476453,Nikita Kucherov,R,F,20242025,TBL,False,78,37,84,265,23,33,30,122,21.19,13.962,1.343,3.049,9.62,0.835,1.198,33.63,L,TBL
8476453,Nikita Kucherov,R,F,20252026,TBL,False,76,44,86,231,36,29,21,124,20.335,19.048,1.708,3.339,8.968,1.398,1.126,33.63,L,TBL
8481754,Nikita Nesterenko,C,F,20232024,ANA,False,3,1,0,7,7,0,0,1,11.522,14.286,1.736,0.0,12.151,12.151,0.0,25.39,L,ANA
8481754,Nikita Nesterenko,C,F,20242025,ANA,False,20,4,2,20,46,7,2,7,10.317,20.0,1.163,0.582,5.816,13.376,2.035,25.39,L,ANA
8481754,Nikita Nesterenko,C,F,20252026,ANA,False,29,1,8,31,53,8,1,14,12.257,3.226,0.169,1.35,5.233,8.946,1.35,25.39,L,ANA
8481537,Nikita Okhotiuk,D,D,20232024,SJS/CGY,True,52,1,8,52,147,80,13,31,15.912,1.923,0.073,0.58,3.771,10.66,5.801,26.16,L,CGY
8477507,Nikita Zadorov,D,D,20232024,CGY/VAN,True,75,6,14,90,177,68,17,32,17.441,6.667,0.275,0.642,4.128,8.119,3.119,31.8,L,BOS
8477507,Nikita Zadorov,D,D,20242025,BOS,False,81,4,18,105,219,107,25,104,20.611,3.81,0.144,0.647,3.774,7.871,3.845,31.8,L,BOS
8477507,Nikita Zadorov,D,D,20252026,BOS,False,81,2,20,107,196,102,33,94,20.881,1.869,0.071,0.709,3.796,6.953,3.618,31.8,L,BOS
8479458,Nikita Zaitsev,D,D,20232024,CHI,False,38,2,5,31,69,70,10,16,15.931,6.452,0.198,0.496,3.072,6.839,6.938,35.26,R,
8478859,Niko Mikkola,D,D,20232024,FLA,False,82,3,14,93,198,124,10,37,20.037,3.226,0.11,0.511,3.396,7.231,4.528,30.77,L,FLA
8478859,Niko Mikkola,D,D,20242025,FLA,False,76,6,16,116,137,88,15,99,20.194,5.172,0.235,0.626,4.535,5.356,3.44,30.77,L,FLA
8478859,Niko Mikkola,D,D,20252026,FLA,False,68,3,8,68,116,81,16,73,20.356,4.412,0.13,0.347,2.948,5.028,3.511,30.77,L,FLA
8481042,Nikolai Kovalenko,R,F,20242025,COL/SJS,True,57,7,13,45,84,24,16,40,12.34,15.556,0.597,1.109,3.839,7.165,2.047,27.29,L,
8477940,Nikolaj Ehlers,L,F,20232024,WPG,False,82,25,36,233,30,39,37,45,15.874,10.73,1.152,1.659,10.74,1.383,1.798,30.97,L,CAR
8477940,Nikolaj Ehlers,L,F,20242025,WPG,False,69,24,39,174,38,33,16,52,15.795,13.793,1.321,2.147,9.579,2.092,1.817,30.97,L,CAR
8477940,Nikolaj Ehlers,L,F,20252026,CAR,False,82,26,45,207,21,24,24,87,16.596,12.56,1.146,1.984,9.127,0.926,1.058,30.97,L,CAR
8484321,Nikolas Matinpalo,D,D,20232024,OTT,False,4,0,0,2,4,2,0,1,7.004,0.0,0.0,0.0,4.283,8.567,4.283,28.33,R,OTT
8484321,Nikolas Matinpalo,D,D,20242025,OTT,False,41,1,3,43,25,29,8,31,12.61,2.326,0.116,0.348,4.99,2.901,3.366,28.33,R,OTT
8484321,Nikolas Matinpalo,D,D,20252026,OTT,False,50,0,5,37,49,55,11,38,15.627,0.0,0.0,0.384,2.841,3.763,4.223,28.33,R,OTT
8482496,Nils Aman,C,F,20232024,VAN,False,43,3,4,28,31,22,7,4,10.334,10.714,0.405,0.54,3.781,4.186,2.971,26.98,L,
8482496,Nils Aman,C,F,20242025,VAN,False,19,1,5,8,22,2,3,3,10.484,12.5,0.301,1.506,2.41,6.627,0.602,26.98,L,
8482496,Nils Aman,C,F,20252026,VAN,False,2,0,0,1,2,1,0,1,8.658,0.0,0.0,0.0,3.465,6.93,3.465,26.98,L,
8481535,Nils Hoglander,L,F,20232024,VAN,False,80,24,12,120,100,19,29,14,12.106,20.0,1.487,0.743,7.434,6.195,1.177,26.12,L,NSH
8481535,Nils Hoglander,L,F,20242025,VAN,False,72,8,17,83,76,23,13,36,12.13,9.639,0.55,1.168,5.702,5.221,1.58,26.12,L,NSH
8481535,Nils Hoglander,L,F,20252026,VAN,False,38,2,3,35,52,8,5,26,11.522,5.714,0.274,0.411,4.796,7.126,1.096,26.12,L,NSH
8480878,Nils Lundkvist,D,D,20232024,DAL,False,59,2,17,73,44,38,4,20,14.106,2.74,0.144,1.226,5.263,3.172,2.74,26.52,R,DAL
8480878,Nils Lundkvist,D,D,20242025,DAL,False,39,0,5,52,23,34,6,31,15.011,0.0,0.0,0.512,5.329,2.357,3.485,26.52,R,DAL
8480878,Nils Lundkvist,D,D,20252026,DAL,False,52,3,8,46,26,48,8,49,16.481,6.522,0.21,0.56,3.22,1.82,3.361,26.52,R,DAL
8475799,Nino Niederreiter,R,F,20232024,WPG,False,77,18,16,170,115,42,21,17,14.965,10.588,0.937,0.833,8.852,5.988,2.187,34.4,L,WPG
8475799,Nino Niederreiter,R,F,20242025,WPG,False,82,17,20,150,152,39,17,60,14.852,11.333,0.838,0.985,7.39,7.489,1.921,34.4,L,WPG
8475799,Nino Niederreiter,R,F,20252026,WPG,False,61,8,11,84,70,20,9,41,13.769,9.524,0.571,0.786,6.001,5.001,1.429,34.4,L,WPG
8480220,Noah Cates,L,F,20232024,PHI,False,59,6,12,78,52,35,33,5,13.797,7.692,0.442,0.884,5.749,3.833,2.58,27.99,L,PHI
8480220,Noah Cates,L,F,20242025,PHI,False,78,16,21,110,87,54,21,32,15.877,14.545,0.775,1.017,5.329,4.215,2.616,27.99,L,PHI
8480220,Noah Cates,L,F,20252026,PHI,False,82,18,29,132,102,51,26,38,16.243,13.636,0.811,1.306,5.946,4.595,2.297,27.99,L,PHI
8480865,Noah Dobson,D,D,20232024,NYI,False,79,10,60,174,84,180,32,62,24.509,5.747,0.31,1.859,5.392,2.603,5.578,27.07,R,MTL
8480865,Noah Dobson,D,D,20242025,NYI,False,71,10,29,196,57,126,36,108,23.272,5.102,0.363,1.053,7.117,2.07,4.575,27.07,R,MTL
8480865,Noah Dobson,D,D,20252026,MTL,False,80,12,35,158,62,188,36,95,22.484,7.595,0.4,1.167,5.27,2.068,6.271,27.07,R,MTL
8479393,Noah Gregor,L,F,20232024,TOR,False,63,6,6,110,147,26,16,13,11.399,5.455,0.501,0.501,9.19,12.282,2.172,28.52,L,WPG
8479393,Noah Gregor,L,F,20242025,OTT/SJS,True,52,4,3,60,94,33,7,17,11.106,6.667,0.416,0.312,6.234,9.766,3.429,28.52,L,WPG
8479393,Noah Gregor,L,F,20252026,FLA,False,37,4,5,41,37,11,5,11,9.56,9.756,0.679,0.848,6.955,6.276,1.866,28.52,L,WPG
8478396,Noah Hanifin,D,D,20232024,CGY/VGK,True,80,13,34,164,63,121,59,67,23.614,7.927,0.413,1.08,5.209,2.001,3.843,30.02,L,VGK
8478396,Noah Hanifin,D,D,20242025,VGK,False,80,10,29,145,43,106,32,112,21.553,6.897,0.348,1.009,5.046,1.496,3.689,30.02,L,VGK
8478396,Noah Hanifin,D,D,20252026,VGK,False,71,3,25,135,36,116,36,98,22.601,2.222,0.112,0.935,5.048,1.346,4.337,30.02,L,VGK
8478454,Noah Juulsen,D,D,20232024,VAN,False,54,1,6,30,163,85,8,17,14.894,3.333,0.075,0.448,2.238,12.16,6.341,29.83,R,COL
8478454,Noah Juulsen,D,D,20242025,VAN,False,35,0,0,26,101,60,12,40,16.29,0.0,0.0,0.0,2.736,10.629,6.314,29.83,R,COL
8478454,Noah Juulsen,D,D,20252026,PHI,False,52,1,9,26,104,45,10,53,13.816,3.846,0.084,0.752,2.171,8.686,3.758,29.83,R,COL
8483690,Noah Laba,C,F,20252026,NYR,False,74,9,15,73,110,43,12,39,13.471,12.329,0.542,0.903,4.394,6.621,2.588,23.5,R,NYR
8483500,Noah Ostlund,C,F,20242025,BUF,False,8,0,0,4,1,3,2,4,10.542,0.0,0.0,0.0,2.846,0.711,2.134,22.89,L,BUF
8483500,Noah Ostlund,C,F,20252026,BUF,False,60,11,16,60,5,30,17,35,13.969,18.333,0.787,1.145,4.295,0.358,2.148,22.89,L,BUF
8481491,Noah Philp,C,F,20242025,EDM,False,15,0,2,17,15,7,1,8,9.076,0.0,0.0,0.881,7.492,6.611,3.085,28.42,R,
8481491,Noah Philp,C,F,20252026,EDM/CAR,True,17,2,1,14,30,2,5,7,9.943,14.286,0.71,0.355,4.97,10.649,0.71,28.42,R,
8478569,Noel Acciari,C,F,20232024,PIT,False,55,4,3,59,124,85,26,8,12.971,6.78,0.336,0.252,4.962,10.429,7.149,35.17,R,PHI
8478569,Noel Acciari,C,F,20242025,PIT,False,79,5,7,75,180,100,14,33,13.759,6.667,0.276,0.386,4.14,9.936,5.52,35.17,R,PHI
8478569,Noel Acciari,C,F,20252026,PIT,False,67,13,12,93,65,62,12,22,13.708,13.978,0.849,0.784,6.076,4.246,4.05,35.17,R,PHI
8482700,Nolan Allan,D,D,20242025,CHI,False,43,1,7,17,61,48,8,22,15.128,5.882,0.092,0.646,1.568,5.626,4.427,23.77,L,SJS
8481518,Nolan Foote,L,F,20232024,NJD,False,4,1,0,6,3,2,0,0,10.1,16.667,1.485,0.0,8.911,4.455,2.97,26.17,L,PHI
8481518,Nolan Foote,L,F,20242025,NJD,False,7,0,1,5,11,1,1,2,9.824,0.0,0.0,0.872,4.362,9.597,0.872,26.17,L,PHI
8481518,Nolan Foote,L,F,20252026,FLA,False,12,1,0,13,27,4,2,2,10.793,7.692,0.463,0.0,6.022,12.508,1.853,26.17,L,PHI
8482803,Olen Zellweger,D,D,20232024,ANA,False,26,2,7,34,14,38,7,18,19.285,5.882,0.239,0.838,4.069,1.675,4.547,23.4,L,BUF
8482803,Olen Zellweger,D,D,20242025,ANA,False,62,7,13,130,37,72,21,61,18.958,5.385,0.357,0.664,6.636,1.889,3.675,23.4,L,BUF
8482803,Olen Zellweger,D,D,20252026,ANA,False,76,7,15,119,33,85,19,64,16.976,5.882,0.326,0.698,5.534,1.535,3.953,23.4,L,BUF
8477416,Oliver Bjorkstrand,R,F,20232024,SEA,False,82,20,39,186,67,29,63,24,16.183,10.753,0.904,1.763,8.41,3.029,1.311,31.81,R,NYR
8477416,Oliver Bjorkstrand,R,F,20242025,SEA/TBL,True,79,21,25,154,74,26,26,65,15.148,13.636,1.053,1.253,7.721,3.71,1.304,31.81,R,NYR
8477416,Oliver Bjorkstrand,R,F,20252026,TBL,False,80,12,20,130,85,39,14,38,13.636,9.231,0.66,1.1,7.15,4.675,2.145,31.81,R,NYR
8475171,Oliver Ekman-Larsson,D,D,20232024,FLA,False,80,9,23,123,105,70,15,35,18.394,7.317,0.367,0.938,5.015,4.281,2.854,35.55,L,TOR
8475171,Oliver Ekman-Larsson,D,D,20242025,TOR,False,77,4,25,118,108,83,28,95,21.069,3.39,0.148,0.925,4.364,3.994,3.07,35.55,L,TOR
8475171,Oliver Ekman-Larsson,D,D,20252026,TOR,False,78,8,31,108,86,72,16,109,20.596,7.407,0.299,1.158,4.034,3.212,2.689,35.55,L,TOR
8482775,Oliver Kapanen,C,F,20242025,MTL,False,18,0,2,16,1,8,1,8,10.89,0.0,0.0,0.612,4.897,0.306,2.449,23.51,R,MTL
8482775,Oliver Kapanen,C,F,20252026,MTL,False,82,22,15,131,32,68,14,38,14.475,16.794,1.112,0.758,6.622,1.618,3.437,23.51,R,MTL
8478430,Oliver Kylington,D,D,20232024,CGY,False,33,3,5,42,24,51,13,23,17.248,7.143,0.316,0.527,4.427,2.53,5.376,29.71,L,
8478430,Oliver Kylington,D,D,20242025,COL/ANA,True,19,1,4,6,3,18,5,15,12.295,16.667,0.257,1.027,1.541,0.771,4.623,29.71,L,
8484197,Oliver Moore,C,F,20242025,CHI,False,9,0,4,10,6,2,1,11,13.578,0.0,0.0,1.964,4.91,2.946,0.982,22.03,L,CHI
8484197,Oliver Moore,C,F,20252026,CHI,False,51,5,14,57,25,13,15,41,12.842,8.772,0.458,1.283,5.222,2.29,1.191,22.03,L,CHI
8480789,Oliver Wahlstrom,R,F,20232024,NYI,False,32,2,4,41,35,22,10,10,11.07,4.878,0.339,0.678,6.944,5.928,3.726,26.64,R,
8480789,Oliver Wahlstrom,R,F,20242025,NYI/BOS,True,43,3,3,54,34,30,5,11,10.226,5.556,0.409,0.409,7.368,4.639,4.094,26.64,R,
8480245,Olle Lycksell,R,F,20232024,PHI,False,18,1,4,29,4,4,1,3,9.946,3.448,0.335,1.341,9.719,1.341,1.341,27.44,L,
8480245,Olle Lycksell,R,F,20242025,PHI,False,19,0,5,10,9,5,4,17,11.891,0.0,0.0,1.328,2.656,2.39,1.328,27.44,L,
8480245,Olle Lycksell,R,F,20252026,OTT,False,7,1,1,7,4,4,1,1,9.876,14.286,0.868,0.868,6.075,3.472,3.472,27.44,L,
8476874,Olli Maatta,D,D,20232024,DET,False,72,4,14,48,53,96,15,37,16.054,8.333,0.208,0.727,2.492,2.751,4.983,32.45,L,MIN
8476874,Olli Maatta,D,D,20242025,DET/UTA,True,77,2,16,73,25,124,26,104,19.555,2.74,0.08,0.638,2.909,0.996,4.941,32.45,L,MIN
8476874,Olli Maatta,D,D,20252026,UTA/CGY,True,43,2,13,34,3,62,13,50,17.214,5.882,0.162,1.054,2.756,0.243,5.026,32.45,L,MIN
8476292,Ondrej Palat,L,F,20232024,NJD,False,71,11,20,108,92,49,23,26,15.649,10.185,0.594,1.08,5.832,4.968,2.646,35.85,L,NYI
8476292,Ondrej Palat,L,F,20242025,NJD,False,77,15,13,96,124,58,24,56,13.754,15.625,0.85,0.737,5.439,7.025,3.286,35.85,L,NYI
8476292,Ondrej Palat,L,F,20252026,NJD/NYI,True,80,5,10,83,133,67,12,41,12.82,6.024,0.293,0.585,4.856,7.781,3.92,35.85,L,NYI
8480840,Oskar Bäck,C,F,20242025,DAL,False,73,4,12,44,28,35,12,54,11.704,9.091,0.281,0.843,3.09,1.966,2.458,26.89,L,DAL
8480840,Oskar Bäck,C,F,20252026,DAL,False,72,5,7,42,29,37,15,38,12.359,11.905,0.337,0.472,2.832,1.955,2.495,26.89,L,DAL
8479546,Oskar Steen,C,F,20232024,BOS,False,34,1,0,24,79,19,3,1,9.07,4.167,0.195,0.0,4.67,15.371,3.697,28.9,R,
8476897,Oskar Sundqvist,C,F,20232024,STL,False,71,6,15,68,82,49,26,13,13.25,8.824,0.383,0.957,4.337,5.23,3.125,32.86,R,STL
8476897,Oskar Sundqvist,C,F,20242025,STL,False,67,6,14,60,78,53,19,41,13.208,10.0,0.407,0.949,4.068,5.289,3.593,32.86,R,STL
8476897,Oskar Sundqvist,C,F,20252026,STL,False,52,5,12,37,69,26,12,23,12.966,13.514,0.445,1.068,3.293,6.14,2.314,32.86,R,STL
8484230,Otto Stenberg,C,F,20252026,STL,False,32,3,7,31,49,15,5,15,13.619,9.677,0.413,0.964,4.268,6.746,2.065,21.68,L,STL
8483424,Owen Beck,C,F,20242025,MTL,False,12,0,1,10,23,8,1,11,9.983,0.0,0.0,0.501,5.009,11.52,4.007,23.0,R,MTL
8483424,Owen Beck,C,F,20252026,MTL,False,15,1,0,11,24,8,2,10,9.189,9.091,0.435,0.0,4.788,10.447,3.482,23.0,R,MTL
8483503,Owen Pickering,D,D,20242025,PIT,False,25,1,2,15,13,19,5,11,14.815,6.667,0.162,0.324,2.43,2.106,3.078,23.01,L,PIT
8483503,Owen Pickering,D,D,20252026,PIT,False,4,0,0,1,1,2,1,4,12.096,0.0,0.0,0.0,1.24,1.24,2.48,23.01,L,PIT
8482671,Owen Power,D,D,20232024,BUF,False,76,6,27,108,45,115,20,36,22.92,5.556,0.207,0.93,3.72,1.55,3.961,24.19,L,BUF
8482671,Owen Power,D,D,20242025,BUF,False,79,7,33,139,26,109,26,73,21.312,5.036,0.249,1.176,4.954,0.927,3.884,24.19,L,BUF
8482671,Owen Power,D,D,20252026,BUF,False,81,8,21,120,29,95,22,79,21.653,6.667,0.274,0.718,4.105,0.992,3.25,24.19,L,BUF
8480015,Owen Tippett,R,F,20232024,PHI,False,78,28,25,289,148,47,33,25,16.586,9.689,1.299,1.159,13.403,6.864,2.18,27.96,R,PHI
8480015,Owen Tippett,R,F,20242025,PHI,False,77,20,23,188,115,63,32,58,15.992,10.638,0.975,1.121,9.16,5.603,3.07,27.96,R,PHI
8480015,Owen Tippett,R,F,20252026,PHI,False,81,28,23,220,166,50,28,89,16.843,12.727,1.231,1.012,9.675,7.301,2.199,27.96,R,PHI
8482103,Ozzy Wiesblatt,C,F,20242025,NSH,False,5,0,1,4,13,3,0,1,11.1,0.0,0.0,1.081,4.324,14.054,3.243,24.9,R,NSH
8482103,Ozzy Wiesblatt,C,F,20252026,NSH,False,40,1,4,25,100,18,7,15,10.182,4.0,0.147,0.589,3.683,14.732,2.652,24.9,R,NSH
8480448,Parker Kelly,C,F,20232024,OTT,False,80,8,10,86,171,67,34,20,11.707,9.302,0.513,0.641,5.51,10.955,4.292,27.72,L,COL
8480448,Parker Kelly,C,F,20242025,COL,False,80,8,11,99,161,72,17,41,12.744,8.081,0.471,0.647,5.826,9.475,4.237,27.72,L,COL
8480448,Parker Kelly,C,F,20252026,COL,False,82,21,14,104,177,58,15,48,12.703,20.192,1.21,0.806,5.991,10.195,3.341,27.72,L,COL
8478450,Parker Wotherspoon,D,D,20232024,BOS,False,41,0,8,32,84,67,12,23,17.722,0.0,0.0,0.661,2.642,6.936,5.533,29.44,L,VGK
8478450,Parker Wotherspoon,D,D,20242025,BOS,False,55,1,6,44,75,66,15,68,18.029,2.273,0.061,0.363,2.662,4.538,3.994,29.44,L,VGK
8478450,Parker Wotherspoon,D,D,20252026,PIT,False,80,3,27,70,162,112,26,118,20.172,4.286,0.112,1.004,2.603,6.023,4.164,29.44,L,VGK
8477887,Patrick Brown,C,F,20232024,BOS,False,11,0,1,7,25,3,0,1,8.826,0.0,0.0,0.618,4.326,15.45,1.854,34.68,R,
8477887,Patrick Brown,C,F,20242025,BOS,False,15,0,1,11,46,12,3,10,10.566,0.0,0.0,0.379,4.164,17.414,4.543,34.68,R,
8480825,Patrick Giles,R,F,20242025,FLA/SJS,True,17,1,0,15,21,7,1,8,9.231,6.667,0.382,0.0,5.735,8.029,2.676,27.08,R,SJS
8480825,Patrick Giles,R,F,20252026,SJS,False,3,0,1,2,3,2,0,1,8.867,0.0,0.0,2.256,4.511,6.767,4.511,27.08,R,SJS
8474141,Patrick Kane,R,F,20232024,DET,False,50,20,27,147,14,13,14,30,18.376,13.605,1.306,1.763,9.599,0.914,0.849,38.2,L,CHI
8474141,Patrick Kane,R,F,20242025,DET,False,72,21,38,175,19,23,13,77,17.979,12.0,0.973,1.761,8.111,0.881,1.066,38.2,L,CHI
8474141,Patrick Kane,R,F,20252026,DET,False,67,16,41,169,21,24,9,67,17.695,9.467,0.81,2.075,8.553,1.063,1.215,38.2,L,CHI
8474034,Patrick Maroon,L,F,20232024,MIN/BOS,True,51,4,12,56,82,16,15,17,12.842,7.143,0.366,1.099,5.13,7.512,1.466,38.78,L,
8474034,Patrick Maroon,L,F,20242025,CHI,False,68,5,14,73,102,9,4,37,11.54,6.849,0.382,1.07,5.582,7.799,0.688,38.78,L,
8479339,Patrik Laine,L,F,20232024,CBJ,False,18,6,3,41,5,14,9,14,15.219,14.634,1.314,0.657,8.98,1.095,3.066,28.79,R,
8479339,Patrik Laine,L,F,20242025,MTL,False,52,20,13,116,26,28,13,38,14.307,17.241,1.613,1.048,9.355,2.097,2.258,28.79,R,
8479339,Patrik Laine,L,F,20252026,MTL,False,5,0,1,6,2,0,0,2,12.607,0.0,0.0,0.952,5.711,1.904,0.0,28.79,R,
8481032,Paul Cotter,L,F,20232024,VGK,False,76,7,18,100,233,29,35,19,12.727,7.0,0.434,1.117,6.203,14.453,1.799,27.21,L,VAN
8481032,Paul Cotter,L,F,20242025,NJD,False,79,16,6,90,245,32,17,39,13.078,17.778,0.929,0.348,5.227,14.228,1.858,27.21,L,VAN
8481032,Paul Cotter,L,F,20252026,NJD,False,79,9,6,61,192,22,7,27,10.678,14.754,0.64,0.427,4.339,13.656,1.565,27.21,L,VAN
8477402,Pavel Buchnevich,L,F,20232024,STL,False,80,27,36,207,43,28,47,50,19.825,13.043,1.021,1.362,7.831,1.627,1.059,31.8,L,STL
8477402,Pavel Buchnevich,L,F,20242025,STL,False,76,20,37,145,44,32,15,70,19.027,13.793,0.83,1.535,6.016,1.826,1.328,31.8,L,STL
8477402,Pavel Buchnevich,L,F,20252026,STL,False,81,20,28,142,30,40,26,66,17.938,14.085,0.826,1.156,5.864,1.239,1.652,31.8,L,STL
8481604,Pavel Dorofeyev,R,F,20232024,VGK,False,47,13,11,97,18,23,19,14,13.277,13.402,1.25,1.058,9.327,1.731,2.211,26.27,L,NYR
8481604,Pavel Dorofeyev,R,F,20242025,VGK,False,82,35,17,254,28,37,24,55,16.527,13.78,1.55,0.753,11.245,1.24,1.638,26.27,L,NYR
8481604,Pavel Dorofeyev,R,F,20252026,VGK,False,82,37,27,230,27,28,17,64,17.604,16.087,1.538,1.122,9.56,1.122,1.164,26.27,L,NYR
8483490,Pavel Mintyukov,D,D,20232024,ANA,False,63,4,24,88,85,65,18,20,18.845,4.545,0.202,1.213,4.447,4.296,3.285,23.19,L,ANA
8483490,Pavel Mintyukov,D,D,20242025,ANA,False,68,5,14,69,81,92,13,62,17.597,7.246,0.251,0.702,3.46,4.062,4.613,23.19,L,ANA
8483490,Pavel Mintyukov,D,D,20252026,ANA,False,73,8,14,79,39,112,18,66,18.425,10.127,0.357,0.625,3.524,1.74,4.996,23.19,L,ANA
8478401,Pavel Zacha,C,F,20232024,BOS,False,78,21,38,148,106,34,28,35,18.107,14.189,0.892,1.614,6.287,4.503,1.444,29.82,L,BOS
8478401,Pavel Zacha,C,F,20242025,BOS,False,82,14,33,132,63,26,24,62,19.062,10.606,0.537,1.267,5.067,2.418,0.998,29.82,L,BOS
8478401,Pavel Zacha,C,F,20252026,BOS,False,78,30,35,131,64,26,18,61,16.846,22.901,1.37,1.598,5.982,2.922,1.187,29.82,L,BOS
8483630,Pavol Regenda,L,F,20232024,ANA,False,5,0,0,7,11,5,4,0,11.563,0.0,0.0,0.0,7.265,11.416,5.189,27.15,L,
8483630,Pavol Regenda,L,F,20252026,SJS,False,24,9,1,42,59,6,3,13,13.349,21.429,1.686,0.187,7.866,11.05,1.124,27.15,L,
8481522,Peyton Krebs,C,F,20232024,BUF,False,80,4,13,74,108,23,13,13,12.506,5.405,0.24,0.78,4.438,6.477,1.379,26.02,L,BUF
8481522,Peyton Krebs,C,F,20242025,BUF,False,81,10,18,80,136,32,10,46,13.932,12.5,0.532,0.957,4.253,7.231,1.701,26.02,L,BUF
8481522,Peyton Krebs,C,F,20252026,BUF,False,82,12,27,93,201,41,22,58,13.764,12.903,0.638,1.435,4.944,10.685,2.18,26.02,L,BUF
8481598,Philip Broberg,D,D,20232024,EDM,False,12,0,2,6,4,10,2,2,11.618,0.0,0.0,0.861,2.582,1.721,4.304,25.6,L,STL
8481598,Philip Broberg,D,D,20242025,STL,False,68,8,21,97,43,103,22,103,20.5,8.247,0.344,0.904,4.175,1.851,4.433,25.6,L,STL
8481598,Philip Broberg,D,D,20252026,STL,False,81,6,28,98,35,98,26,111,23.358,6.122,0.19,0.888,3.108,1.11,3.108,25.6,L,STL
8481577,Philip Tomasino,R,F,20232024,NSH,False,41,7,13,62,13,18,16,28,12.574,11.29,0.815,1.513,7.216,1.513,2.095,25.51,R,OTT
8481577,Philip Tomasino,R,F,20242025,NSH/PIT,True,61,11,13,104,63,23,17,32,13.066,10.577,0.828,0.979,7.829,4.743,1.731,25.51,R,OTT
8481577,Philip Tomasino,R,F,20252026,PIT,False,9,0,1,9,11,7,0,3,12.172,0.0,0.0,0.548,4.929,6.025,3.834,25.51,R,OTT
8480798,Philipp Kurashev,C,F,20232024,CHI,False,75,18,36,128,27,48,43,28,19.018,14.062,0.757,1.514,5.384,1.136,2.019,27.31,L,
8480798,Philipp Kurashev,C,F,20242025,CHI,False,51,7,7,54,30,16,13,27,13.719,12.963,0.6,0.6,4.631,2.573,1.372,27.31,L,
8480798,Philipp Kurashev,C,F,20252026,SJS,False,43,7,13,62,40,14,8,32,15.491,11.29,0.631,1.171,5.585,3.603,1.261,27.31,L,
8479026,Philippe Myers,D,D,20232024,TBL,False,5,0,0,6,8,6,0,0,11.693,0.0,0.0,0.0,6.158,8.21,6.158,30.02,R,TOR
8479026,Philippe Myers,D,D,20242025,TOR,False,36,2,3,46,76,42,13,45,16.23,4.348,0.205,0.308,4.724,7.804,4.313,30.02,R,TOR
8479026,Philippe Myers,D,D,20252026,TOR,False,39,0,2,42,55,51,4,35,14.543,0.0,0.0,0.212,4.443,5.818,5.395,30.02,R,TOR
8476479,Phillip Danault,C,F,20232024,LAK,False,78,17,30,159,80,60,22,38,18.021,10.692,0.726,1.281,6.787,3.415,2.561,33.94,L,MTL
8476479,Phillip Danault,C,F,20242025,LAK,False,80,8,35,123,83,73,25,86,17.673,6.504,0.34,1.485,5.22,3.522,3.098,33.94,L,MTL
8476479,Phillip Danault,C,F,20252026,LAK/MTL,True,75,6,11,91,63,40,12,48,15.566,6.593,0.308,0.565,4.677,3.238,2.056,33.94,L,MTL
8476858,Phillip Di Giuseppe,L,F,20232024,VAN,False,51,5,5,52,93,23,6,3,12.095,9.615,0.486,0.486,5.058,9.046,2.237,33.31,L,
8476858,Phillip Di Giuseppe,L,F,20242025,VAN,False,20,1,5,23,54,6,1,4,11.565,4.348,0.259,1.297,5.966,14.008,1.556,33.31,L,
8478115,Pierre Engvall,L,F,20232024,NYI,False,74,10,18,128,28,21,22,37,15.325,7.812,0.529,0.952,6.772,1.481,1.111,30.67,L,NYI
8478115,Pierre Engvall,L,F,20242025,NYI,False,62,8,7,93,47,12,7,36,11.817,8.602,0.655,0.573,7.616,3.849,0.983,30.67,L,NYI
8477930,Pierre-Edouard Bellemare,L,F,20232024,SEA,False,40,4,3,36,20,22,18,7,9.838,11.111,0.61,0.457,5.489,3.049,3.354,41.91,L,
8479400,Pierre-Luc Dubois,C,F,20232024,LAK,False,82,16,24,146,96,37,21,30,15.701,10.959,0.746,1.118,6.804,4.474,1.724,28.61,L,WSH
8479400,Pierre-Luc Dubois,C,F,20242025,WSH,False,82,20,46,142,65,62,15,65,17.3,14.085,0.846,1.946,6.006,2.749,2.622,28.61,L,WSH
8479400,Pierre-Luc Dubois,C,F,20252026,WSH,False,29,5,14,42,23,13,5,28,16.822,11.905,0.615,1.722,5.166,2.829,1.599,28.61,L,WSH
8480058,Pierre-Olivier Joseph,D,D,20232024,PIT,False,52,2,9,42,47,44,22,20,15.085,4.762,0.153,0.688,3.213,3.595,3.366,27.59,L,
8480058,Pierre-Olivier Joseph,D,D,20242025,STL/PIT,True,47,0,3,42,36,36,20,53,15.261,0.0,0.0,0.251,3.513,3.011,3.011,27.59,L,
8480058,Pierre-Olivier Joseph,D,D,20252026,VAN,False,31,1,5,22,18,28,9,25,13.305,4.545,0.145,0.727,3.2,2.618,4.073,27.59,L,
8480459,Pius Suter,C,F,20232024,VAN,False,67,14,15,105,54,23,31,7,15.495,13.333,0.809,0.867,6.068,3.121,1.329,30.69,L,STL
8480459,Pius Suter,C,F,20242025,VAN,False,81,25,21,138,59,43,19,52,17.344,18.116,1.068,0.897,5.894,2.52,1.836,30.69,L,STL
8480459,Pius Suter,C,F,20252026,STL,False,64,13,16,95,41,24,13,34,15.894,13.684,0.767,0.944,5.604,2.418,1.416,30.69,L,STL
8480995,Pontus Holmberg,R,F,20232024,TOR,False,54,7,10,54,51,42,14,10,11.569,12.963,0.672,0.96,5.186,4.898,4.034,27.9,L,TBL
8480995,Pontus Holmberg,R,F,20242025,TOR,False,68,7,12,68,46,53,9,26,12.662,10.294,0.488,0.836,4.739,3.206,3.693,27.9,L,TBL
8480995,Pontus Holmberg,R,F,20252026,TBL,False,70,11,11,90,66,31,12,46,13.349,12.222,0.706,0.706,5.779,4.238,1.991,27.9,L,TBL
8480800,Quinn Hughes,D,D,20232024,VAN,False,82,17,75,199,29,55,43,52,24.685,8.543,0.504,2.223,5.899,0.86,1.63,27.3,L,MIN
8480800,Quinn Hughes,D,D,20242025,VAN,False,68,16,60,192,13,67,25,97,25.729,8.333,0.549,2.058,6.584,0.446,2.298,27.3,L,MIN
8480800,Quinn Hughes,D,D,20252026,VAN/MIN,True,74,7,69,187,7,87,34,116,27.738,3.743,0.205,2.017,5.466,0.205,2.543,27.3,L,MIN
8482124,Quinton Byfield,R,F,20232024,LAK,False,80,20,35,161,66,19,46,15,16.484,12.422,0.91,1.592,7.325,3.003,0.864,24.45,L,LAK
8482124,Quinton Byfield,R,F,20242025,LAK,False,81,23,31,157,80,33,24,68,18.623,14.65,0.915,1.233,6.245,3.182,1.313,24.45,L,LAK
8482124,Quinton Byfield,R,F,20252026,LAK,False,79,24,25,180,66,44,37,74,20.024,13.333,0.91,0.948,6.827,2.503,1.669,24.45,L,LAK
8476889,Radek Faksa,C,F,20232024,DAL,False,74,7,12,71,97,42,29,19,12.516,9.859,0.453,0.777,4.6,6.284,2.721,33.06,L,DAL
8476889,Radek Faksa,C,F,20242025,STL,False,70,5,10,68,115,50,13,32,13.024,7.353,0.329,0.658,4.475,7.568,3.291,33.06,L,DAL
8476889,Radek Faksa,C,F,20252026,DAL,False,58,2,15,38,78,44,14,18,11.735,5.263,0.176,1.322,3.35,6.876,3.879,33.06,L,DAL
8482241,Radim Zohorna,L,F,20232024,PIT,False,33,4,3,38,44,5,14,7,9.765,10.526,0.745,0.559,7.075,8.193,0.931,30.76,L,
8475462,Radko Gudas,D,D,20232024,ANA,False,66,6,12,88,232,154,12,40,19.505,6.818,0.28,0.559,4.102,10.813,7.178,36.66,R,FLA
8475462,Radko Gudas,D,D,20242025,ANA,False,81,1,15,89,261,178,15,104,19.866,1.124,0.037,0.559,3.319,9.732,6.637,36.66,R,FLA
8475462,Radko Gudas,D,D,20252026,ANA,False,56,2,11,63,164,88,8,44,16.183,3.175,0.132,0.728,4.171,10.858,5.826,36.66,R,FLA
8481093,Rafael Harvey-Pinard,L,F,20232024,MTL,False,45,2,8,26,47,47,5,13,12.638,7.692,0.211,0.844,2.743,4.959,4.959,28.07,L,
8481093,Rafael Harvey-Pinard,L,F,20242025,MTL,False,1,0,0,0,1,0,0,0,8.9,0.0,0.0,0.0,0.0,6.742,0.0,28.07,L,
8481093,Rafael Harvey-Pinard,L,F,20252026,PIT,False,1,0,0,2,0,0,0,1,11.017,0.0,0.0,0.0,10.892,0.0,0.0,28.07,L,
8478397,Rasmus Andersson,D,D,20232024,CGY,False,78,9,30,159,42,186,31,60,23.826,5.66,0.291,0.969,5.133,1.356,6.005,30.26,R,VGK
8478397,Rasmus Andersson,D,D,20242025,CGY,False,81,11,20,163,36,196,30,107,23.985,6.748,0.34,0.618,5.034,1.112,6.053,30.26,R,VGK
8478397,Rasmus Andersson,D,D,20252026,CGY/VGK,True,81,17,30,178,37,150,27,102,23.202,9.551,0.543,0.958,5.683,1.181,4.789,30.26,R,VGK
8480839,Rasmus Dahlin,D,D,20232024,BUF,False,81,20,39,235,195,154,42,44,25.422,8.511,0.583,1.136,6.847,5.682,4.487,26.8,L,BUF
8480839,Rasmus Dahlin,D,D,20242025,BUF,False,73,17,51,200,101,98,39,105,24.236,8.5,0.577,1.73,6.783,3.425,3.323,26.8,L,BUF
8480839,Rasmus Dahlin,D,D,20252026,BUF,False,77,19,55,194,67,79,32,115,24.186,9.794,0.612,1.772,6.25,2.159,2.545,26.8,L,BUF
8480845,Rasmus Kupari,C,F,20232024,WPG,False,28,0,1,28,24,10,6,5,9.141,0.0,0.0,0.234,6.564,5.626,2.344,26.88,R,WPG
8480845,Rasmus Kupari,C,F,20242025,WPG,False,59,5,3,53,77,31,9,30,10.259,9.434,0.496,0.297,5.254,7.633,3.073,26.88,R,WPG
8477499,Rasmus Ristolainen,D,D,20232024,PHI,False,31,1,3,46,56,45,4,10,16.691,2.174,0.116,0.348,5.334,6.494,5.218,32.27,R,PHI
8477499,Rasmus Ristolainen,D,D,20242025,PHI,False,63,4,15,100,97,94,25,52,20.524,4.0,0.186,0.696,4.64,4.501,4.362,32.27,R,PHI
8477499,Rasmus Ristolainen,D,D,20252026,PHI,False,44,1,13,58,48,63,12,39,21.386,1.724,0.064,0.829,3.698,3.061,4.017,32.27,R,PHI
8480873,Rasmus Sandin,D,D,20232024,WSH,False,68,3,20,79,75,106,23,31,21.121,3.797,0.125,0.836,3.3,3.133,4.428,26.91,L,WSH
8480873,Rasmus Sandin,D,D,20242025,WSH,False,82,4,26,78,91,122,26,71,19.191,5.128,0.153,0.991,2.974,3.47,4.652,26.91,L,WSH
8480873,Rasmus Sandin,D,D,20252026,WSH,False,73,5,24,90,88,127,32,89,19.201,5.556,0.214,1.027,3.853,3.767,5.436,26.91,L,WSH
8481147,Reese Johnson,C,F,20232024,CHI,False,42,2,3,51,109,16,7,9,10.933,3.922,0.261,0.392,6.664,14.243,2.091,28.56,R,
8481147,Reese Johnson,C,F,20242025,MIN,False,3,0,0,1,6,3,0,1,9.528,0.0,0.0,0.0,2.099,12.594,6.297,28.56,R,
8483513,Reid Schaefer,L,F,20252026,NSH,False,47,6,2,39,108,30,5,19,9.641,15.385,0.794,0.265,5.164,14.301,3.972,23.37,L,NSH
8475191,Reilly Smith,R,F,20232024,PIT,False,76,13,27,152,55,28,36,38,16.134,8.553,0.636,1.321,7.438,2.691,1.37,35.84,L,
8475191,Reilly Smith,R,F,20242025,NYR/VGK,True,79,13,27,129,48,41,26,70,15.441,10.078,0.639,1.328,6.345,2.361,2.017,35.84,L,
8475191,Reilly Smith,R,F,20252026,VGK,False,69,16,10,95,25,13,10,62,13.683,16.842,1.017,0.636,6.037,1.589,0.826,35.84,L,
8476483,Rickard Rakell,R,F,20232024,PIT,False,70,15,22,165,112,40,28,18,16.516,9.091,0.778,1.142,8.563,5.813,2.076,33.74,R,PIT
8476483,Rickard Rakell,R,F,20242025,PIT,False,81,35,35,203,116,77,20,77,19.298,17.241,1.343,1.343,7.792,4.453,2.956,33.74,R,PIT
8476483,Rickard Rakell,R,F,20252026,PIT,False,60,24,24,166,71,43,24,49,18.949,14.458,1.267,1.267,8.76,3.747,2.269,33.74,R,PIT
8482092,Ridly Greig,C,F,20232024,OTT,False,72,13,13,97,129,41,28,19,14.743,13.402,0.735,0.735,5.483,7.292,2.317,24.49,L,OTT
8482092,Ridly Greig,C,F,20242025,OTT,False,78,13,21,119,138,47,20,35,17.08,10.924,0.585,0.946,5.359,6.215,2.117,24.49,L,OTT
8482092,Ridly Greig,C,F,20252026,OTT,False,77,13,22,129,96,52,20,49,16.694,10.078,0.607,1.027,6.021,4.481,2.427,24.49,L,OTT
8477952,Robby Fabbri,C,F,20232024,DET,False,68,18,14,97,77,29,16,20,12.868,18.557,1.234,0.96,6.651,5.28,1.989,31.03,L,
8477952,Robby Fabbri,C,F,20242025,ANA,False,44,8,8,65,58,29,14,30,16.205,12.308,0.673,0.673,5.47,4.881,2.44,31.03,L,
8477952,Robby Fabbri,C,F,20252026,STL/MIN,True,21,2,3,30,44,9,0,7,11.808,6.667,0.484,0.726,7.259,10.647,2.178,31.03,L,
8474145,Robert Bortuzzo,D,D,20232024,STL/NYI,True,27,0,0,11,38,51,4,4,13.731,0.0,0.0,0.0,1.78,6.15,8.254,37.88,R,
8474145,Robert Bortuzzo,D,D,20242025,UTA,False,17,0,2,8,21,26,0,18,10.953,0.0,0.0,0.644,2.578,6.767,8.378,37.88,R,
8480023,Robert Thomas,C,F,20232024,STL,False,82,26,60,170,16,47,70,54,20.966,15.294,0.907,2.094,5.933,0.558,1.64,27.59,R,STL
8480023,Robert Thomas,C,F,20242025,STL,False,70,21,60,145,13,48,22,99,19.958,14.483,0.902,2.577,6.227,0.558,2.061,27.59,R,STL
8480023,Robert Thomas,C,F,20252026,STL,False,64,25,39,102,10,40,31,96,19.015,24.51,1.233,1.923,5.029,0.493,1.972,27.59,R,STL
8479022,Rodrigo Abols,C,F,20242025,PHI,False,22,2,3,25,25,12,4,14,9.19,8.0,0.594,0.89,7.419,7.419,3.561,31.08,L,
8479022,Rodrigo Abols,C,F,20252026,PHI,False,42,3,7,43,49,24,11,14,10.501,6.977,0.408,0.952,5.85,6.666,3.265,31.08,L,
8474600,Roman Josi,D,D,20232024,NSH,False,82,23,62,268,46,151,33,60,24.631,8.582,0.683,1.842,7.961,1.367,4.486,36.67,L,NSH
8474600,Roman Josi,D,D,20242025,NSH,False,53,9,29,150,42,95,23,75,25.032,6.0,0.407,1.312,6.784,1.899,4.296,36.67,L,NSH
8474600,Roman Josi,D,D,20252026,NSH,False,68,13,42,181,24,101,23,77,24.877,7.182,0.461,1.49,6.42,0.851,3.582,36.67,L,NSH
8478449,Roope Hintz,C,F,20232024,DAL,False,80,30,35,182,36,38,24,37,17.24,16.484,1.305,1.523,7.918,1.566,1.653,30.21,L,DAL
8478449,Roope Hintz,C,F,20242025,DAL,False,76,28,39,160,53,46,17,70,16.891,17.5,1.309,1.823,7.478,2.477,2.15,30.21,L,DAL
8478449,Roope Hintz,C,F,20252026,DAL,False,53,15,29,126,60,18,5,41,17.342,11.905,0.979,1.893,8.225,3.917,1.175,30.21,L,DAL
8479525,Ross Colton,C,F,20232024,COL,False,80,17,23,146,141,46,37,23,13.719,11.644,0.929,1.257,7.982,7.708,2.515,30.39,L,NSH
8479525,Ross Colton,C,F,20242025,COL,False,61,16,13,125,145,42,15,47,14.421,12.8,1.091,0.887,8.526,9.89,2.865,30.39,L,NSH
8479525,Ross Colton,C,F,20252026,COL,False,73,9,15,153,159,25,19,51,12.518,5.882,0.591,0.985,10.046,10.44,1.641,30.39,L,NSH
8477527,Ross Johnston,L,F,20232024,ANA,False,68,1,3,44,139,27,12,11,8.197,2.273,0.108,0.323,4.736,14.962,2.906,32.95,L,STL
8477527,Ross Johnston,L,F,20242025,ANA,False,43,1,3,9,134,20,3,18,8.691,11.111,0.161,0.482,1.445,21.514,3.211,32.95,L,STL
8477527,Ross Johnston,L,F,20252026,ANA,False,62,3,11,33,192,16,5,34,9.744,9.091,0.298,1.092,3.277,19.069,1.589,32.95,L,STL
8478078,Rourke Chartier,C,F,20232024,OTT,False,37,2,1,40,32,11,8,14,10.769,5.0,0.301,0.151,6.023,4.819,1.656,30.83,L,
8483487,Rutger McGroarty,R,F,20242025,PIT,False,8,1,2,11,12,5,2,5,14.61,9.091,0.513,1.027,5.647,6.16,2.567,22.84,L,PIT
8483487,Rutger McGroarty,R,F,20252026,PIT,False,24,3,3,37,26,8,4,15,11.961,8.108,0.627,0.627,7.733,5.434,1.672,22.84,L,PIT
8477846,Ryan Carpenter,C,F,20232024,SJS,False,62,5,7,58,47,31,18,10,11.103,8.621,0.436,0.61,5.055,4.097,2.702,36.04,R,
8477987,Ryan Donato,C,F,20232024,CHI,False,78,12,18,149,104,24,43,25,13.999,8.054,0.659,0.989,8.187,5.715,1.319,30.82,L,CHI
8477987,Ryan Donato,C,F,20242025,CHI,False,80,31,31,182,104,18,23,48,16.309,17.033,1.426,1.426,8.37,4.783,0.828,30.82,L,CHI
8477987,Ryan Donato,C,F,20252026,CHI,False,82,15,15,122,78,21,26,58,14.737,12.295,0.745,0.745,6.057,3.873,1.043,30.82,L,CHI
8477435,Ryan Graves,D,D,20232024,PIT,False,70,3,11,77,72,142,19,40,18.388,3.896,0.14,0.513,3.589,3.356,6.619,31.7,L,PIT
8477435,Ryan Graves,D,D,20242025,PIT,False,61,1,3,39,75,73,18,63,14.99,2.564,0.066,0.197,2.559,4.921,4.79,31.7,L,PIT
8477435,Ryan Graves,D,D,20252026,PIT,False,22,1,0,21,23,38,7,20,15.304,4.762,0.178,0.0,3.742,4.099,6.772,31.7,L,PIT
8483450,Ryan Greene,C,F,20242025,CHI,False,2,0,0,1,0,3,0,3,13.2,0.0,0.0,0.0,2.273,0.0,6.818,23.28,R,CHI
8483450,Ryan Greene,C,F,20252026,CHI,False,81,12,17,109,50,37,21,51,16.743,11.009,0.531,0.752,4.822,2.212,1.637,23.28,R,CHI
8477451,Ryan Hartman,R,F,20232024,MIN,False,74,21,24,173,75,65,39,37,16.517,12.139,1.031,1.178,8.492,3.682,3.191,32.37,R,MIN
8477451,Ryan Hartman,R,F,20242025,MIN,False,69,11,15,158,73,41,21,66,14.971,6.962,0.639,0.871,9.177,4.24,2.381,32.37,R,MIN
8477451,Ryan Hartman,R,F,20252026,MIN,False,76,23,20,167,64,95,23,66,16.745,13.772,1.084,0.943,7.874,3.017,4.479,32.37,R,MIN
8475793,Ryan Johansen,C,F,20232024,COL,False,63,13,10,78,60,15,21,19,13.643,16.667,0.907,0.698,5.445,4.188,1.047,34.51,R,
8481564,Ryan Johnson,D,D,20232024,BUF,False,41,0,7,35,8,39,13,12,13.867,0.0,0.0,0.739,3.694,0.844,4.116,25.53,L,BUF
8481564,Ryan Johnson,D,D,20242025,BUF,False,3,0,0,3,1,4,0,2,17.667,0.0,0.0,0.0,3.396,1.132,4.528,25.53,L,BUF
8481564,Ryan Johnson,D,D,20252026,BUF,False,3,0,0,0,2,3,2,2,9.0,0.0,0.0,0.0,0.0,4.444,6.667,25.53,L,BUF
8484186,Ryan Leonard,R,F,20242025,WSH,False,9,1,0,17,18,4,4,6,14.178,5.882,0.47,0.0,7.994,8.464,1.881,22.03,R,WSH
8484186,Ryan Leonard,R,F,20252026,WSH,False,75,20,25,153,124,25,14,72,14.414,13.072,1.11,1.388,8.492,6.882,1.388,22.03,R,WSH
8479324,Ryan Lindgren,D,D,20232024,NYR,False,76,3,14,73,114,103,14,18,19.35,4.11,0.122,0.571,2.978,4.651,4.202,28.97,L,SEA
8479324,Ryan Lindgren,D,D,20242025,NYR/COL,True,72,4,18,63,80,128,12,72,19.704,6.349,0.169,0.761,2.664,3.383,5.413,28.97,L,SEA
8479324,Ryan Lindgren,D,D,20252026,SEA,False,76,2,7,48,47,118,16,78,18.339,4.167,0.086,0.301,2.066,2.023,5.08,28.97,L,SEA
8479066,Ryan Lomberg,L,F,20232024,FLA,False,75,5,2,68,179,21,14,14,9.54,7.353,0.419,0.168,5.702,15.01,1.761,32.15,L,CBJ
8479066,Ryan Lomberg,L,F,20242025,CGY,False,80,3,10,66,120,19,11,18,8.655,4.545,0.26,0.867,5.719,10.399,1.646,32.15,L,CBJ
8479066,Ryan Lomberg,L,F,20252026,CGY,False,57,4,5,53,129,17,3,18,9.044,7.547,0.466,0.582,6.169,15.014,1.979,32.15,L,CBJ
8474151,Ryan McDonagh,D,D,20232024,NSH,False,74,3,29,91,38,139,35,56,21.788,3.297,0.112,1.079,3.386,1.414,5.173,37.64,L,TBL
8474151,Ryan McDonagh,D,D,20242025,TBL,False,82,4,27,78,23,152,24,115,20.37,5.128,0.144,0.97,2.802,0.826,5.46,37.64,L,TBL
8474151,Ryan McDonagh,D,D,20252026,TBL,False,48,6,15,39,19,76,14,47,19.256,15.385,0.389,0.974,2.532,1.233,4.934,37.64,L,TBL
8480802,Ryan McLeod,C,F,20232024,EDM,False,81,12,18,106,65,34,66,48,14.243,11.321,0.624,0.936,5.513,3.38,1.768,27.37,L,BUF
8480802,Ryan McLeod,C,F,20242025,BUF,False,79,20,33,97,17,35,26,70,16.827,20.619,0.903,1.489,4.378,0.767,1.58,27.37,L,BUF
8480802,Ryan McLeod,C,F,20252026,BUF,False,81,14,40,90,16,34,37,97,17.612,15.556,0.589,1.682,3.785,0.673,1.43,27.37,L,BUF
8476454,Ryan Nugent-Hopkins,C,F,20232024,EDM,False,80,18,49,183,62,33,61,34,19.624,9.836,0.688,1.873,6.994,2.37,1.261,33.81,L,EDM
8476454,Ryan Nugent-Hopkins,C,F,20242025,EDM,False,78,20,29,164,26,48,29,49,18.973,12.195,0.811,1.176,6.649,1.054,1.946,33.81,L,EDM
8476454,Ryan Nugent-Hopkins,C,F,20252026,EDM,False,72,20,36,133,25,31,14,42,19.058,15.038,0.875,1.574,5.816,1.093,1.356,33.81,L,EDM
8475158,Ryan O'Reilly,C,F,20232024,NSH,False,82,26,43,180,25,56,64,30,19.766,14.444,0.962,1.592,6.663,0.925,2.073,35.98,L,NSH
8475158,Ryan O'Reilly,C,F,20242025,NSH,False,79,21,32,151,20,72,31,64,18.988,13.907,0.84,1.28,6.04,0.8,2.88,35.98,L,NSH
8475158,Ryan O'Reilly,C,F,20252026,NSH,False,81,25,49,154,17,66,50,49,20.395,16.234,0.908,1.78,5.593,0.617,2.397,35.98,L,NSH
8480068,Ryan Poehling,C,F,20232024,PHI,False,77,11,17,111,62,101,23,11,14.996,9.91,0.572,0.883,5.768,3.222,5.248,28.08,L,ANA
8480068,Ryan Poehling,C,F,20242025,PHI,False,68,12,19,71,26,79,11,43,13.88,16.901,0.763,1.208,4.513,1.653,5.022,28.08,L,ANA
8480068,Ryan Poehling,C,F,20252026,ANA,False,75,11,25,94,44,86,17,48,15.067,11.702,0.584,1.327,4.991,2.336,4.566,28.08,L,ANA
8477506,Ryan Pulock,D,D,20232024,NYI,False,58,5,14,90,99,149,20,29,22.55,5.556,0.229,0.642,4.129,4.542,6.835,32.32,R,NYI
8477506,Ryan Pulock,D,D,20242025,NYI,False,74,5,18,97,100,155,32,78,21.08,5.155,0.192,0.692,3.731,3.846,5.962,32.32,R,NYI
8477506,Ryan Pulock,D,D,20252026,NYI,False,76,3,24,93,49,148,27,77,20.816,3.226,0.114,0.91,3.527,1.858,5.613,32.32,R,NYI
8471817,Ryan Reaves,R,F,20232024,TOR,False,49,4,2,26,165,17,8,9,8.116,15.385,0.603,0.302,3.923,24.894,2.565,40.03,R,
8471817,Ryan Reaves,R,F,20242025,TOR,False,35,0,2,14,103,8,4,10,7.8,0.0,0.0,0.44,3.077,22.637,1.758,40.03,R,
8471817,Ryan Reaves,R,F,20252026,SJS,False,50,3,0,25,160,15,8,19,7.808,12.0,0.461,0.0,3.842,24.59,2.305,40.03,R,
8478854,Ryan Shea,D,D,20232024,PIT,False,31,1,0,17,24,24,8,8,12.625,5.882,0.153,0.0,2.606,3.679,3.679,29.97,L,EDM
8478854,Ryan Shea,D,D,20242025,PIT,False,39,2,3,19,20,51,14,35,16.726,10.526,0.184,0.276,1.748,1.84,4.691,29.97,L,EDM
8478854,Ryan Shea,D,D,20252026,PIT,False,80,6,29,72,38,92,24,57,18.886,8.333,0.238,1.152,2.859,1.509,3.653,29.97,L,EDM
8476458,Ryan Strome,C,F,20232024,ANA,False,79,11,30,131,64,21,29,42,15.799,8.397,0.529,1.442,6.297,3.077,1.01,33.56,R,CGY
8476458,Ryan Strome,C,F,20242025,ANA,False,82,10,31,137,52,36,19,66,16.683,7.299,0.439,1.36,6.009,2.281,1.579,33.56,R,CGY
8476458,Ryan Strome,C,F,20252026,ANA/CGY,True,52,8,13,57,22,15,8,42,13.293,14.035,0.694,1.128,4.948,1.91,1.302,33.56,R,CGY
8470600,Ryan Suter,D,D,20232024,DAL,False,82,2,15,102,86,111,16,30,18.94,1.961,0.077,0.579,3.941,3.322,4.288,42.03,L,
8470600,Ryan Suter,D,D,20242025,STL,False,82,2,13,62,39,109,15,64,19.471,3.226,0.075,0.489,2.33,1.466,4.096,42.03,L,
8482751,Ryan Winterton,C,F,20232024,SEA,False,9,0,0,10,10,4,4,1,9.339,0.0,0.0,0.0,7.139,7.139,2.855,23.41,R,SEA
8482751,Ryan Winterton,C,F,20242025,SEA,False,12,0,1,15,20,6,1,4,10.833,0.0,0.0,0.462,6.923,9.231,2.769,23.41,R,SEA
8482751,Ryan Winterton,C,F,20252026,SEA,False,68,4,14,87,74,33,21,37,11.979,4.598,0.295,1.031,6.408,5.451,2.431,23.41,R,SEA
8482858,Ryker Evans,D,D,20232024,SEA,False,36,1,8,44,62,38,7,7,19.179,2.273,0.087,0.695,3.824,5.388,3.302,25.14,L,SEA
8482858,Ryker Evans,D,D,20242025,SEA,False,73,5,20,59,123,106,12,73,19.481,8.475,0.211,0.844,2.489,5.189,4.472,25.14,L,SEA
8482858,Ryker Evans,D,D,20252026,SEA,False,67,8,9,46,48,75,7,49,17.805,17.391,0.402,0.453,2.314,2.414,3.772,25.14,L,SEA
8477935,Sam Bennett,C,F,20232024,FLA,False,69,20,21,171,173,43,40,27,16.61,11.696,1.047,1.099,8.952,9.057,2.251,30.62,L,FLA
8477935,Sam Bennett,C,F,20242025,FLA,False,76,25,26,241,145,45,27,57,17.454,10.373,1.131,1.176,10.901,6.559,2.035,30.62,L,FLA
8477935,Sam Bennett,C,F,20252026,FLA,False,76,26,32,201,115,32,25,73,18.493,12.935,1.11,1.366,8.581,4.909,1.366,30.62,L,FLA
8475842,Sam Carrick,C,F,20232024,ANA/EDM,True,77,10,6,92,167,35,24,17,12.222,10.87,0.638,0.383,5.866,10.647,2.231,34.99,R,BUF
8475842,Sam Carrick,C,F,20242025,NYR,False,80,6,14,84,137,42,16,52,11.932,7.143,0.377,0.88,5.28,8.611,2.64,34.99,R,BUF
8475842,Sam Carrick,C,F,20252026,NYR/BUF,True,73,9,7,75,106,35,13,29,10.47,12.0,0.707,0.55,5.888,8.321,2.748,34.99,R,BUF
8482118,Sam Colangelo,R,F,20232024,ANA,False,3,1,0,7,3,2,2,1,12.556,14.286,1.593,0.0,11.15,4.779,3.186,25.1,R,ANA
8482118,Sam Colangelo,R,F,20242025,ANA,False,32,10,2,41,67,17,1,17,12.486,24.39,1.502,0.3,6.157,10.061,2.553,25.1,R,ANA
8482118,Sam Colangelo,R,F,20252026,ANA,False,9,1,0,7,11,1,1,8,10.178,14.286,0.655,0.0,4.585,7.205,0.655,25.1,R,ANA
8484806,Sam Dickinson,D,D,20252026,SJS,False,72,1,13,72,74,70,20,83,16.756,1.389,0.05,0.647,3.581,3.68,3.481,20.65,L,SJS
8474040,Sam Gagner,C,F,20232024,EDM,False,28,5,5,48,17,17,2,10,10.21,10.417,1.049,1.049,10.074,3.568,3.568,37.48,R,
8478043,Sam Lafferty,C,F,20232024,VAN,False,79,13,11,78,192,32,17,19,11.879,16.667,0.831,0.703,4.987,12.276,2.046,31.91,R,FLA
8478043,Sam Lafferty,C,F,20242025,BUF,False,60,4,3,50,89,16,5,22,9.876,8.0,0.405,0.304,5.063,9.012,1.62,31.91,R,FLA
8478043,Sam Lafferty,C,F,20252026,CHI,False,29,1,1,9,35,5,2,15,8.597,11.111,0.241,0.241,2.166,8.423,1.203,31.91,R,FLA
8484258,Sam Malinski,D,D,20232024,COL,False,23,3,7,31,14,22,8,10,14.225,9.677,0.55,1.284,5.685,2.567,4.035,28.52,R,COL
8484258,Sam Malinski,D,D,20242025,COL,False,76,5,10,115,57,107,29,68,15.954,4.348,0.247,0.495,5.691,2.821,5.295,28.52,R,COL
8484258,Sam Malinski,D,D,20252026,COL,False,82,8,32,164,46,95,23,76,17.616,4.878,0.332,1.329,6.812,1.911,3.946,28.52,R,COL
8477933,Sam Reinhart,C,F,20232024,FLA,False,82,57,37,233,78,66,40,35,20.3,24.464,2.055,1.334,8.398,2.811,2.379,31.24,R,FLA
8477933,Sam Reinhart,C,F,20242025,FLA,False,79,39,42,213,103,62,24,74,20.502,18.31,1.445,1.556,7.891,3.816,2.297,31.24,R,FLA
8477933,Sam Reinhart,C,F,20252026,FLA,False,64,29,32,166,59,40,15,52,21.287,17.47,1.277,1.409,7.311,2.598,1.762,31.24,R,FLA
8483506,Sam Rinzel,D,D,20242025,CHI,False,9,0,5,22,12,4,2,13,23.361,0.0,0.0,1.427,6.278,3.425,1.142,22.6,R,CHI
8483506,Sam Rinzel,D,D,20252026,CHI,False,54,4,10,83,49,63,13,67,18.273,4.819,0.243,0.608,5.047,2.98,3.831,22.6,R,CHI
8479351,Sam Steel,C,F,20232024,DAL,False,77,9,15,86,58,32,28,18,13.242,10.465,0.53,0.883,5.061,3.413,1.883,28.99,L,DAL
8479351,Sam Steel,C,F,20242025,DAL,False,79,6,19,89,60,26,13,41,14.14,6.742,0.322,1.021,4.78,3.223,1.397,28.99,L,DAL
8479351,Sam Steel,C,F,20252026,DAL,False,73,12,21,82,79,29,20,50,16.062,14.634,0.614,1.075,4.196,4.043,1.484,28.99,L,DAL
8478104,Samuel Blais,L,F,20232024,STL,False,53,1,6,33,194,19,15,15,9.689,3.03,0.117,0.701,3.856,22.667,2.22,30.63,L,OTT
8478104,Samuel Blais,L,F,20252026,TOR/MTL,True,21,3,5,18,78,12,4,2,8.425,16.667,1.017,1.696,6.104,26.452,4.07,30.63,L,OTT
8481541,Samuel Bolduc,D,D,20232024,NYI,False,34,2,3,32,44,40,2,10,13.145,6.25,0.268,0.403,4.296,5.907,5.37,26.15,L,OTT
8481541,Samuel Bolduc,D,D,20242025,NYI,False,1,0,0,0,0,0,0,0,5.933,0.0,0.0,0.0,0.0,0.0,0.0,26.15,L,OTT
8479398,Samuel Girard,D,D,20232024,COL,False,59,3,15,73,76,99,23,32,19.381,4.11,0.157,0.787,3.83,3.988,5.195,28.73,L,PIT
8479398,Samuel Girard,D,D,20242025,COL,False,73,3,21,95,62,111,24,86,20.849,3.158,0.118,0.828,3.745,2.444,4.376,28.73,L,PIT
8479398,Samuel Girard,D,D,20252026,COL/PIT,True,60,3,16,41,21,58,11,54,18.1,7.317,0.166,0.884,2.265,1.16,3.204,28.73,L,PIT
8482726,Samuel Helenius,C,F,20242025,LAK,False,50,4,3,29,150,16,4,22,8.654,13.793,0.555,0.416,4.021,20.8,2.219,24.18,L,LAK
8482726,Samuel Helenius,C,F,20252026,LAK,False,53,5,4,38,144,17,4,14,7.98,13.158,0.709,0.567,5.391,20.428,2.412,24.18,L,LAK
8484180,Samuel Honzek,L,F,20242025,CGY,False,5,0,0,6,6,2,1,4,12.393,0.0,0.0,0.0,5.81,5.81,1.937,22.22,L,CGY
8484180,Samuel Honzek,L,F,20252026,CGY,False,18,2,2,22,35,6,1,9,12.342,9.091,0.54,0.54,5.942,9.453,1.62,22.22,L,CGY
8476872,Scott Laughton,C,F,20232024,PHI,False,82,13,26,167,155,56,19,26,15.655,7.784,0.608,1.215,7.806,7.245,2.617,32.68,L,LAK
8476872,Scott Laughton,C,F,20242025,PHI/TOR,True,80,13,18,125,178,54,19,59,14.6,10.4,0.668,0.925,6.421,9.144,2.774,32.68,L,LAK
8476872,Scott Laughton,C,F,20252026,TOR/LAK,True,64,13,7,95,121,42,14,59,14.354,13.684,0.849,0.457,6.205,7.903,2.743,32.68,L,LAK
8476429,Scott Mayfield,D,D,20232024,NYI,False,41,0,5,36,70,106,7,35,18.765,0.0,0.0,0.39,2.808,5.459,8.267,34.3,R,NYI
8476429,Scott Mayfield,D,D,20242025,NYI,False,66,3,6,51,89,105,27,59,17.001,5.882,0.16,0.321,2.727,4.759,5.615,34.3,R,NYI
8476429,Scott Mayfield,D,D,20252026,NYI,False,80,2,13,71,75,82,20,68,16.471,2.817,0.091,0.592,3.233,3.415,3.734,34.3,R,NYI
8482666,Scott Morrow,D,D,20232024,CAR,False,2,0,0,6,1,2,0,1,18.383,0.0,0.0,0.0,9.792,1.632,3.264,24.25,R,NYR
8482666,Scott Morrow,D,D,20242025,CAR,False,14,1,5,23,3,16,5,21,15.798,4.348,0.271,1.356,6.239,0.814,4.341,24.25,R,NYR
8482666,Scott Morrow,D,D,20252026,NYR,False,29,0,6,24,11,29,5,21,15.669,0.0,0.0,0.792,3.169,1.452,3.829,24.25,R,NYR
8481059,Scott Perunovich,D,D,20232024,STL,False,54,0,17,36,30,53,15,16,15.272,0.0,0.0,1.237,2.619,2.183,3.856,28.46,L,LAK
8481059,Scott Perunovich,D,D,20242025,STL/NYI,True,35,2,7,18,15,37,10,29,16.007,11.111,0.214,0.75,1.928,1.606,3.963,28.46,L,LAK
8477149,Scott Sabourin,R,F,20232024,SJS,False,3,0,0,3,10,1,0,0,9.278,0.0,0.0,0.0,6.467,21.556,2.156,34.51,R,TBL
8477149,Scott Sabourin,R,F,20242025,SJS,False,1,0,0,0,2,1,0,0,10.45,0.0,0.0,0.0,0.0,11.483,5.742,34.51,R,TBL
8477149,Scott Sabourin,R,F,20252026,TBL,False,26,1,4,11,63,11,1,10,7.953,9.091,0.29,1.161,3.192,18.28,3.192,34.51,R,TBL
8476461,Sean Couturier,C,F,20232024,PHI,False,74,11,27,192,59,41,47,31,17.824,5.729,0.5,1.228,8.734,2.684,1.865,34.15,L,PHI
8476461,Sean Couturier,C,F,20242025,PHI,False,79,15,30,155,54,45,28,78,17.294,9.677,0.659,1.317,6.807,2.371,1.976,34.15,L,PHI
8476461,Sean Couturier,C,F,20252026,PHI,False,78,12,24,119,100,42,31,68,16.651,10.084,0.554,1.109,5.497,4.62,1.94,34.15,L,PHI
8480434,Sean Durzi,D,D,20232024,ARI,False,76,9,32,142,44,160,22,67,22.72,6.338,0.313,1.112,4.934,1.529,5.56,28.28,R,NYR
8480434,Sean Durzi,D,D,20242025,UTA,False,30,4,7,39,15,52,11,46,20.648,10.256,0.387,0.678,3.778,1.453,5.037,28.28,R,NYR
8480434,Sean Durzi,D,D,20252026,UTA,False,60,5,22,84,40,88,11,58,19.261,5.952,0.26,1.142,4.361,2.077,4.569,28.28,R,NYR
8476374,Sean Kuraly,C,F,20232024,CBJ,False,62,9,9,92,156,34,16,16,13.735,9.783,0.634,0.634,6.482,10.991,2.396,34.03,L,BOS
8476374,Sean Kuraly,C,F,20242025,CBJ,False,82,6,11,88,163,45,17,38,11.764,6.818,0.373,0.684,5.473,10.138,2.799,34.03,L,BOS
8476374,Sean Kuraly,C,F,20252026,BOS,False,82,6,16,110,87,47,18,57,13.329,5.455,0.329,0.878,6.039,4.776,2.58,34.03,L,BOS
8477497,Sean Monahan,C,F,20232024,MTL/WPG,True,83,26,33,171,29,44,43,33,18.094,15.205,1.039,1.318,6.832,1.159,1.758,32.31,L,CBJ
8477497,Sean Monahan,C,F,20242025,CBJ,False,54,19,38,128,30,34,13,52,19.015,14.844,1.11,2.22,7.479,1.753,1.987,32.31,L,CBJ
8477497,Sean Monahan,C,F,20252026,CBJ,False,78,13,23,131,46,34,26,57,17.125,9.924,0.584,1.033,5.884,2.066,1.527,32.31,L,CBJ
8480336,Sean Walker,D,D,20232024,PHI/COL,True,81,10,19,150,118,127,41,25,19.232,6.667,0.385,0.732,5.777,4.545,4.892,32.22,R,CAR
8480336,Sean Walker,D,D,20242025,CAR,False,82,5,11,144,91,90,40,67,16.834,3.472,0.217,0.478,6.259,3.955,3.912,32.22,R,CAR
8480336,Sean Walker,D,D,20252026,CAR,False,81,9,22,179,141,125,33,96,21.812,5.028,0.306,0.747,6.079,4.788,4.245,32.22,R,CAR
8478427,Sebastian Aho,C,F,20232024,CAR,False,78,36,53,216,48,18,50,57,19.628,16.667,1.411,2.077,8.465,1.881,0.705,29.52,L,CAR
8480222,Sebastian Aho,D,D,20232024,NYI,False,58,2,7,48,42,72,7,14,16.391,4.167,0.126,0.442,3.029,2.651,4.544,30.96,L,
8478427,Sebastian Aho,C,F,20242025,CAR,False,79,29,45,207,59,30,23,93,20.1,14.01,1.096,1.7,7.822,2.229,1.134,29.52,L,CAR
8478427,Sebastian Aho,C,F,20252026,CAR,False,79,27,53,195,63,23,31,109,19.612,13.846,1.046,2.052,7.552,2.44,0.891,29.52,L,CAR
8482093,Seth Jarvis,R,F,20232024,CAR,False,81,33,34,176,115,52,43,42,18.75,18.75,1.304,1.343,6.953,4.543,2.054,25.0,R,CAR
8482093,Seth Jarvis,R,F,20242025,CAR,False,73,32,35,204,93,51,32,58,19.356,15.686,1.359,1.486,8.662,3.949,2.166,25.0,R,CAR
8482093,Seth Jarvis,R,F,20252026,CAR,False,71,32,34,224,81,27,41,57,18.88,14.286,1.432,1.522,10.026,3.626,1.209,25.0,R,CAR
8477495,Seth Jones,D,D,20232024,CHI,False,67,8,23,172,77,131,40,60,25.484,4.651,0.281,0.808,6.044,2.706,4.603,32.33,R,FLA
8477495,Seth Jones,D,D,20242025,CHI/FLA,True,63,9,27,129,96,109,26,82,24.642,6.977,0.348,1.044,4.986,3.71,4.213,32.33,R,FLA
8477495,Seth Jones,D,D,20252026,FLA,False,52,7,25,88,47,61,13,66,23.698,7.955,0.341,1.217,4.285,2.288,2.97,32.33,R,FLA
8482166,Shakir Mukhamadullin,D,D,20232024,SJS,False,3,0,1,5,5,11,1,2,21.156,0.0,0.0,0.945,4.727,4.727,10.399,25.06,L,EDM
8482166,Shakir Mukhamadullin,D,D,20242025,SJS,False,30,2,7,30,25,51,5,33,18.067,6.667,0.221,0.775,3.321,2.767,5.646,25.06,L,EDM
8482166,Shakir Mukhamadullin,D,D,20252026,SJS,False,50,5,7,49,35,63,7,61,17.142,10.204,0.35,0.49,3.43,2.45,4.41,25.06,L,EDM
8481596,Shane Pinto,C,F,20232024,OTT,False,41,9,18,110,39,31,24,19,18.109,8.182,0.727,1.455,8.889,3.152,2.505,26.22,R,OTT
8481596,Shane Pinto,C,F,20242025,OTT,False,70,21,16,127,73,56,27,44,17.557,16.535,1.025,0.781,6.2,3.564,2.734,26.22,R,OTT
8481596,Shane Pinto,C,F,20252026,OTT,False,72,23,23,157,94,50,25,53,18.712,14.65,1.024,1.024,6.992,4.186,2.227,26.22,R,OTT
8483524,Shane Wright,C,F,20232024,SEA,False,8,4,1,12,1,6,4,5,13.535,33.333,2.216,0.554,6.649,0.554,3.325,23.08,R,SEA
8483524,Shane Wright,C,F,20242025,SEA,False,79,19,25,91,54,62,14,73,14.068,20.879,1.026,1.35,4.913,2.915,3.347,23.08,R,SEA
8483524,Shane Wright,C,F,20252026,SEA,False,74,12,15,97,51,59,12,67,13.802,12.371,0.705,0.881,5.698,2.996,3.466,23.08,R,SEA
8476906,Shayne Gostisbehere,D,D,20232024,DET,False,81,10,46,139,29,75,21,33,19.087,7.194,0.388,1.785,5.394,1.125,2.911,33.79,L,CAR
8476906,Shayne Gostisbehere,D,D,20242025,CAR,False,70,7,38,122,41,66,36,76,18.521,5.738,0.324,1.759,5.646,1.897,3.054,33.79,L,CAR
8476906,Shayne Gostisbehere,D,D,20252026,CAR,False,55,13,37,116,29,63,19,54,19.232,11.207,0.737,2.099,6.58,1.645,3.574,33.79,L,CAR
8477447,Shea Theodore,D,D,20232024,VGK,False,47,5,37,105,9,78,27,22,22.088,4.762,0.289,2.138,6.069,0.52,4.508,31.5,L,VGK
8477447,Shea Theodore,D,D,20242025,VGK,False,67,7,50,128,6,82,28,105,21.992,5.469,0.285,2.036,5.212,0.244,3.339,31.5,L,VGK
8477447,Shea Theodore,D,D,20252026,VGK,False,70,10,29,130,2,87,23,90,22.836,7.692,0.375,1.089,4.88,0.075,3.266,31.5,L,VGK
8471675,Sidney Crosby,C,F,20232024,PIT,False,82,42,52,278,101,37,73,57,20.087,15.108,1.53,1.894,10.127,3.679,1.348,39.49,L,PIT
8471675,Sidney Crosby,C,F,20242025,PIT,False,80,33,58,227,67,39,29,86,20.375,14.537,1.215,2.135,8.356,2.466,1.436,39.49,L,PIT
8471675,Sidney Crosby,C,F,20252026,PIT,False,68,29,45,160,60,30,24,73,19.231,18.125,1.331,2.065,7.341,2.753,1.376,39.49,L,PIT
8481122,Simon Benoit,D,D,20232024,TOR,False,64,1,4,52,246,102,17,29,17.228,1.923,0.054,0.218,2.83,13.387,5.551,28.37,L,PHI
8481122,Simon Benoit,D,D,20242025,TOR,False,78,1,9,48,204,111,16,70,16.546,2.083,0.046,0.418,2.232,9.484,5.16,28.37,L,PHI
8481122,Simon Benoit,D,D,20252026,TOR,False,73,0,6,60,194,114,12,68,17.296,0.0,0.0,0.285,2.851,9.219,5.417,28.37,L,PHI
8482762,Simon Edvinsson,D,D,20232024,DET,False,16,1,1,13,26,25,2,10,18.255,7.692,0.205,0.205,2.671,5.341,5.136,23.99,L,DET
8482762,Simon Edvinsson,D,D,20242025,DET,False,78,7,24,86,86,144,26,91,21.122,8.14,0.255,0.874,3.132,3.132,5.244,23.99,L,DET
8482762,Simon Edvinsson,D,D,20252026,DET,False,72,9,16,88,94,148,26,89,22.356,10.227,0.335,0.596,3.28,3.504,5.517,23.99,L,DET
8481601,Simon Holmstrom,R,F,20232024,NYI,False,75,15,10,72,19,46,53,19,13.319,20.833,0.901,0.601,4.325,1.141,2.763,25.69,L,NYI
8481601,Simon Holmstrom,R,F,20242025,NYI,False,75,20,25,96,27,55,13,48,16.865,20.833,0.949,1.186,4.554,1.281,2.609,25.69,L,NYI
8481601,Simon Holmstrom,R,F,20252026,NYI,False,79,19,22,100,16,45,31,56,16.729,19.0,0.863,0.999,4.54,0.726,2.043,25.69,L,NYI
8483495,Simon Nemec,D,D,20232024,NJD,False,60,3,16,73,22,105,18,25,19.863,4.11,0.151,0.806,3.675,1.108,5.286,22.96,R,CGY
8483495,Simon Nemec,D,D,20242025,NJD,False,27,2,2,26,2,26,5,24,14.981,7.692,0.297,0.297,3.857,0.297,3.857,22.96,R,CGY
8483495,Simon Nemec,D,D,20252026,NJD,False,68,11,15,101,23,104,24,80,19.669,10.891,0.493,0.673,4.531,1.032,4.665,22.96,R,CGY
8477947,Sonny Milano,L,F,20232024,WSH,False,49,15,8,50,20,16,23,25,12.508,30.0,1.468,0.783,4.895,1.958,1.566,30.72,L,
8477947,Sonny Milano,L,F,20242025,WSH,False,3,0,0,4,1,0,0,1,7.211,0.0,0.0,0.0,11.094,2.774,0.0,30.72,L,
8477947,Sonny Milano,L,F,20252026,WSH,False,31,4,4,34,9,3,4,19,8.883,11.765,0.872,0.872,7.408,1.961,0.654,30.72,L,
8481056,Spencer Stastney,D,D,20232024,NSH,False,20,2,2,11,2,29,5,11,15.983,18.182,0.375,0.375,2.065,0.375,5.443,27.08,L,EDM
8481056,Spencer Stastney,D,D,20242025,NSH,False,23,0,3,15,8,24,5,20,16.176,0.0,0.0,0.484,2.419,1.29,3.87,27.08,L,EDM
8481056,Spencer Stastney,D,D,20252026,NSH/EDM,True,66,2,8,56,13,63,19,66,15.503,3.571,0.117,0.469,3.284,0.762,3.694,27.08,L,EDM
8476474,Stefan Noesen,R,F,20232024,CAR,False,81,14,23,111,118,25,23,21,11.863,12.613,0.874,1.436,6.931,7.368,1.561,33.97,R,NJD
8476474,Stefan Noesen,R,F,20242025,NJD,False,78,22,19,165,152,26,14,73,15.933,13.333,1.062,0.917,7.966,7.338,1.255,33.97,R,NJD
8476474,Stefan Noesen,R,F,20252026,NJD,False,38,3,4,52,33,15,3,23,11.754,5.769,0.403,0.537,6.985,4.433,2.015,33.97,R,NJD
8483676,Stephen Halliday,C,F,20252026,OTT,False,30,4,7,34,30,8,2,16,8.511,11.765,0.94,1.645,7.99,7.05,1.88,24.59,L,OTT
8478904,Steven Lorentz,C,F,20232024,FLA,False,38,1,2,30,70,14,13,6,8.787,3.333,0.18,0.359,5.391,12.578,2.516,30.8,L,TOR
8478904,Steven Lorentz,C,F,20242025,TOR,False,80,8,11,76,199,55,12,25,10.553,10.526,0.569,0.782,5.401,14.143,3.909,30.8,L,TOR
8478904,Steven Lorentz,C,F,20252026,TOR,False,71,7,11,70,154,48,17,34,11.866,10.0,0.499,0.783,4.985,10.968,3.418,30.8,L,TOR
8474564,Steven Stamkos,C,F,20232024,TBL,False,79,40,41,262,78,43,23,52,18.228,15.267,1.667,1.708,10.917,3.25,1.792,36.98,R,NSH
8474564,Steven Stamkos,C,F,20242025,NSH,False,82,27,26,174,66,46,18,57,18.0,15.517,1.098,1.057,7.073,2.683,1.87,36.98,R,NSH
8474564,Steven Stamkos,C,F,20252026,NSH,False,82,42,24,206,89,36,24,65,17.827,20.388,1.724,0.985,8.455,3.653,1.478,36.98,R,NSH
8471698,T.J. Oshie,R,F,20232024,WSH,False,52,12,13,90,75,56,41,16,16.869,13.333,0.821,0.889,6.156,5.13,3.83,40.11,R,
8474673,TJ Brodie,D,D,20232024,TOR,False,78,1,25,52,41,159,20,53,21.721,1.923,0.035,0.885,1.842,1.452,5.631,36.66,L,
8474673,TJ Brodie,D,D,20242025,CHI,False,54,2,8,23,16,58,14,46,15.632,8.696,0.142,0.569,1.635,1.137,4.123,36.66,L,
8479420,Tage Thompson,C,F,20232024,BUF,False,71,29,27,246,79,29,28,21,18.118,11.789,1.353,1.259,11.474,3.685,1.353,29.26,R,BUF
8479420,Tage Thompson,C,F,20242025,BUF,False,76,44,28,242,70,31,21,54,18.756,18.182,1.852,1.179,10.186,2.946,1.305,29.26,R,BUF
8479420,Tage Thompson,C,F,20252026,BUF,False,81,40,41,272,85,48,28,69,19.244,14.706,1.54,1.578,10.47,3.272,1.848,29.26,R,BUF
8479661,Tanner Jeannot,L,F,20232024,TBL,False,55,7,7,59,211,27,6,15,12.018,11.864,0.635,0.635,5.356,19.153,2.451,29.68,L,BOS
8479661,Tanner Jeannot,L,F,20242025,LAK,False,67,7,6,56,211,37,3,36,11.017,12.5,0.569,0.488,4.552,17.151,3.008,29.68,L,BOS
8479661,Tanner Jeannot,L,F,20252026,BOS,False,77,6,16,78,239,58,7,44,12.643,7.692,0.37,0.986,4.807,14.73,3.575,29.68,L,BOS
8476871,Tanner Pearson,L,F,20232024,MTL,False,54,5,8,77,50,35,15,25,12.939,6.494,0.429,0.687,6.612,4.294,3.006,34.48,L,
8476871,Tanner Pearson,L,F,20242025,VGK,False,78,12,15,109,96,45,15,46,11.787,11.009,0.783,0.979,7.113,6.265,2.937,34.48,L,
8476871,Tanner Pearson,L,F,20252026,WPG/BUF,True,56,7,8,52,74,27,6,28,10.832,13.462,0.692,0.791,5.143,7.32,2.671,34.48,L,
8475791,Taylor Hall,L,F,20232024,CHI,False,10,2,2,20,7,3,5,3,16.33,10.0,0.735,0.735,7.348,2.572,1.102,35.22,L,CAR
8475791,Taylor Hall,L,F,20242025,CHI/CAR,True,77,18,24,144,43,42,34,76,15.174,12.5,0.924,1.232,7.395,2.208,2.157,35.22,L,CAR
8475791,Taylor Hall,L,F,20252026,CAR,False,80,18,30,137,53,30,21,64,14.53,13.139,0.929,1.549,7.072,2.736,1.549,35.22,L,CAR
8479390,Taylor Raddysh,R,F,20232024,CHI,False,73,5,9,120,84,28,43,29,15.883,4.167,0.259,0.466,6.21,4.347,1.449,28.95,R,NYR
8479390,Taylor Raddysh,R,F,20242025,WSH,False,80,7,20,93,59,28,11,44,12.361,7.527,0.425,1.213,5.643,3.58,1.699,28.95,R,NYR
8479390,Taylor Raddysh,R,F,20252026,NYR,False,68,9,10,53,49,40,14,25,11.843,16.981,0.671,0.745,3.949,3.651,2.98,28.95,R,NYR
8483406,Taylor Ward,R,F,20242025,LAK,False,1,1,0,4,3,0,0,1,14.867,25.0,4.036,0.0,16.143,12.107,0.0,28.84,R,LAK
8483406,Taylor Ward,R,F,20252026,LAK,False,36,3,4,38,38,9,2,20,9.469,7.895,0.528,0.704,6.688,6.688,1.584,28.84,R,LAK
8476927,Teddy Blueger,C,F,20232024,VAN,False,68,6,22,97,98,43,27,15,14.935,6.186,0.354,1.3,5.731,5.79,2.54,32.47,L,TOR
8476927,Teddy Blueger,C,F,20242025,VAN,False,82,8,18,94,104,43,22,50,14.317,8.511,0.409,0.92,4.804,5.315,2.198,32.47,L,TOR
8476927,Teddy Blueger,C,F,20252026,VAN,False,35,9,8,51,55,16,8,26,16.512,17.647,0.934,0.831,5.295,5.71,1.661,32.47,L,TOR
8476882,Teuvo Teravainen,C,F,20232024,CAR,False,76,25,28,142,16,26,40,40,16.402,17.606,1.203,1.348,6.835,0.77,1.251,32.39,L,CHI
8476882,Teuvo Teravainen,C,F,20242025,CHI,False,82,15,43,111,27,29,23,76,17.066,13.514,0.643,1.844,4.759,1.158,1.243,32.39,L,CHI
8476882,Teuvo Teravainen,C,F,20252026,CHI,False,75,14,21,89,21,43,22,71,17.752,15.73,0.631,0.946,4.011,0.946,1.938,32.39,L,CHI
8482133,Thomas Bordeleau,C,F,20232024,SJS,False,27,6,5,48,12,19,11,5,15.024,12.5,0.887,0.74,7.1,1.775,2.81,25.08,L,
8482133,Thomas Bordeleau,C,F,20242025,SJS,False,1,0,0,1,0,0,0,1,10.633,0.0,0.0,0.0,5.643,0.0,0.0,25.08,L,
8478469,Thomas Chabot,D,D,20232024,OTT,False,51,9,21,118,44,88,25,36,23.045,7.627,0.459,1.072,6.024,2.246,4.492,30.0,L,OTT
8478469,Thomas Chabot,D,D,20242025,OTT,False,80,9,36,179,58,145,31,99,23.024,5.028,0.293,1.173,5.831,1.889,4.723,30.0,L,OTT
8478469,Thomas Chabot,D,D,20252026,OTT,False,57,7,24,99,36,111,25,59,22.579,7.071,0.326,1.119,4.615,1.678,5.175,30.0,L,OTT
8481581,Thomas Harley,D,D,20232024,DAL,False,79,15,32,144,67,135,37,61,21.017,10.417,0.542,1.156,5.204,2.421,4.879,25.45,L,DAL
8481581,Thomas Harley,D,D,20242025,DAL,False,78,16,34,171,33,110,29,118,23.382,9.357,0.526,1.119,5.626,1.086,3.619,25.45,L,DAL
8481581,Thomas Harley,D,D,20252026,DAL,False,70,6,30,113,39,148,36,84,23.056,5.31,0.223,1.115,4.201,1.45,5.502,25.45,L,DAL
8478438,Thomas Novak,C,F,20232024,NSH,False,71,18,27,113,5,31,48,25,14.201,15.929,1.071,1.607,6.724,0.298,1.845,29.76,L,PIT
8478438,Thomas Novak,C,F,20242025,NSH/PIT,True,54,13,9,92,6,26,12,48,13.231,14.13,1.092,0.756,7.726,0.504,2.183,29.76,L,PIT
8478438,Thomas Novak,C,F,20252026,PIT,False,82,16,26,130,12,34,28,54,14.281,12.308,0.82,1.332,6.661,0.615,1.742,29.76,L,PIT
8482116,Tim Stützle,C,F,20232024,OTT,False,75,18,52,192,100,41,48,68,21.118,9.375,0.682,1.97,7.273,3.788,1.553,25.05,L,OTT
8482116,Tim Stützle,C,F,20242025,OTT,False,82,24,55,162,130,45,23,69,19.813,14.815,0.886,2.031,5.983,4.801,1.662,25.05,L,OTT
8482116,Tim Stützle,C,F,20252026,OTT,False,80,34,49,194,126,44,34,92,20.267,17.526,1.258,1.813,7.179,4.663,1.628,25.05,L,OTT
8485512,Tim Washe,C,F,20242025,ANA,False,2,0,0,2,4,0,0,0,7.733,0.0,0.0,0.0,7.759,15.518,0.0,25.44,L,ANA
8485512,Tim Washe,C,F,20252026,ANA,False,39,2,3,33,91,25,12,11,12.052,6.061,0.255,0.383,4.213,11.616,3.191,25.44,L,ANA
8478414,Timo Meier,R,F,20232024,NJD,False,69,28,24,207,111,42,34,29,17.601,13.527,1.383,1.186,10.227,5.484,2.075,30.32,L,NJD
8478414,Timo Meier,R,F,20242025,NJD,False,80,26,27,239,141,65,22,73,17.86,10.879,1.092,1.134,10.036,5.921,2.73,30.32,L,NJD
8478414,Timo Meier,R,F,20252026,NJD,False,77,24,20,269,131,53,27,81,18.516,8.922,1.01,0.842,11.321,5.513,2.23,30.32,L,NJD
8480043,Timothy Liljegren,D,D,20232024,TOR,False,55,3,20,62,92,116,10,40,19.663,4.839,0.166,1.11,3.44,5.104,6.436,27.76,R,WSH
8480043,Timothy Liljegren,D,D,20242025,TOR/SJS,True,68,6,11,102,64,111,15,64,19.196,5.882,0.276,0.506,4.688,2.942,5.102,27.76,R,WSH
8480043,Timothy Liljegren,D,D,20252026,SJS/WSH,True,47,1,10,40,38,90,9,50,19.852,2.5,0.064,0.643,2.572,2.444,5.788,27.76,R,WSH
8481600,Tobias Bjornfot,D,D,20232024,LAK/VGK/FLA,True,4,0,0,1,4,7,0,2,13.808,0.0,0.0,0.0,1.086,4.345,7.604,25.82,L,FLA
8481600,Tobias Bjornfot,D,D,20242025,FLA,False,14,0,0,10,13,10,1,6,13.1,0.0,0.0,0.0,3.272,4.253,3.272,25.82,L,FLA
8481600,Tobias Bjornfot,D,D,20252026,FLA,False,19,2,2,12,14,23,2,10,14.18,16.667,0.445,0.445,2.672,3.118,5.122,25.82,L,FLA
8484240,Tom Willander,D,D,20252026,VAN,False,70,5,16,59,35,78,11,58,16.99,8.475,0.252,0.807,2.977,1.766,3.935,21.98,R,VAN
8476880,Tom Wilson,R,F,20232024,WSH,False,74,18,17,169,228,74,46,50,18.102,10.651,0.806,0.761,7.57,10.212,3.315,32.85,R,WSH
8476880,Tom Wilson,R,F,20242025,WSH,False,81,33,32,169,233,71,20,91,18.727,19.527,1.305,1.266,6.685,9.216,2.808,32.85,R,WSH
8476880,Tom Wilson,R,F,20252026,WSH,False,72,30,32,153,179,53,18,84,19.463,19.608,1.284,1.37,6.551,7.664,2.269,32.85,R,WSH
8476881,Tomas Hertl,C,F,20232024,SJS/VGK,True,54,17,21,124,59,49,37,13,20.49,13.71,0.922,1.139,6.724,3.199,2.657,33.22,L,VGK
8476881,Tomas Hertl,C,F,20242025,VGK,False,73,32,29,177,99,56,29,45,17.117,18.079,1.537,1.393,8.499,4.754,2.689,33.22,L,VGK
8476881,Tomas Hertl,C,F,20252026,VGK,False,82,24,34,202,114,45,17,52,17.034,11.881,1.031,1.46,8.677,4.897,1.933,33.22,L,VGK
8477931,Tomas Nosek,L,F,20232024,NJD,False,36,2,4,38,33,20,16,7,11.809,5.263,0.282,0.565,5.363,4.657,2.823,34.42,L,
8477931,Tomas Nosek,L,F,20242025,FLA,False,59,1,8,47,83,24,5,20,9.817,2.128,0.104,0.829,4.869,8.598,2.486,34.42,L,
8477931,Tomas Nosek,L,F,20252026,FLA,False,21,2,2,8,51,12,3,14,14.114,25.0,0.405,0.405,1.619,10.324,2.429,34.42,L,
8475193,Tomas Tatar,L,F,20232024,COL/SEA,True,70,9,15,72,43,24,19,19,12.452,12.5,0.62,1.033,4.956,2.96,1.652,36.17,L,
8475193,Tomas Tatar,L,F,20242025,NJD,False,74,7,10,66,56,19,7,35,11.103,10.606,0.511,0.73,4.82,4.089,1.387,36.17,L,
8477950,Tony DeAngelo,D,D,20232024,CAR,False,31,3,8,44,4,18,8,14,14.339,6.818,0.405,1.08,5.939,0.54,2.43,31.28,R,NYI
8477950,Tony DeAngelo,D,D,20242025,NYI,False,35,4,15,76,17,42,6,44,23.344,5.263,0.294,1.102,5.581,1.248,3.084,31.28,R,NYI
8477950,Tony DeAngelo,D,D,20252026,NYI,False,76,5,30,148,33,70,20,96,19.141,3.378,0.206,1.237,6.104,1.361,2.887,31.28,R,NYI
8476792,Torey Krug,D,D,20232024,STL,False,77,4,35,162,64,111,38,45,21.961,2.469,0.142,1.242,5.748,2.271,3.939,35.81,L,STL
8478408,Travis Dermott,D,D,20232024,ARI,False,50,2,5,38,52,64,6,7,17.279,5.263,0.139,0.347,2.639,3.611,4.445,30.11,L,
8478408,Travis Dermott,D,D,20242025,EDM/MIN,True,19,0,0,8,6,16,3,9,12.273,0.0,0.0,0.0,2.058,1.544,4.117,30.11,L,
8474612,Travis Hamonic,D,D,20232024,OTT,False,48,2,4,50,54,75,11,26,14.735,4.0,0.17,0.339,4.242,4.581,6.362,36.46,R,
8474612,Travis Hamonic,D,D,20242025,OTT,False,59,1,6,72,73,92,17,62,17.067,1.389,0.06,0.358,4.29,4.35,5.482,36.46,R,
8474612,Travis Hamonic,D,D,20252026,DET,False,26,0,2,21,32,41,6,19,14.378,0.0,0.0,0.321,3.371,5.136,6.581,36.46,R,
8478439,Travis Konecny,R,F,20232024,PHI,False,76,33,35,244,90,32,53,30,19.84,13.525,1.313,1.393,9.709,3.581,1.273,29.9,R,PHI
8478439,Travis Konecny,R,F,20242025,PHI,False,82,24,52,188,94,42,26,96,20.603,12.766,0.852,1.847,6.677,3.338,1.492,29.9,R,PHI
8478439,Travis Konecny,R,F,20252026,PHI,False,77,27,41,168,108,38,17,101,19.09,16.071,1.102,1.674,6.857,4.408,1.551,29.9,R,PHI
8477948,Travis Sanheim,D,D,20232024,PHI,False,81,10,34,146,94,149,37,47,23.805,6.849,0.311,1.058,4.543,2.925,4.636,30.85,L,PHI
8477948,Travis Sanheim,D,D,20242025,PHI,False,82,8,22,139,84,170,51,127,24.495,5.755,0.239,0.657,4.152,2.509,5.078,30.85,L,PHI
8477948,Travis Sanheim,D,D,20252026,PHI,False,81,11,26,95,46,152,26,105,24.223,11.579,0.336,0.795,2.905,1.407,4.648,30.85,L,PHI
8479365,Trent Frederic,C,F,20232024,BOS,False,82,18,22,123,204,52,17,28,13.756,14.634,0.957,1.17,6.543,10.851,2.766,28.97,L,EDM
8479365,Trent Frederic,C,F,20242025,BOS/EDM,True,58,8,7,78,157,29,12,32,13.722,10.256,0.603,0.528,5.88,11.836,2.186,28.97,L,EDM
8479365,Trent Frederic,C,F,20252026,EDM,False,74,4,3,77,193,22,9,35,11.039,5.195,0.294,0.22,5.656,14.176,1.616,28.97,L,EDM
8473453,Trevor Lewis,C,F,20232024,LAK,False,82,8,8,130,90,62,15,17,11.636,6.154,0.503,0.503,8.175,5.659,3.899,40.07,R,
8473453,Trevor Lewis,C,F,20242025,LAK,False,60,6,6,53,100,35,4,22,10.222,11.321,0.587,0.587,5.185,9.783,3.424,40.07,R,
8479675,Trevor Moore,L,F,20232024,LAK,False,82,31,26,244,92,58,39,25,17.98,12.705,1.262,1.058,9.93,3.744,2.36,31.84,L,LAK
8479675,Trevor Moore,L,F,20242025,LAK,False,71,18,22,153,71,29,23,46,16.877,11.765,0.901,1.102,7.661,3.555,1.452,31.84,L,LAK
8479675,Trevor Moore,L,F,20252026,LAK,False,69,13,19,159,57,36,25,52,16.729,8.176,0.676,0.988,8.265,2.963,1.871,31.84,L,LAK
8481533,Trevor Zegras,C,F,20232024,ANA,False,31,6,9,73,16,15,15,16,17.088,8.219,0.68,1.019,8.268,1.812,1.699,25.87,L,PHI
8481533,Trevor Zegras,C,F,20242025,ANA,False,57,12,20,98,50,27,13,51,17.039,12.245,0.741,1.236,6.054,3.089,1.668,25.87,L,PHI
8481533,Trevor Zegras,C,F,20252026,PHI,False,81,26,41,167,46,28,25,80,18.719,15.569,1.029,1.622,6.608,1.82,1.108,25.87,L,PHI
8477845,Trevor van Riemsdyk,D,D,20232024,WSH,False,70,0,14,75,22,103,27,25,18.665,0.0,0.0,0.643,3.444,1.01,4.73,35.53,R,PIT
8477845,Trevor van Riemsdyk,D,D,20242025,WSH,False,82,1,20,80,10,151,25,57,17.658,1.25,0.041,0.829,3.315,0.414,6.257,35.53,R,PIT
8477845,Trevor van Riemsdyk,D,D,20252026,WSH,False,68,3,11,44,12,97,17,46,16.24,6.818,0.163,0.598,2.391,0.652,5.27,35.53,R,PIT
8479442,Troy Stecher,D,D,20232024,ARI/EDM,True,54,1,6,51,67,77,13,22,18.119,1.961,0.061,0.368,3.127,4.109,4.722,32.82,R,TOR
8479442,Troy Stecher,D,D,20242025,EDM,False,66,3,4,55,35,66,11,50,13.873,5.455,0.197,0.262,3.604,2.294,4.325,32.82,R,TOR
8479442,Troy Stecher,D,D,20252026,EDM/TOR,True,64,3,11,64,30,79,13,71,19.187,4.688,0.147,0.537,3.127,1.466,3.86,32.82,R,TOR
8478873,Troy Terry,R,F,20232024,ANA,False,76,20,34,172,17,30,45,44,18.288,11.628,0.863,1.468,7.425,0.734,1.295,29.39,R,ANA
8478873,Troy Terry,R,F,20242025,ANA,False,77,21,34,188,7,29,22,68,18.849,11.17,0.868,1.406,7.772,0.289,1.199,29.39,R,ANA
8478873,Troy Terry,R,F,20252026,ANA,False,61,19,38,161,2,16,25,49,18.347,11.801,1.019,2.037,8.631,0.107,0.858,29.39,R,ANA
8480848,Ty Dellandrea,C,F,20232024,DAL,False,42,2,7,53,63,17,10,7,12.671,3.774,0.225,0.789,5.975,7.103,1.917,26.53,R,SJS
8480848,Ty Dellandrea,C,F,20242025,SJS,False,68,1,7,50,163,47,9,33,11.804,2.0,0.075,0.523,3.738,12.184,3.513,26.53,R,SJS
8480848,Ty Dellandrea,C,F,20252026,SJS,False,46,2,9,50,130,37,7,25,14.189,4.0,0.184,0.827,4.596,11.95,3.401,26.53,R,SJS
8480834,Ty Emberson,D,D,20232024,SJS,False,30,1,9,31,94,46,7,8,18.549,3.226,0.108,0.97,3.342,10.135,4.96,26.69,R,EDM
8480834,Ty Emberson,D,D,20242025,EDM,False,76,2,11,62,125,97,32,47,15.113,3.226,0.104,0.575,3.239,6.53,5.067,26.69,R,EDM
8480834,Ty Emberson,D,D,20252026,EDM,False,72,2,10,46,107,106,13,53,15.52,4.348,0.107,0.537,2.47,5.745,5.692,26.69,R,EDM
8481789,Tye Kartye,L,F,20232024,SEA,False,77,11,9,109,229,27,24,9,11.836,10.092,0.724,0.593,7.176,15.076,1.778,25.76,L,NYR
8481789,Tye Kartye,L,F,20242025,SEA,False,63,6,7,56,175,29,4,24,9.681,10.714,0.59,0.689,5.509,17.216,2.853,25.76,L,NYR
8481789,Tye Kartye,L,F,20252026,SEA/NYR,True,64,8,14,56,173,41,17,30,11.963,14.286,0.627,1.097,4.389,13.557,3.213,25.76,L,NYR
8477479,Tyler Bertuzzi,L,F,20232024,TOR,False,80,21,22,160,98,44,44,47,16.046,13.125,0.982,1.028,7.478,4.581,2.057,31.94,L,CHI
8477479,Tyler Bertuzzi,L,F,20242025,CHI,False,82,23,23,131,60,28,20,53,16.003,17.557,1.052,1.052,5.99,2.743,1.28,31.94,L,CHI
8477479,Tyler Bertuzzi,L,F,20252026,CHI,False,79,32,26,164,55,24,21,76,18.447,19.512,1.317,1.07,6.752,2.264,0.988,31.94,L,CHI
8474870,Tyler Johnson,C,F,20232024,CHI,False,67,17,14,112,48,31,26,21,15.539,15.179,0.98,0.807,6.455,2.766,1.787,36.51,R,
8474870,Tyler Johnson,C,F,20242025,BOS,False,9,0,2,6,5,2,0,2,13.078,0.0,0.0,1.02,3.059,2.549,1.02,36.51,R,
8482095,Tyler Kleven,D,D,20232024,OTT,False,9,0,1,7,8,9,3,5,12.65,0.0,0.0,0.527,3.689,4.216,4.743,25.06,L,OTT
8482095,Tyler Kleven,D,D,20242025,OTT,False,79,4,6,78,105,97,30,64,14.466,5.128,0.21,0.315,4.095,5.513,5.093,25.06,L,OTT
8482095,Tyler Kleven,D,D,20252026,OTT,False,70,3,15,90,126,94,30,82,17.349,3.333,0.148,0.741,4.447,6.225,4.644,25.06,L,OTT
8477353,Tyler Motte,C,F,20232024,TBL,False,69,6,3,83,97,41,41,14,12.443,7.229,0.419,0.21,5.8,6.779,2.865,31.9,L,
8477353,Tyler Motte,C,F,20242025,DET,False,55,4,5,66,72,48,16,31,11.314,6.061,0.386,0.482,6.364,6.942,4.628,31.9,L,
8474574,Tyler Myers,D,D,20232024,VAN,False,77,5,24,93,110,136,13,33,18.949,5.376,0.206,0.987,3.824,4.523,5.593,37.0,R,DAL
8474574,Tyler Myers,D,D,20242025,VAN,False,71,6,18,87,87,125,31,61,20.792,6.897,0.244,0.732,3.536,3.536,5.081,37.0,R,DAL
8474574,Tyler Myers,D,D,20252026,VAN/DAL,True,73,1,10,88,85,121,20,78,19.517,1.136,0.042,0.421,3.706,3.58,5.096,37.0,R,DAL
8475752,Tyler Pitlick,C,F,20232024,NYR,False,34,1,3,32,84,15,5,5,10.198,3.125,0.173,0.519,5.537,14.536,2.596,35.25,R,MIN
8475752,Tyler Pitlick,C,F,20252026,MIN,False,32,2,0,26,78,19,5,8,7.773,7.692,0.482,0.0,6.272,18.815,4.583,35.25,R,MIN
8475794,Tyler Seguin,C,F,20232024,DAL,False,68,25,27,154,61,22,21,27,16.547,16.234,1.333,1.44,8.212,3.253,1.173,35.0,R,DAL
8475794,Tyler Seguin,C,F,20242025,DAL,False,20,9,12,46,5,6,4,13,16.149,19.565,1.672,2.229,8.545,0.929,1.115,35.0,R,DAL
8475794,Tyler Seguin,C,F,20252026,DAL,False,27,7,10,31,18,6,3,21,16.662,22.581,0.934,1.334,4.134,2.401,0.8,35.0,R,DAL
8475726,Tyler Toffoli,C,F,20232024,NJD/WPG,True,79,33,22,229,75,11,32,31,16.96,14.41,1.478,0.985,10.255,3.359,0.493,34.77,R,SJS
8475726,Tyler Toffoli,C,F,20242025,SJS,False,78,30,24,233,54,32,18,52,16.929,12.876,1.363,1.091,10.587,2.454,1.454,34.77,R,SJS
8475726,Tyler Toffoli,C,F,20252026,SJS,False,79,19,30,172,48,31,18,58,14.973,11.047,0.964,1.522,8.725,2.435,1.572,34.77,R,SJS
8481006,Tyler Tucker,D,D,20232024,STL,False,26,1,1,17,64,27,7,6,12.451,5.882,0.185,0.185,3.151,11.862,5.004,26.92,L,STL
8481006,Tyler Tucker,D,D,20242025,STL,False,38,3,4,33,81,39,13,28,14.577,9.091,0.325,0.433,3.574,8.774,4.224,26.92,L,STL
8481006,Tyler Tucker,D,D,20252026,STL,False,69,3,14,68,100,51,13,58,14.36,4.412,0.182,0.848,4.118,6.055,3.088,26.92,L,STL
8475197,Tyson Barrie,D,D,20232024,NSH,False,41,1,14,65,14,47,5,18,18.322,1.538,0.08,1.118,5.192,1.118,3.754,35.52,R,
8475197,Tyson Barrie,D,D,20242025,CGY,False,13,1,2,19,10,12,2,11,15.801,5.263,0.292,0.584,5.55,2.921,3.505,35.52,R,
8482159,Tyson Foerster,R,F,20232024,PHI,False,77,20,13,167,102,49,36,12,17.269,11.976,0.902,0.587,7.535,4.602,2.211,25.04,R,PHI
8482159,Tyson Foerster,R,F,20242025,PHI,False,81,25,18,142,75,54,16,41,16.863,17.606,1.098,0.791,6.238,3.295,2.372,25.04,R,PHI
8482159,Tyson Foerster,R,F,20252026,PHI,False,29,13,4,61,27,25,11,17,17.298,21.311,1.555,0.478,7.296,3.229,2.99,25.04,R,PHI
8479370,Tyson Jost,C,F,20232024,BUF,False,43,3,3,48,44,20,11,3,10.596,6.25,0.395,0.395,6.321,5.794,2.634,28.89,L,
8479370,Tyson Jost,C,F,20242025,CAR,False,39,4,5,44,46,17,6,9,10.373,9.091,0.593,0.742,6.526,6.822,2.521,28.89,L,
8479370,Tyson Jost,C,F,20252026,NSH,False,69,8,8,95,67,31,22,36,12.414,8.421,0.56,0.56,6.654,4.693,2.171,28.89,L,
8482896,Tyson Kozak,C,F,20242025,BUF,False,21,3,2,11,26,23,2,10,10.49,27.273,0.817,0.545,2.996,7.082,6.264,24.09,L,BUF
8482896,Tyson Kozak,C,F,20252026,BUF,False,46,2,4,30,120,37,12,29,11.275,6.667,0.231,0.463,3.471,13.882,4.28,24.09,L,BUF
8480001,Urho Vaakanainen,D,D,20232024,ANA,False,68,1,13,67,55,79,13,31,17.476,1.493,0.05,0.656,3.383,2.777,3.989,28.09,L,NYR
8480001,Urho Vaakanainen,D,D,20242025,ANA/NYR,True,51,2,14,42,19,49,10,40,16.411,4.762,0.143,1.004,3.011,1.362,3.513,28.09,L,NYR
8480001,Urho Vaakanainen,D,D,20252026,NYR,False,34,0,6,23,11,26,5,22,13.855,0.0,0.0,0.764,2.93,1.401,3.312,28.09,L,NYR
8484304,Uvis Balinskis,D,D,20232024,FLA,False,26,1,2,22,33,15,5,11,14.101,4.545,0.164,0.327,3.6,5.401,2.455,30.5,L,FLA
8484304,Uvis Balinskis,D,D,20242025,FLA,False,76,4,14,92,83,55,23,49,14.853,4.348,0.213,0.744,4.89,4.412,2.923,30.5,L,FLA
8484304,Uvis Balinskis,D,D,20252026,FLA,False,54,5,10,66,71,42,23,33,16.371,7.576,0.339,0.679,4.479,4.819,2.851,30.5,L,FLA
8477501,Valeri Nichushkin,R,F,20232024,COL,False,54,28,25,158,74,24,29,23,21.35,17.722,1.457,1.301,8.223,3.851,1.249,31.92,L,CBJ
8477501,Valeri Nichushkin,R,F,20242025,COL,False,43,21,13,118,55,21,7,42,19.74,17.797,1.484,0.919,8.341,3.888,1.484,31.92,L,CBJ
8477501,Valeri Nichushkin,R,F,20252026,COL,False,72,17,32,160,55,27,23,59,17.725,10.625,0.799,1.504,7.522,2.586,1.269,31.92,L,CBJ
8481703,Valtteri Puustinen,R,F,20232024,PIT,False,52,5,15,86,40,33,19,15,11.747,5.814,0.491,1.473,8.447,3.929,3.241,27.66,R,
8481703,Valtteri Puustinen,R,F,20242025,PIT,False,13,2,1,8,10,5,3,4,9.892,25.0,0.933,0.467,3.733,4.666,2.333,27.66,R,
8481617,Vasily Podkolzin,R,F,20232024,VAN,False,19,0,2,20,71,3,7,1,10.81,0.0,0.0,0.584,5.843,20.741,0.876,25.61,L,EDM
8481617,Vasily Podkolzin,R,F,20242025,EDM,False,82,8,16,114,211,53,20,55,13.216,7.018,0.443,0.886,6.312,11.682,2.934,25.61,L,EDM
8481617,Vasily Podkolzin,R,F,20252026,EDM,False,82,19,18,139,242,52,18,52,15.377,13.669,0.904,0.857,6.614,11.515,2.474,25.61,L,EDM
8475167,Victor Hedman,D,D,20232024,TBL,False,78,13,63,168,65,102,29,54,24.804,7.738,0.403,1.954,5.21,2.016,3.163,36.12,L,TBL
8475167,Victor Hedman,D,D,20242025,TBL,False,79,15,51,181,39,133,25,119,23.08,8.287,0.494,1.678,5.956,1.283,4.377,36.12,L,TBL
8475167,Victor Hedman,D,D,20252026,TBL,False,33,1,16,50,19,44,8,40,18.867,2.0,0.096,1.542,4.818,1.831,4.24,36.12,L,TBL
8483768,Victor Mancini,D,D,20242025,NYR/VAN,True,31,2,6,27,38,41,3,29,15.305,7.407,0.253,0.759,3.414,4.806,5.185,24.69,R,VAN
8483768,Victor Mancini,D,D,20252026,VAN,False,24,0,3,14,28,26,1,14,13.735,0.0,0.0,0.546,2.548,5.096,4.732,24.69,R,VAN
8478109,Victor Olofsson,L,F,20232024,BUF,False,51,7,8,66,22,10,16,8,11.569,10.606,0.712,0.814,6.712,2.237,1.017,31.54,L,VGK
8478109,Victor Olofsson,L,F,20242025,VGK,False,56,15,14,109,26,19,8,25,14.498,13.761,1.109,1.035,8.055,1.921,1.404,31.54,L,VGK
8478109,Victor Olofsson,L,F,20252026,COL/CGY,True,78,13,18,147,18,21,17,60,13.561,8.844,0.737,1.021,8.338,1.021,1.191,31.54,L,VGK
8478042,Viktor Arvidsson,L,F,20232024,LAK,False,18,6,9,59,8,18,8,5,16.692,10.169,1.198,1.797,11.782,1.598,3.595,33.82,R,DET
8478042,Viktor Arvidsson,L,F,20242025,EDM,False,67,15,12,158,32,23,15,67,14.997,9.494,0.896,0.717,9.435,1.911,1.373,33.82,R,DET
8478042,Viktor Arvidsson,L,F,20252026,BOS,False,69,25,29,175,24,36,15,58,14.599,14.286,1.489,1.727,10.424,1.43,2.144,33.82,R,DET
8481572,Ville Heinola,D,D,20242025,WPG,False,18,0,1,12,8,16,7,15,14.188,0.0,0.0,0.235,2.819,1.88,3.759,25.92,L,VGK
8481572,Ville Heinola,D,D,20252026,WPG,False,5,0,0,7,6,3,1,3,14.1,0.0,0.0,0.0,5.957,5.106,2.553,25.92,L,VGK
8482758,Ville Koivunen,R,F,20242025,PIT,False,8,0,7,15,1,8,3,6,18.115,0.0,0.0,2.898,6.21,0.414,3.312,23.64,L,PIT
8482758,Ville Koivunen,R,F,20252026,PIT,False,39,2,5,36,5,14,11,18,12.738,5.556,0.242,0.604,4.348,0.604,1.691,23.64,L,PIT
8478407,Vince Dunn,D,D,20232024,SEA,False,59,11,35,120,39,64,30,34,23.087,9.167,0.485,1.542,5.286,1.718,2.819,30.26,L,SEA
8478407,Vince Dunn,D,D,20242025,SEA,False,62,11,28,137,29,79,25,79,22.079,8.029,0.482,1.227,6.005,1.271,3.463,30.26,L,SEA
8478407,Vince Dunn,D,D,20252026,SEA,False,81,11,33,179,27,86,29,88,21.662,6.145,0.376,1.128,6.121,0.923,2.941,30.26,L,SEA
8479576,Vincent Desharnais,D,D,20232024,EDM,False,78,1,10,41,135,122,14,42,15.728,2.439,0.049,0.489,2.005,6.603,5.967,30.68,R,WSH
8479576,Vincent Desharnais,D,D,20242025,VAN/PIT/SJS,True,51,0,3,28,87,83,3,40,15.919,0.0,0.0,0.222,2.069,6.43,6.134,30.68,R,WSH
8479576,Vincent Desharnais,D,D,20252026,SJS,False,53,1,6,34,103,83,10,50,18.177,2.941,0.062,0.374,2.118,6.415,5.169,30.68,R,WSH
8482861,Vincent Iorio,D,D,20232024,WSH,False,6,0,0,6,3,3,1,5,9.825,0.0,0.0,0.0,6.107,3.053,3.053,24.22,R,NYR
8482861,Vincent Iorio,D,D,20252026,SJS/NYR,True,27,0,3,15,15,39,7,26,15.737,0.0,0.0,0.424,2.118,2.118,5.507,24.22,R,NYR
8476389,Vincent Trocheck,C,F,20232024,NYR,False,82,25,52,215,175,86,50,36,21.455,11.628,0.853,1.773,7.332,5.968,2.933,33.56,R,UTA
8476389,Vincent Trocheck,C,F,20242025,NYR,False,82,26,33,202,214,78,33,95,21.099,12.871,0.902,1.144,7.005,7.421,2.705,33.56,R,UTA
8476389,Vincent Trocheck,C,F,20252026,NYR,False,67,16,37,114,193,49,27,80,20.551,14.035,0.697,1.612,4.968,8.41,2.135,33.56,R,UTA
8479968,Vinni Lettieri,C,F,20232024,MIN,False,46,5,4,47,53,27,6,7,9.586,10.638,0.68,0.544,6.395,7.212,3.674,31.99,R,TOR
8479968,Vinni Lettieri,C,F,20242025,BOS,False,26,3,2,52,60,16,10,6,13.518,5.769,0.512,0.341,8.877,10.243,2.731,31.99,R,TOR
8476994,Vinnie Hinostroza,C,F,20232024,PIT,False,14,1,2,27,11,7,7,0,9.75,3.704,0.44,0.879,11.868,4.835,3.077,32.83,R,COL
8476994,Vinnie Hinostroza,C,F,20242025,NSH/MIN,True,38,5,5,48,41,12,8,31,13.017,10.417,0.606,0.606,5.822,4.973,1.456,32.83,R,COL
8476994,Vinnie Hinostroza,C,F,20252026,MIN/FLA,True,65,6,12,65,41,27,19,49,10.938,9.231,0.506,1.013,5.485,3.46,2.279,32.83,R,COL
8475765,Vladimir Tarasenko,R,F,20232024,OTT/FLA,True,76,23,32,155,85,39,18,27,15.737,14.839,1.154,1.605,7.776,4.264,1.957,35.14,L,
8475765,Vladimir Tarasenko,R,F,20242025,DET,False,80,11,22,133,63,35,16,61,14.781,8.271,0.558,1.116,6.749,3.197,1.776,35.14,L,
8475765,Vladimir Tarasenko,R,F,20252026,MIN,False,75,23,24,148,60,33,12,65,14.938,15.541,1.232,1.285,7.926,3.213,1.767,35.14,L,
8478882,Vladislav Gavrikov,D,D,20232024,LAK,False,77,6,17,114,55,114,23,42,20.617,5.263,0.227,0.643,4.309,2.079,4.309,31.2,L,NYR
8478882,Vladislav Gavrikov,D,D,20242025,LAK,False,82,5,25,112,50,140,22,69,23.087,4.464,0.158,0.792,3.55,1.585,4.437,31.2,L,NYR
8478882,Vladislav Gavrikov,D,D,20252026,NYR,False,82,14,21,119,50,104,22,103,23.725,11.765,0.432,0.648,3.67,1.542,3.207,31.2,L,NYR
8481609,Vladislav Kolyachonok,D,D,20232024,ARI,False,5,1,3,5,4,6,1,0,12.473,20.0,0.962,2.886,4.81,3.848,5.772,25.69,L,NJD
8481609,Vladislav Kolyachonok,D,D,20242025,UTA/PIT,True,35,2,5,20,27,31,6,32,13.017,10.0,0.263,0.658,2.634,3.556,4.083,25.69,L,NJD
8481609,Vladislav Kolyachonok,D,D,20252026,DAL/BOS,True,13,1,2,12,5,13,3,4,12.541,8.333,0.368,0.736,4.416,1.84,4.784,25.69,L,NJD
8476480,Vladislav Namestnikov,C,F,20232024,WPG,False,78,11,26,95,92,45,16,17,14.465,11.579,0.585,1.383,5.052,4.892,2.393,34.19,L,WPG
8476480,Vladislav Namestnikov,C,F,20242025,WPG,False,78,11,27,94,84,49,15,38,15.091,11.702,0.561,1.376,4.791,4.282,2.498,34.19,L,WPG
8476480,Vladislav Namestnikov,C,F,20252026,WPG,False,60,8,6,76,76,37,10,46,13.777,10.526,0.581,0.436,5.516,5.516,2.686,34.19,L,WPG
8482652,Walker Duehr,R,F,20232024,CGY,False,40,2,5,29,67,13,3,8,8.117,6.897,0.37,0.924,5.359,12.381,2.402,29.19,R,WPG
8482652,Walker Duehr,R,F,20242025,CGY/SJS,True,24,2,1,15,49,15,0,12,8.803,13.333,0.568,0.284,4.26,13.916,4.26,29.19,R,WPG
8482652,Walker Duehr,R,F,20252026,WPG,False,3,0,0,2,10,2,2,1,9.5,0.0,0.0,0.0,4.211,21.053,4.211,29.19,R,WPG
8477998,Warren Foegele,L,F,20232024,EDM,False,82,20,21,201,89,32,40,36,13.976,9.95,1.047,1.099,10.523,4.66,1.675,30.84,L,OTT
8477998,Warren Foegele,L,F,20242025,LAK,False,82,24,22,199,74,40,33,67,16.169,12.06,1.086,0.996,9.005,3.349,1.81,30.84,L,OTT
8477998,Warren Foegele,L,F,20252026,LAK/OTT,True,68,13,4,105,74,19,14,67,13.775,12.381,0.833,0.256,6.726,4.74,1.217,30.84,L,OTT
8482157,Will Cuylle,L,F,20232024,NYR,False,81,13,8,119,249,26,13,18,11.126,10.924,0.866,0.533,7.923,16.578,1.731,24.99,L,NYR
8482157,Will Cuylle,L,F,20242025,NYR,False,82,20,25,152,301,50,9,48,15.077,13.158,0.971,1.213,7.377,14.608,2.427,24.99,L,NYR
8482157,Will Cuylle,L,F,20252026,NYR,False,82,20,18,157,302,68,9,56,16.857,12.739,0.868,0.781,6.815,13.109,2.952,24.99,L,NYR
8484227,Will Smith,C,F,20242025,SJS,False,74,18,27,127,13,16,13,73,15.853,14.173,0.921,1.381,6.495,0.665,0.818,21.88,R,SJS
8484227,Will Smith,C,F,20252026,SJS,False,69,24,35,166,16,12,14,83,18.183,14.458,1.148,1.674,7.939,0.765,0.574,21.88,R,SJS
8478840,William Borgen,D,D,20232024,SEA,False,82,3,22,97,195,111,16,19,17.588,3.093,0.125,0.915,4.035,8.113,4.618,30.12,R,BOS
8478840,William Borgen,D,D,20242025,SEA/NYR,True,84,5,10,81,122,117,22,73,17.082,6.173,0.209,0.418,3.387,5.101,4.892,30.12,R,BOS
8478840,William Borgen,D,D,20252026,NYR,False,75,5,10,69,111,99,17,58,18.042,7.246,0.222,0.443,3.06,4.922,4.39,30.12,R,BOS
8477478,William Carrier,L,F,20232024,VGK,False,39,6,2,65,90,16,11,8,11.171,9.231,0.826,0.275,8.952,12.395,2.204,32.12,L,CAR
8477478,William Carrier,L,F,20242025,CAR,False,43,4,7,48,156,12,11,19,11.732,8.333,0.476,0.833,5.709,18.554,1.427,32.12,L,CAR
8477478,William Carrier,L,F,20252026,CAR,False,70,7,11,80,172,18,15,19,10.754,8.75,0.558,0.877,6.376,13.709,1.435,32.12,L,CAR
8482667,William Eklund,L,F,20232024,SJS,False,80,16,29,128,39,72,24,23,18.662,12.5,0.643,1.165,5.144,1.567,2.894,24.31,L,OTT
8482667,William Eklund,L,F,20242025,SJS,False,77,17,41,151,54,46,15,75,19.553,11.258,0.677,1.634,6.018,2.152,1.833,24.31,L,OTT
8482667,William Eklund,L,F,20252026,SJS,False,78,15,38,176,72,51,18,66,18.541,8.523,0.622,1.577,7.302,2.987,2.116,24.31,L,OTT
8476448,William Karlsson,C,F,20232024,VGK,False,70,30,30,175,43,46,42,35,17.602,17.143,1.461,1.461,8.522,2.094,2.24,34.07,L,VGK
8476448,William Karlsson,C,F,20242025,VGK,False,53,9,20,119,20,37,14,50,17.014,7.563,0.599,1.331,7.918,1.331,2.462,34.07,L,VGK
8476448,William Karlsson,C,F,20252026,VGK,False,14,4,3,30,3,13,3,11,15.146,13.333,1.132,0.849,8.489,0.849,3.678,34.07,L,VGK
8478021,William Lagesson,D,D,20232024,TOR/ANA,True,40,0,4,19,76,58,4,23,14.798,0.0,0.0,0.405,1.926,7.704,5.879,30.94,L,DET
8478021,William Lagesson,D,D,20242025,DET,False,7,0,1,5,6,7,0,7,14.569,0.0,0.0,0.588,2.942,3.53,4.118,30.94,L,DET
8479367,William Lockwood,R,F,20232024,FLA,False,26,0,1,19,54,8,6,4,8.199,0.0,0.0,0.281,5.348,15.199,2.252,28.62,R,
8477939,William Nylander,R,F,20232024,TOR,False,82,40,58,316,32,29,68,45,19.914,12.658,1.47,2.131,11.611,1.176,1.066,30.75,R,TOR
8477939,William Nylander,R,F,20242025,TOR,False,82,45,39,253,14,27,28,79,19.51,17.787,1.688,1.463,9.489,0.525,1.013,30.75,R,TOR
8477939,William Nylander,R,F,20252026,TOR,False,65,30,49,156,13,26,31,68,19.416,19.231,1.426,2.33,7.417,0.618,1.236,30.75,R,TOR
8482740,Wyatt Johnston,C,F,20232024,DAL,False,82,32,33,216,52,42,39,31,17.002,14.815,1.377,1.42,9.296,2.238,1.808,23.72,R,DAL
8482740,Wyatt Johnston,C,F,20242025,DAL,False,82,33,38,202,45,47,29,57,18.926,16.337,1.276,1.469,7.81,1.74,1.817,23.72,R,DAL
8482740,Wyatt Johnston,C,F,20252026,DAL,False,82,45,41,206,56,55,23,62,20.123,21.845,1.636,1.491,7.491,2.036,2.0,23.72,R,DAL
8482176,Wyatt Kaiser,D,D,20232024,CHI,False,32,0,7,18,22,46,7,23,17.312,0.0,0.0,0.758,1.95,2.383,4.982,24.51,L,CHI
8482176,Wyatt Kaiser,D,D,20242025,CHI,False,57,4,4,66,54,93,23,60,18.117,6.061,0.232,0.232,3.835,3.138,5.403,24.51,L,CHI
8482176,Wyatt Kaiser,D,D,20252026,CHI,False,77,6,11,75,45,69,36,89,19.613,8.0,0.238,0.437,2.98,1.788,2.741,24.51,L,CHI
8478508,Yakov Trenin,C,F,20232024,NSH/COL,True,76,12,5,116,207,36,44,33,14.573,10.345,0.65,0.271,6.284,11.214,1.95,30.05,L,MIN
8478508,Yakov Trenin,C,F,20242025,MIN,False,76,7,8,85,241,32,12,51,12.516,8.235,0.442,0.505,5.362,15.202,2.018,30.05,L,MIN
8478508,Yakov Trenin,C,F,20252026,MIN,False,82,6,17,98,413,39,24,63,13.282,6.122,0.331,0.937,5.399,22.752,2.149,30.05,L,MIN
8482165,Yan Kuznetsov,D,D,20232024,CGY,False,1,0,0,2,0,1,0,1,11.967,0.0,0.0,0.0,10.028,0.0,5.014,24.9,L,CGY
8482165,Yan Kuznetsov,D,D,20252026,CGY,False,57,4,8,64,79,102,9,61,20.085,6.25,0.21,0.419,3.354,4.14,5.346,24.9,L,CGY
8476826,Yanni Gourde,C,F,20232024,SEA,False,80,11,22,156,156,52,62,25,17.448,7.051,0.473,0.946,6.706,6.706,2.235,35.13,L,TBL
8476826,Yanni Gourde,C,F,20242025,SEA/TBL,True,57,7,24,75,109,36,16,38,16.047,9.333,0.459,1.574,4.92,7.15,2.361,35.13,L,TBL
8476826,Yanni Gourde,C,F,20252026,TBL,False,82,9,19,114,115,31,26,77,16.366,7.895,0.402,0.849,5.097,5.142,1.386,35.13,L,TBL
8481068,Yegor Sharangovich,C,F,20232024,CGY,False,82,31,28,179,13,44,35,39,17.315,17.318,1.31,1.183,7.564,0.549,1.859,28.66,L,CGY
8481068,Yegor Sharangovich,C,F,20242025,CGY,False,73,17,15,128,14,31,17,51,16.658,13.281,0.839,0.74,6.316,0.691,1.53,28.66,L,CGY
8481068,Yegor Sharangovich,C,F,20252026,CGY,False,78,15,14,142,21,31,18,55,16.044,10.563,0.719,0.671,6.808,1.007,1.486,28.66,L,CGY
8481708,Zac Jones,D,D,20232024,NYR,False,31,2,7,42,22,23,15,8,14.628,4.762,0.265,0.926,5.557,2.911,3.043,26.29,L,UTA
8481708,Zac Jones,D,D,20242025,NYR,False,46,1,10,51,28,46,16,40,17.254,1.961,0.076,0.756,3.855,2.117,3.477,26.29,L,UTA
8479944,Zach Aston-Reese,L,F,20232024,DET,False,3,0,0,1,3,0,0,0,5.156,0.0,0.0,0.0,3.879,11.637,0.0,32.48,L,PHI
8479944,Zach Aston-Reese,L,F,20242025,CBJ,False,79,6,11,101,179,58,11,42,13.445,5.941,0.339,0.621,5.705,10.112,3.276,32.48,L,PHI
8479944,Zach Aston-Reese,L,F,20252026,CBJ,False,27,1,4,17,78,17,2,10,9.733,5.882,0.228,0.913,3.881,17.809,3.881,32.48,L,PHI
8484145,Zach Benson,L,F,20232024,BUF,False,71,11,19,98,35,35,31,20,14.517,11.224,0.64,1.106,5.705,2.037,2.037,21.73,L,BUF
8484145,Zach Benson,L,F,20242025,BUF,False,75,10,18,120,35,29,19,41,14.818,8.333,0.54,0.972,6.479,1.89,1.566,21.73,L,BUF
8484145,Zach Benson,L,F,20252026,BUF,False,65,13,30,116,40,22,25,46,15.888,11.207,0.755,1.743,6.739,2.324,1.278,21.73,L,BUF
8474567,Zach Bogosian,D,D,20232024,TBL/MIN,True,65,3,11,83,109,83,11,25,17.881,3.614,0.155,0.568,4.285,5.627,4.285,36.55,R,MIN
8474567,Zach Bogosian,D,D,20242025,MIN,False,81,4,12,79,81,80,22,68,15.807,5.063,0.187,0.562,3.702,3.796,3.749,36.55,R,MIN
8474567,Zach Bogosian,D,D,20252026,MIN,False,41,2,4,30,47,37,10,32,14.544,6.667,0.201,0.402,3.019,4.729,3.723,36.55,R,MIN
8475786,Zach Hyman,L,F,20232024,EDM,False,80,54,23,290,87,37,35,19,19.5,18.621,2.077,0.885,11.154,3.346,1.423,34.65,R,EDM
8475786,Zach Hyman,L,F,20242025,EDM,False,73,27,17,210,59,24,14,43,18.882,12.857,1.175,0.74,9.141,2.568,1.045,34.65,R,EDM
8475786,Zach Hyman,L,F,20252026,EDM,False,58,31,21,159,56,18,8,27,19.984,19.497,1.605,1.087,8.231,2.899,0.932,34.65,R,EDM
8484305,Zach Metsa,D,D,20252026,BUF,False,43,2,4,24,5,31,5,28,10.968,8.333,0.254,0.509,3.053,0.636,3.944,28.29,R,BUF
8470610,Zach Parise,L,F,20232024,COL,False,30,5,5,50,20,25,11,4,12.967,10.0,0.771,0.771,7.712,3.085,3.856,42.51,L,
8478460,Zach Werenski,D,D,20232024,CBJ,False,70,11,46,202,23,130,35,26,24.451,5.446,0.386,1.613,7.081,0.806,4.557,29.54,L,CBJ
8478460,Zach Werenski,D,D,20242025,CBJ,False,81,23,59,298,19,131,49,120,26.745,7.718,0.637,1.634,8.254,0.526,3.628,29.54,L,CBJ
8478460,Zach Werenski,D,D,20252026,CBJ,False,75,22,59,260,30,94,35,125,26.614,8.462,0.661,1.774,7.815,0.902,2.826,29.54,L,CBJ
8480727,Zach Whitecloud,D,D,20232024,VGK,False,61,2,12,51,129,105,18,23,17.583,3.922,0.112,0.671,2.853,7.216,5.874,30.18,R,CGY
8480727,Zach Whitecloud,D,D,20242025,VGK,False,74,4,9,72,117,103,14,74,17.511,5.556,0.185,0.417,3.334,5.417,4.769,30.18,R,CGY
8480727,Zach Whitecloud,D,D,20252026,VGK/CGY,True,78,2,15,67,124,140,15,73,20.317,2.985,0.076,0.568,2.537,4.695,5.301,30.18,R,CGY
8482737,Zachary Bolduc,R,F,20232024,STL,False,25,5,4,38,12,12,15,10,12.015,13.158,0.999,0.799,7.591,2.397,2.397,23.94,L,MTL
8482737,Zachary Bolduc,R,F,20242025,STL,False,72,19,17,120,108,36,17,59,12.806,15.833,1.236,1.106,7.809,7.028,2.343,23.94,L,MTL
8482737,Zachary Bolduc,R,F,20252026,MTL,False,78,12,18,101,170,43,18,66,13.631,11.881,0.677,1.016,5.7,9.594,2.427,23.94,L,MTL
8482742,Zachary L'Heureux,L,F,20242025,NSH,False,62,5,10,78,198,25,14,33,12.042,6.41,0.402,0.804,6.268,15.912,2.009,23.72,L,COL
8482742,Zachary L'Heureux,L,F,20252026,NSH,False,25,4,1,32,64,15,5,16,13.391,12.5,0.717,0.179,5.735,11.47,2.688,23.72,L,COL
8477482,Zachary Sanford,L,F,20232024,ARI/CHI,True,29,0,6,24,24,19,16,6,10.837,0.0,0.0,1.146,4.582,4.582,3.627,32.23,L,
8479772,Zack MacEwen,R,F,20232024,OTT,False,30,2,1,17,55,7,7,6,6.399,11.765,0.625,0.313,5.313,17.19,2.188,30.57,R,TOR
8479772,Zack MacEwen,R,F,20242025,OTT,False,21,2,1,26,49,7,3,7,7.761,7.692,0.736,0.368,9.572,18.039,2.577,30.57,R,TOR
8479772,Zack MacEwen,R,F,20252026,NJD,False,3,0,0,4,6,1,1,2,6.333,0.0,0.0,0.0,12.632,18.948,3.158,30.57,R,TOR
8482859,Zack Ostapchuk,C,F,20232024,OTT,False,7,0,0,5,13,6,4,1,10.498,0.0,0.0,0.0,4.082,10.614,4.899,23.68,L,SJS
8482859,Zack Ostapchuk,C,F,20242025,OTT/SJS,True,56,1,3,26,110,21,8,19,9.419,3.846,0.114,0.341,2.958,12.513,2.389,23.68,L,SJS
8482859,Zack Ostapchuk,C,F,20252026,SJS,False,59,4,3,44,140,29,8,20,10.095,9.091,0.403,0.302,4.432,14.103,2.921,23.68,L,SJS
8482947,Zakhar Bardakov,C,F,20252026,COL,False,60,1,9,35,50,22,7,27,7.204,2.857,0.139,1.249,4.858,6.941,3.054,25.94,L,COL
8484768,Zayne Parekh,D,D,20242025,CGY,False,1,1,0,2,1,1,0,1,20.517,50.0,2.924,0.0,5.849,2.924,2.924,20.96,R,CGY
8484768,Zayne Parekh,D,D,20252026,CGY,False,37,4,5,49,15,30,9,67,17.143,8.163,0.378,0.473,4.635,1.419,2.838,20.96,R,CGY
8484798,Zeev Buium,D,D,20252026,MIN/VAN,True,76,6,20,73,28,55,14,88,19.577,8.219,0.242,0.807,2.944,1.129,2.218,21.15,L,VAN
8476878,Zemgus Girgensons,C,F,20232024,BUF,False,63,8,6,73,141,36,9,5,11.85,10.959,0.643,0.482,5.867,11.332,2.893,33.07,L,TBL
8476878,Zemgus Girgensons,C,F,20242025,TBL,False,82,2,4,83,174,50,10,30,11.665,2.41,0.125,0.251,5.206,10.914,3.136,33.07,L,TBL
8476878,Zemgus Girgensons,C,F,20252026,TBL,False,74,9,11,89,195,44,6,42,14.768,10.112,0.494,0.604,4.886,10.706,2.416,33.07,L,TBL
